ticket_id,type,organization,comment,photo,photo_after,coords,address,subdistrict,district,province,timestamp,state,star,count_reopen,last_activity
2022-73FR4M,"{กีดขวาง,สะพาน}","เขตภาษีเจริญ,สำนักการระบายน้ำ กทม.,ผอ.เขตภาษีเจริญ (นางเยาวะสกุล),กลุ่มกรุงธนใต้ (นายเฉลิมพล โชตินุชิต)","ปัญหาสะพานเหล็กที่กีดขวางทางสัญจรหลักของช้าวบ้าน เมื่อครั้งมีการก่อสร้างเขื่อนริมคลองภาษีเจริญ ทีมก่อสร้างได้นำสะพานสูงชันมาติดตั้ง ทำให้ชาวบ้านไม่สามารถสัญจรผ่านไปมาด้วยมอเตอร์ไซค์ หรือ จักรยาน ได้อีก ผู้สูงอายุก็ไม่สามารถเดินข้ามได้ เพราะสะพานสูง และ ชันเกินไป ครั้งนั้นชาวบ้านรวมตัวร้องทุกข์ กับทีมก่อสร้างตั้งแต่ก่อนจะติดตั้งสะพานแล้วว่าติดแบบนี้ชาวบ้านจะสัญจรกันได้ยังไง พร้อมแจ้งเหตุผลข้างต้นไปให้ทราบแล้ว เห็นจุดอื่นติดตั้งเป็นสะพานเตี้ยที่รถมอเตอร์ไซค์ หรือ จักรยานสามารถผ่านได้เราขอให้ติดแบบนั้นแทนได้หรือไม่ เพราะว่าช่องว่างระหว่างสะพานห่างกันแค่ไม่ถึง 1 เมตร  แต่ทีมก่อสร้างยื่นยันต้องทำตามสเปคที่ได้มาเท่านั้นต้องติดเป็นสะพานกระไดสูงเท่านั้น เปลี่ยนไม่ได้ 

จึงสร้างความเดือดร้อนให้คนในชุมชนเรียบริมคลองภาษีเจริญนับแต่นั้นเป็นต้นมา เนื่องจากบ้านในซอยนี้เป็นที่ดินตาบอดรถยนต์เข้าไม่ถึง ชาวบ้านอาศัยสัญจรเข้าออกทางเดินเรียบริมคลองเล็กๆนี้ โดยใช้มอเตอร์ไซค์ จักรยาน และเดินเท้ากันเป็นหลัก ทำให้เกิดปัญหาทันทีเพราะไม่สามารถเข้าออกทางนี้ได้สะดวก

เมื่อเรียกร้องไม่เป็นผลชาวบ้านจึงต้องแก้ปัญหากันเองโดยการรวบรวมเงินซื้อแผ่นปูน และ ปูนซีเมนมาเท ทำทางเบี่ยงเล็กๆ เพื่อให้สามารถสัญจรเข้าออกกันได้สะดวก โดยมีสะพานเหล็กสีแดงตั้งตระหงาดอยู่มารว่มเป็นเวลาเกือบ 10 ปีแล้วที่ไม่เคยมีใครใช้งาน มีตั้งไว้เพื่อกีดขวางการสัญจรของชาวบ้านให้เข้าออกได้ไม่สะดวกเท่านั้น ชาวบ้านอยากจะขนของชิ้นใหญ่ก็ผ่านไม่ได้ หรือ ขนอุปกรณ์ซ่อมแซม/ก่อสร้างบ้าน ก็ไม่สามารถทำได้ เพราะทางเข้าแคบเกินไปติดสะพานเหล็กที่ตั้งขวางอยู่นี้ เดือดร้อนกันมาเนิ่นนาน

ต่ำแหน่ง : ซอยเพชรเกษม 23 , ขึ้นสะพานข้ามคลองมา เลี้ยววกเข้ามาใต้สะพาน จะเจอทางเดินเล็ก ๆเรียบริมคลอง ติดกำแพงเฮอริเทจคอนโด",https://storage.googleapis.com/traffy_public_bucket/attachment/2022-06/869d8426c730e1a69efc07a1eccbeef5a637d855.jpg,,"100.46410,13.72053",207/2 ซอย เพชรเกษม 21 แขวง ปากคลองภาษีเจริญ เขตภาษีเจริญ กรุงเทพมหานคร 10160 ประเทศไทย,ปากคลองภาษีเจริญ,ภาษีเจริญ,กรุงเทพมหานคร,2022-06-21 04:15:22.33968+00,เสร็จสิ้น,,0,2022-06-21 07:47:42.744845+00
9XNBU8,{ถนน},"เขตทวีวัฒนา,ฝ่ายเทศกิจ เขตทวีวัฒนา","ปัญหา: ภายในหมู่บ้านลัดดารมย์ ได้รับความเดือดร้อนจากกลิ่น ควัน จากการเผาไม่ทราบประเภท และไม่ทราบจุดที่เผาแน่ชัดแต่คาดว่ามาจากละแวกใกล้เคียงกับหมู่บ้าน
ถนน: ทวีวัฒนา-กาญจนาภิเษก
เขต: ทวีวัฒนา
#1555",https://storage.googleapis.com/traffy_public_bucket/attachment/2024-12/ea8e3648f767fa1b38eff2ddc796c0d1.jpg,https://storage.googleapis.com/traffy_public_bucket/attachment/2024-12/87ea437112999ba0cfbaf6091b199596.png,"100.36980,13.76488",125 ถนน เลียบคลองบางพรม แขวงทวีวัฒนา เขตทวีวัฒนา กรุงเทพมหานคร 10170 ประเทศไทย,ทวีวัฒนา,ทวีวัฒนา,จังหวัดกรุงเทพมหานคร,2024-12-24 15:57:44.471357+00,เสร็จสิ้น,,0,2024-12-25 13:30:01.223471+00
FLC3L6,"{ถนน,ต้นไม้}","เขตจตุจักร,ฝ่ายเทศกิจ เขตจตุจักร","ปัญหา: หน้าบ้านเลขที่ 4/53 พบมีการนำกระถางต้นไม้วางไว้หน้ารั้ว ปัจจุบันต้นไม้ได้เจริญเติบโตจนทำให้กิ่งไม้ยื่นล้ำออกมายังพื้นผิวจราจร ทำให้สัญจรไม่สะดวก
บ้านเลขที่: 4/53
ซอย: งามวงศ์วาน 59 แยก 3
ถนน: งามวงศ์วาน
จุดสังเกต: เข้าซอยแยกดังกล่าวมาประมาณ 150 เมตร อยู่ขวามือ
เขต: จตุจักร
#1555",https://storage.googleapis.com/traffy_public_bucket/attachment/2024-07/59ac2e6e3681c5681641059b60600bdc.jpg,https://storage.googleapis.com/traffy_public_bucket/attachment/2024-08/e14c23d8bc2b9a75ad4ef8cbbd5a816f.png,"100.56027,13.85155",4/53 ซอย งามวงศ์วาน 59 แยก 3 แขวงลาดยาว เขตจตุจักร กรุงเทพมหานคร 10900 ประเทศไทย,ลาดยาว,จตุจักร,จังหวัดกรุงเทพมหานคร,2024-07-01 04:45:06.084865+00,เสร็จสิ้น,,0,2024-08-13 03:59:13.341564+00
ZRXC6C,"{ถนน,สะพาน,คลอง}","เขตหลักสี่,เขตจตุจักร,ฝ่ายรักษาความสะอาดฯ เขตหลักสี่","ปัญหา :  ให้พนักงานทำความสะอาดบนสะพานลอย
พิกัดจุดสังเกต : สะพานลอยข้ามถนนงามวงค์วาน 47 หน้าอาคารเช่าชัยพิทีกษ์ ตรงป้ายรถเมล์ บนสะพานลอยมีป้ายบอกทางขาขึ้นพงเพชร-แคราย ข้างๆเรือนจำกลางคลองเปรม
บ้านเลขที่ :
ถนน : 47 ถนน งามวงศ์วาน
ซอย : งามวงศ์วาน 47
เขต : หลักสี่
แขวง :ทุ่งสองห้อง
#1555",https://storage.googleapis.com/traffy_public_bucket/attachment/2023-02/1676794826096.jpeg,https://storage.googleapis.com/traffy_public_bucket/attachment/2023-02/1676859174812.jpeg,"100.55546,13.84955",33 2 ถนน งามวงศ์วาน แขวงลาดยาว เขตจตุจักร กรุงเทพมหานคร 10900 ประเทศไทย,ลาดยาว,จตุจักร,จังหวัดกรุงเทพมหานคร,2023-02-19 08:20:28.549254+00,เสร็จสิ้น,,0,2023-02-20 02:12:56.702491+00
2024-B99DQV,{จราจร},"เขตบางกะปิ,สน.หัวหมาก,สำนักงานตำรวจแห่งชาติ (Royal Thai Police),กองบัญชาการตำรวจนครบาล (บช.น.),กองบังคับการตำรวจนครบาล 4 (บก.น.4)",ไม่ควรมีรถจอดข้างตลาดแบบนี้ กว่าจะเข้าซอยกรุงเทพกรีฑา 7 ได้ ต้องรอเลนที่ 2 จากปากซอยที่มาเบียดเข้าแล้ว ยังต้องมาเจอมอเตอร์ไซค์ที่จอดซื้อของที่ตลาดอีก ทำให้รถที่เลี้ยวเข้าซอยมา ต้องคอยหลบมอเตอร์ไซค์ที่จอด ที่เลื่อนรถเข้าออก ส่งผลให้รถติดยาว,https://storage.googleapis.com/traffy_public_bucket/attachment/2024-10/7295727261d3901cbc0ce6d7c1f83da096c9c121.jpg,,"100.65681,13.75059",2 ซอย กรุงเทพกรีฑา 7 แขวง หัวหมาก เขตบางกะปิ กรุงเทพมหานคร 10240 ประเทศไทย,หัวหมาก,บางกะปิ,กรุงเทพมหานคร,2024-10-30 12:20:32.960512+00,กำลังดำเนินการ,,0,2024-12-06 06:04:07.188637+00
2024-C4QMW3,"{ต้นไม้,กีดขวาง,ความปลอดภัย,ถนน,ความสะอาด}","เขตบางกะปิ,ฝ่ายโยธา เขตบางกะปิ","1.ปัญหาถนนทรุดเป็นหลุม บริเวณปากซอยลาดพร้าว 87 แยก 23 และทางเข้าซอย จะเป็นหลุมลงไปทำให้เวลาเลี้ยวเข้าออกจากซอย รถจะกระแทกค่อนข้างแรง ทำให้เป็นอันตรายและกีดขวางทางเข้าออก เนื่องจากรถต้องชะลอตัว 
2.บริเวณปากซอย 23 ถึง 29 ถนนเป็นหลุมเป็นบ่อ มีน้ำขังเวลาฝนตก 
3.ภายในซอยลาดพร้าว 87 แยก 23 มีที่รกร้าง ต้นไม้ขึ้นสูงและมีขยะสะสม 
รบกวนขอให้มาดำเนินการแก้ไขด้วยค่ะ",https://storage.googleapis.com/traffy_public_bucket/attachment/2024-08/3b379e66e5c1b577b84f68b0f02b854eae087f60.jpg,https://storage.googleapis.com/traffy_public_bucket/attachment/2024-08/157c20f7e2ea846a17da4e7de1741810.png,"100.61930,13.79981",22/62 ซอย ลาดพร้าว 87 แขวง คลองจั่น เขตบางกะปิ กรุงเทพมหานคร 10240 ประเทศไทย,คลองจั่น,บางกะปิ,กรุงเทพมหานคร,2024-08-22 08:26:51.939852+00,เสร็จสิ้น,5.0,0,2024-08-23 06:14:28.762231+00
2024-DARLCC,{},"เขตบางแค,เขตบางบอน,ฝ่ายเทศกิจ เขตบางแค,ฝ่ายเทศกิจ เขตบางบอน,กรมทางหลวงชนบท กระทรวงคมนาคม","มีร้านค้าอยู่ในที่รกร้าง ไม่แน่ใจว่าเจ้าของร้านเป็นเจ้าของที่ หรือเข้ามาเอง 
สถานที่ https://maps.app.goo.gl/6VK9BGrhRzA6eJFr5
เพิ่มเติม การขายของในที่แบบนี้ ทำให้ผู้ที่จะเลี้ยวเข้าหมู่บ้าน J grand ลำบาก",https://storage.googleapis.com/traffy_public_bucket/attachment/2024-05/3ee3ca8a328a97c8ab83265171ca9e9cb0e1b0ea.jpg,https://storage.googleapis.com/traffy_public_bucket/attachment/2024-05/c87c780d91b25c816417c2b9dc917952.png,"100.43181,13.68852",31/1 ซอย เอกชัย 46 คลองบางพราน เขตบางบอน กรุงเทพมหานคร 10150 ประเทศไทย,คลองบางพราน,บางบอน,กรุงเทพมหานคร,2024-05-16 02:39:10.439953+00,เสร็จสิ้น,5.0,0,2024-05-17 05:25:03.369737+00
2024-E88U8P,{},"เขตพญาไท,สน.พญาไท,สำนักงานตำรวจแห่งชาติ (Royal Thai Police),กองบัญชาการตำรวจนครบาล (บช.น.),กองบังคับการตำรวจนครบาล 1 (บก.น.1)",ปัญหาเดิมๆ ยังไม่ได้รับการแก้ไขอย่างจริงจัง ท้าทายการปฏิบัติหน้าที่ของผู้รักษากฏหมายอย่างมาก,https://storage.googleapis.com/traffy_public_bucket/attachment/2024-09/78a841c511bf0aaaed44624978a501bb12e8044d.jpg,https://storage.googleapis.com/traffy_public_bucket/attachment/2024-09/fc444bf09cf7b20a8058138638e9205c.jpg,"100.53819,13.76907",149 ถ. พหลโยธิน แขวง สามเสนใน เขตพญาไท กรุงเทพมหานคร 10400 ประเทศไทย,สามเสนใน,พญาไท,กรุงเทพมหานคร,2024-09-28 05:53:39.09932+00,เสร็จสิ้น,,0,2024-09-30 07:25:34.777428+00
2022-CRCHTX,{ถนน},"เขตราชเทวี,สำนักการโยธา กทม.,ฝ่ายเทศกิจ เขตพญาไท,ฝ่ายเทศกิจ เขตราชเทวี,ผอ.เขตราชเทวี (นายกรณิศ),กลุ่มกรุงเทพกลาง (นายสุขสันต์ กิตติศุภกร),ศูนย์ก่อสร้างและบูรณะถนน 3 ส่วนก่อสร้างและบูรณะ 2 สำนักงานก่อสร้างและบูรณะ (สกบ.สนย.)","1.ทางเดินเท้าด้านหน้าอาคาร ไม่มีเสากั้นทำให้มี รถมอเตอร์ไซค์ สัญจรตลอด

2. ไอดิโอ คิว วิคตอรี่  9 ถนน พญาไท แขวงถนนพญาไท เขตราชเทวี 10400",https://storage.googleapis.com/traffy_public_bucket/attachment/2022-08/0f7128322c8f591a798f55ad715ffa2b75bcf2b5.jpg,https://storage.googleapis.com/traffy_public_bucket/attachment/2022-12/5eac795354da544b47140c6a92f418d5c7df4b0d.jpg,"100.53699,13.76176",19/1 ถ. พญาไท แขวง ถนนพญาไท เขตราชเทวี กรุงเทพมหานคร 10400 ประเทศไทย,ถนนพญาไท,ราชเทวี,กรุงเทพมหานคร,2022-08-03 07:51:38.584573+00,เสร็จสิ้น,,1,2022-12-21 07:41:20.098451+00
2023-9Q6LBT,{ความสะอาด},"เขตวัฒนา,ฝ่ายรักษาความสะอาดฯ เขตวัฒนา",อยากเสนอให้มีคอกทิ้งขยะในบริเวณนี้ ตอนนี้ทิ้งขยะกันแบบไม่มีระเบียบเลย,https://storage.googleapis.com/traffy_public_bucket/attachment/2023-12/db779c528e4ace4598ce90537ec7a755147f4035.jpg,https://storage.googleapis.com/traffy_public_bucket/attachment/2023-12/1703588842438.jpeg,"100.57016,13.73030",667 แขวง คลองตันเหนือ เขตวัฒนา กรุงเทพมหานคร 10110 ประเทศไทย,คลองตันเหนือ,วัฒนา,กรุงเทพมหานคร,2023-12-25 12:51:51.15676+00,เสร็จสิ้น,5.0,0,2023-12-26 11:07:23.47802+00
2024-9ZLZVR,{ทางเท้า},"เขตจตุจักร,กรมทางหลวง,สำนักการจราจรและขนส่ง กรุงเทพมหานคร (สจส. กทม.),สำนักการโยธา กทม.",คอบทางเท้าสีหลุดลอกออกหมดช่วยส่งเจ้าหน้าที่ดำเนินการปรับปรุงทาสีใหม่ให้เรียบร้อยครับ,https://storage.googleapis.com/traffy_public_bucket/attachment/2024-08/079c4ebeb6b78e6c968dfdbfcad525aa86fd29d5.jpg,,"100.55874,13.84923",88/9 ถนน งามวงศ์วาน ตำบลบางเขน อำเภอเมืองนนทบุรี นนทบุรี 11000 ประเทศไทย,ลาดยาว,จตุจักร,กรุงเทพมหานคร,2024-08-31 09:34:32.747378+00,กำลังดำเนินการ,,0,2024-09-02 03:05:32.649498+00
2023-CCGUCU,{แสงสว่าง},"เขตจตุจักร,สำนักการโยธา กทม.,สำนักงานก่อสร้างและบูรณะ สำนักการโยธา (สกบ.สนย.) กทม.,ศูนย์เครื่องมือกล ส่วนก่อสร้างและบูรณะ 2 สำนักงานก่อสร้างและบูรณะ (สกบ.สนย.),Bangkok Smart Lighting (สำนักการโยธา กทม.)",ไฟฟ้าส่องสว่าง ดับ,https://storage.googleapis.com/traffy_public_bucket/attachment/2023-12/5d717f572856794b66b536ca71dac6fe5bde672a.jpg,https://storage.googleapis.com/traffy_public_bucket/attachment/2024-12/6a8c40a4159066531a0ecac3331fba35.png,"100.56794,13.82709",1821 1-2 ถ. พหลโยธิน แขวง ลาดยาว เขตจตุจักร กรุงเทพมหานคร 10900 ประเทศไทย,จตุจักร,จตุจักร,กรุงเทพมหานคร,2023-12-17 16:22:57.579576+00,เสร็จสิ้น,,0,2024-12-09 04:40:30.321445+00
2022-LFF9Z2,{ทางเท้า},"เขตบางพลัด,สำนักการโยธา กทม.,บริษัท โทรคมนาคมแห่งชาติ จำกัด (มหาชน)",ปัญหาทางเดินเท้าแถวๆ จรัญสนิทวงศ์ ซอย 68-66/3,https://storage.googleapis.com/traffy_public_bucket/attachment/2022-07/8bf75fde4789d94f4eb901ad2b50cce5f6410e2a.jpg,https://storage.googleapis.com/traffy_public_bucket/attachment/2024-04/b2d465c1167fc50434ff9f8b1ceba2bb.jpg,"100.49839,13.78676",178 Charan s.Sanitwong 66/3 แขวง บางพลัด เขตบางพลัด กรุงเทพมหานคร 10700 ประเทศไทย,บางพลัด,บางพลัด,กรุงเทพมหานคร,2022-07-03 12:20:12.895023+00,เสร็จสิ้น,,0,2024-04-03 10:24:00.008014+00
PEYEDM,"{คลอง,สะพาน,เสียงรบกวน,ถนน}","เขตภาษีเจริญ,สน.ภาษีเจริญ,สำนักงานตำรวจแห่งชาติ (Royal Thai Police),กองบัญชาการตำรวจนครบาล (บช.น.),กองบังคับการตำรวจนครบาล 9 (บก.น.9)","ปัญหา: ภายในซอยดังกล่าว บริเวณห้องพักคนงานของบริษัท วิคตอรี่ เวิลด์ วิคกรุ๊ป (บริเวณห้องแรกและห้องสุดท้าย) มักมีการมั่วสุมดื่มสุราในวันเสาร์กับวันอาทิตย์ช่วงเช้ามืด และได้ยินเสียงเด็กหวีดร้องส่งเสียงดังในวันจันทร์-ศุกร์ เวลาประมาณ 15.00 น. ทำให้สร้างความเดือดร้อนรำคาญแก่ผู้ที่พักอาศัยในบริเวณใกล้เคียง ทั้งนี้ประชาชนต้องการให้เจ้าหน้าที่ลงพื้นที่ตรวจสอบในช่วงเวลาประมาณ 17.00 น. -20.00 น. เนื่องจากจะมีคนอยู่ในช่วงเวลาดังกล่าว เพื่อจะได้เข้ามาพูดคุยตักเตือน

อ้างอิงเลขที่รับแจ้ง CAWPKW เจ้าหน้าที่ตอบกลับมาเมื่อวันที่ 3 ธ.ค. 67 แจ้งว่า ดำเนินการช่วยเหลือเรียบร้อย

ผู้ร้องแจ้งว่า เมื่อเจ้าหน้าที่เข้ามาตรวจสอบผู้ก่อเหตุมักจะหยุดส่งเสียงรบกวน แต่เมื่อเจ้าหน้าที่กลับไปแล้วก็จะมีเสียงดังรบกวนเหมือนเดิม ต้องการให้เจ้าหน้าที่เข้าไปแจ้งกับเจ้าของห้องพักเพื่อให้ไปดูแลตักเตือนผู้ก่อเหตุด้วย และขอให้เจ้าหน้าที่เพิ่มมาตรการให้มากกว่านี้ เนื่องจากปัจจุบันยังเกิดปัญหาเดิมอยู่เป็นประจำตั้งแต่เวลาประมาณ 15.00 น. เป็นต้นไป
ซอย: เพชรเกษม 42 แยก 1
ถนน: เพชรเกษม
จุดสังเกต: สามารถเข้ามาได้จาก 2 ทางดังนี้
ทางเข้าที่ 1 จากแยกดังกล่าวตรงไปแล้วเลี้ยวซ้าย วิ่งตรงไปแล้วเลี้ยวขวา เมื่อลงจากสะพานสูงข้ามคลอง จะพบสี่แยกเอเชียเพรส จากนั้นผ่านบริษัท SPB ไปจนถึงห้องพักคนงานที่อยู่ภายในแนวกำแพงของบริษัท วิคตอรี่ เวิลด์ วิคกรุ๊ป

ทางเข้าที่ 2 จากซอย เพชรเกษม 48 แยก 4-7 ผ่านโรงเรียนบางจากโกมลประเสริฐ จนถึงคูคลองแล้วเลี้ยวซ้าย จะอยู่บริเวณสะพานที่ 2 (สะพานเหล็กที่มีประตู) อยู่ขวามือ ซึ่งจะพบห้องพักคนงานอยู่ข้างใน
เขต: ภาษีเจริญ
#1555",https://storage.googleapis.com/traffy_public_bucket/attachment/2024-12/d9ad0746475896429e490f60efcad161.jpg,https://storage.googleapis.com/traffy_public_bucket/attachment/2024-12/4fff16b5aa47df364f143f6f1a2b8955.png,"100.44525,13.72629",614 ซอย เพชรเกษม 48 แยก 4-7 แขวงบางด้วน เขตภาษีเจริญ กรุงเทพมหานคร 10160 ประเทศไทย,บางด้วน,ภาษีเจริญ,จังหวัดกรุงเทพมหานคร,2024-12-04 13:13:54.094636+00,เสร็จสิ้น,,0,2024-12-07 12:03:03.579479+00
2022-CXATXU,{ความปลอดภัย},"เขตวังทองหลาง,สำนักงาน กสทช. (ศูนย์รับแจ้งปัญหา 1200),การไฟฟ้านครหลวง เขตนวลจันทร์,การไฟฟ้านครหลวง MEA,ผอ.เขตวังทองหลาง (นายโครงการ),กลุ่มกรุงเทพกลาง (นายสุขสันต์ กิตติศุภกร)","ไม้คานพาดสายสัญญาณ
ที่เสาไฟฟ้า ผุ กำลังจะหล่น
กลัวหล่นมาขณะคนหรือรถ
สัญจร จะอันตรายมากครับ
เคยติดต่อ การไฟฟ้า
แต่เขาบอกไม่ใช่ของเขา
เลยไม่รู้จะแจ้งใครครับ
พิกัด ซอยลาดพร้าว 63
แยก 8 เข้ามา 100เมตร
ฝั่งซ้ายมือ",https://storage.googleapis.com/traffy_public_bucket/attachment/2022-06/3c95a7358eeed68b762e64742cf7fae09bbbd2a9.jpg,,"100.60346,13.79156",302 ซอย ลาดพร้าว 63 แยก 8 แขวง สะพานสอง เขตวังทองหลาง กรุงเทพมหานคร 10310 ประเทศไทย,สะพานสอง,วังทองหลาง,กรุงเทพมหานคร,2022-06-05 15:12:33.973023+00,กำลังดำเนินการ,,0,2023-02-08 14:52:21.335918+00
2023-NDGVRV,{},"เขตบางคอแหลม,ฝ่ายโยธา เขตบางคอแหลม",ซอยเจริญราษฎร7 แยก31 เยื้องบ้าน 675 นับเสาจากปากซอย เสาที่ 3,https://storage.googleapis.com/traffy_public_bucket/attachment/2023-10/21419caf92c7a32cadfffe67304bb3bbfe95bb11.jpg,https://storage.googleapis.com/traffy_public_bucket/attachment/2023-10/1697948775308.jpeg,"100.51926,13.68991",675 ถ. พระรามที่ 3 แขวงบางโคล่ เขตบางคอแหลม กรุงเทพมหานคร 10120 ประเทศไทย,บางโคล่,บางคอแหลม,กรุงเทพมหานคร,2023-10-20 06:06:24.607204+00,เสร็จสิ้น,5.0,0,2023-10-22 04:26:17.167558+00
2023-BXCR9H,"{กีดขวาง,จราจร}","เขตสะพานสูง,สน.บางชัน,สำนักงานตำรวจแห่งชาติ (Royal Thai Police),กองบัญชาการตำรวจนครบาล (บช.น.),กองบังคับการตำรวจนครบาล 4 (บก.น.4)",นำเบริเออร์มาตั้งกีดขวางจุดกลับรถทำให้รถติดสิ้นเปลืองเวลาและเชื้อเพลิงมากครับ รถตีวงเลี้ยวไม่พ้นเบริเออร์ทำให้ต้องถอยตั้งลำใหม่ทำให้ติดขัดอย่างหนัก,https://storage.googleapis.com/traffy_public_bucket/attachment/2023-09/32458125e98e66394e2736e2dc8a47ff414d495e.jpg,https://storage.googleapis.com/traffy_public_bucket/attachment/2024-01/1704872979092.jpeg,"100.68721,13.78408",164/24-25 หมู่ที่ 3 ถนนรามคำแหง แขวงสะพานสูง เขตสะพานสูง กรุงเทพมหานคร 10240 แขวงราษฎร์พัฒนา เขตสะพานสูง กรุงเทพมหานคร 10240 ประเทศไทย,ราษฎร์พัฒนา,สะพานสูง,กรุงเทพมหานคร,2023-09-26 02:51:33.928875+00,เสร็จสิ้น,,0,2024-01-10 07:49:40.28778+00
2024-AHK494,{กีดขวาง},"เขตสาทร,ฝ่ายเทศกิจ เขตสาทร","เรียนท่านผู้ว่าก.ท.ม
ตรงปากซอยจันทร์18/8มีรถจักรยานยนต์ขี่จอดบนทางเท้าทะเบียนรถ5กศกรุงเทพมหานคร7306ช่วงเวลา20:00น.วันที่25/2/67เขตสาทร",https://storage.googleapis.com/traffy_public_bucket/attachment/2024-02/0a02d915f97f80652b4bf5fd0a29bc672e6e61b8.jpg,https://storage.googleapis.com/traffy_public_bucket/attachment/2024-02/1709004624031.jpeg,"100.52681,13.70617",1643/18 ถนนจันทน์ แขวง ทุ่งวัดดอน เขต สาทร กรุงเทพมหานคร 10120 ประเทศไทย,ยานนาวา,สาทร,กรุงเทพมหานคร,2024-02-25 13:21:02.312419+00,เสร็จสิ้น,,0,2024-02-27 03:30:25.49398+00
2024-KF8XPR,{},"เขตวัฒนา,ฝ่ายโยธา เขตวัฒนา","มีหลุมที่ซอยสุขุมวิท 25 ครับ
ในซอยมีเด็กญี่ปุ่นวิ่งเล่นตลอด กลัวขาจะเข้าไปติดครับ",https://storage.googleapis.com/traffy_public_bucket/attachment/2024-12/0c90b6ebb17e0a48ec698eb3d6a1f5484240bebd.jpg,https://storage.googleapis.com/traffy_public_bucket/attachment/2024-12/3adbfa8b7f26c84a1b28db450ee30c46.png,"100.56358,13.73601",7 ถ. สุขุมวิท แขวงคลองเตยเหนือ เขตวัฒนา กรุงเทพมหานคร 10110 ประเทศไทย,คลองเตยเหนือ,วัฒนา,กรุงเทพมหานคร,2024-12-27 05:06:31.410068+00,เสร็จสิ้น,5.0,0,2024-12-27 11:25:48.699461+00
2023-NDRR2M,"{เสียงรบกวน,ร้องเรียน}","เขตบึงกุ่ม,ฝ่ายเทศกิจ เขตบึงกุ่ม",เหตุเดือดร้อนรำคาญจากข้างบ้านเสียงดังยามวิกาล และยามกลางวัน เป็นแหล่งซ่องสุมของเยาวชน ดูดบุหรี่,https://storage.googleapis.com/traffy_public_bucket/attachment/2023-11/75acb3becd86f6dcd41e8da7254e956ae3b58ded.jpg,https://storage.googleapis.com/traffy_public_bucket/attachment/2023-11/1699842242370.jpeg,"100.64682,13.79928",10 140 ซอย นวมินทร์ 93 แขวงนวมินทร์ เขตบึงกุ่ม กรุงเทพมหานคร 10240 ประเทศไทย,นวมินทร์,บึงกุ่ม,กรุงเทพมหานคร,2023-11-11 19:58:57.337297+00,เสร็จสิ้น,,0,2023-11-13 02:24:04.024807+00
2022-HTU4FZ,{สะพาน},"เขตวัฒนา,สำนักการโยธา กทม.,ฝ่ายโยธา เขตวัฒนา,ผอ.เขตวัฒนา (น.ส.สุชิรา),กลุ่มกรุงเทพใต้ (นายชาตรี วัฒนเขจร),สำนักงานก่อสร้างและบูรณะ สำนักการโยธา (สกบ.สนย.) กทม.,ศูนย์เครื่องมือกล ส่วนก่อสร้างและบูรณะ 1 สำนักงานก่อสร้างและบูรณะ (สกบ.สนย.)",ไฟตรงสะพานขาเข้าเพชรบุรี เข้าเอกมัยไม่สว่าง,https://storage.googleapis.com/traffy_public_bucket/attachment/2022-06/4bcf8dd8c6fea5e0ea853cbfd8fd26f80b1814fa.jpg,https://storage.googleapis.com/traffy_public_bucket/attachment/2023-02/1676356823553.jpeg,"100.59084,13.74179",ซอย เอกมัย 30 แยก 1 สุขุมวิท ซ. 63 แขวง คลองตันเหนือ เขตวัฒนา กรุงเทพมหานคร 10110 ประเทศไทย,คลองตันเหนือ,วัฒนา,กรุงเทพมหานคร,2022-06-27 12:33:52.142886+00,เสร็จสิ้น,5.0,0,2023-02-14 06:40:24.929046+00
2023-BMA8RK,"{ถนน,PM2.5}",เขตวังทองหลาง,"ผู้รับเหมาทำการรื้อถอนเสาประตูหน้าบ้าน โดยการสะกัดปูน แต่ไม่มีอุปกรณ์Protection ทำให้เศษปูน และฝุ่นกระเด็นมาเข้าตาผู้สัญจรผ่านไป-มา

โดยถนนเส้นนี้อยู่ซอยลาดพร้าว81 ทะลุไปเส้นเลียบด่วนรามอินทราได้
ทำให้มีประชาชนใช้ถนนกันค่อนข้างเยอะ 

แต่ผู้รับเหมากลับไม่มีอุปกรณ์ Protection ใดๆเลย",https://storage.googleapis.com/traffy_public_bucket/attachment/2023-08/ff02934e1aa51581061858f12de06eeb5f96f436.jpg,https://storage.googleapis.com/traffy_public_bucket/attachment/2023-08/1692343092920.jpeg,"100.61218,13.78791",116/1 ซอย ลาดพร้าว 81 แขวงคลองเจ้าคุณสิงห์ เขตวังทองหลาง กรุงเทพมหานคร 10310 ประเทศไทย,คลองเจ้าคุณสิงห์,วังทองหลาง,กรุงเทพมหานคร,2023-08-12 08:15:29.301289+00,เสร็จสิ้น,5.0,0,2023-08-18 07:18:14.314023+00
FY3MC9,{ถนน},"เขตพระนคร,สำนักงานเลขานุการผู้ว่าราชการกรุงเทพมหานคร (บัญชีทางการ)","ปัญหา: ประชาชนอยากให้ ก.ท.ม. ปิดโรงงาน ที่ผลิตกระดาษกงเต็ก เพราะได้รับความเดือดร้อนมาก
ถนน: ดินสอ
จุดสังเกต: ศาลาว่าการ กทม
เขต: พระนคร
#1555",https://storage.googleapis.com/traffy_public_bucket/attachment/2023-09/1694218123212.jpeg,https://storage.googleapis.com/traffy_public_bucket/attachment/2023-09/1694302324282.jpeg,"100.50180,13.75388",173 ถนน ดินสอ แขวงเสาชิงช้า เขตพระนคร กรุงเทพมหานคร 10200 ประเทศไทย,เสาชิงช้า,พระนคร,จังหวัดกรุงเทพมหานคร,2023-09-09 00:08:44.637167+00,เสร็จสิ้น,,0,2023-09-09 23:32:05.611869+00
2024-L92TL4,"{ร้องเรียน,ท่อระบายน้ำ}","เขตทวีวัฒนา,ฝ่ายโยธา เขตทวีวัฒนา",แจ้งเรื่องฝาท่อระบายน้ำชำรุด,https://storage.googleapis.com/traffy_public_bucket/attachment/2024-04/998c29a8dfed94a2384ff38ef6cddc4fcbfc2f75.jpg,https://storage.googleapis.com/traffy_public_bucket/attachment/2024-05/074e55a0ec51d7c613aa401796117a5b.png,"100.33368,13.79079",12/113 ซอย ทวีวัฒนา 39 แขวงศาลาธรรมสพน์ เขตทวีวัฒนา กรุงเทพมหานคร 73170 ประเทศไทย,ศาลาธรรมสพน์,ทวีวัฒนา,กรุงเทพมหานคร,2024-04-25 03:17:32.263722+00,เสร็จสิ้น,5.0,0,2024-05-20 09:24:14.189838+00
2024-FYZC2D,"{คลอง,สะพาน,ถนน}","สำนักงานเขตบางขุนเทียน,เขตบางขุนเทียน,สำนักการโยธา กทม.,สำนักงานก่อสร้างและบูรณะ สำนักการโยธา (สกบ.สนย.) กทม.,ศูนย์ก่อสร้างและบูรณะถนน 2 ส่วนก่อสร้างและบูรณะ 2 สำนักงานก่อสร้างและบูรณะ (สกบ.สนย.)","เรียนท่านผู้ว่าชัชชาติ
ผมอยู่เขตบางขุนเทียนปรกติชอบปั่นจักรยาน
ผมไปปั่นแถวสะพานรักทะเลบ่อยบ่อย
ช่วงนี้มีข่าว  ที่ชาวบ้านพูดกันว่าจะมีการขยายสะพานรักทะเลให้กว้างขึ้น(บ้างก็ว่าจะมีการทำสะพานใหม่ให้ใหญ่กว่าเดิมเพื่อให้รถยนต์วิ่งข้ามคลองพิทยาลงกรณ์ไปได้..และจะขยายถนนและสร้างสะพานด้านในอีกสะพาน  ให้ใหญ่เพื่อให้รถยนต์วิ่งไปถึงทะเล
ผมอยากจะเล่าให้ฟังว่าในอดีตก่อนท่านจะมาเป็นผู้ว่ามีนายทุนที่รวบรวมที่ฝั่งตรงข้ามพยายามจะทำสะพานข้ามคลองพิทยาลงกรณ์แต่ผู้ใหญ่ท่านไม่เห็นด้วยอยากจะเก็บพื้นที่ฝั่งตรงข้ามใว้เป็นพื้นที่สีเขียว(ถ้าเรานั่งเรือจะเห็นบางช่วงปักเสาสะพานใว้แล้วแต่ไม่ได้รับอนุญาติให้สร้าง
จนมาถึงท่านผ.อ.เขตชื่ออะไรผมจำไม่ได้ ท่านมีวิสัยทัศน์ดีมาก...ท่านพัฒนาพื้นที่อนุรักษ์นี้ควบคู่ไปกับการพัฒนาให้เป็นแหล่งท่องเที่ยวโดยท่านทำสะพานรักทะเลข้ามคลองพิทยาลงกรณ์   โดยให้มีความกว้างไม่มากพอที่รถยนต์จะข้ามได้
ได้   แต่จักรยาน -มอเตอร์ไซข้ามได้
ถนนและสะพานข้างในก็ให้มีขนาดพอสำหรับจักรยานกับมอเตอร์ไซ   แล้วก็หาแนวร่วมเอกชนปลูกป่าจริงและก็ปลูกป่าในใจคนควบคู่กันไป....ผลมีความร่วมมือมากมาย...สภาพชายทะเลดีขึ้นมาก ผู้คน นักท่องเที่ยวมากันมากมาย   เศรษฐกิจระดับชาวบ้านหมุนเวียน,...
ทุกอย่างมาถูกทางดีแล้ว...
ทำไมถึงจะต้องทำสะพาน  ถนน  สะพาน  เพื่อให้รถยนต์เข้าไปได้....ช่าวว่ามีการกว้านซื้อที่ดินดักทางกันใว้แล้ว  ผมเองข้อนั้นไม่ว่าเค้า  แต่ขอทราบว่าเรื่องการทำสะพาน ถนน สะพานเพื่อให้รถยนต์เข้าไปถึงทะเลจรืงรึไม่
ในฐานะที่ผมเลือกท่านมาผมรู้สึกเสียใจมากถ้าสมัยท่านได้เปลี่ยนบางขุนเทียนชายทะเลเป็นแบบนั้น....
ถ้าท่านจะทำ  สิ่งที่เกิดประโยชน์กับชาวบางขุนเทียน   .และผู้คนที่มาเที่ยว...ท่านหางบมาทำถนนชายทะเลบางขุนเทีบนให้เป็น4เลนมาจนถึงสามแยกปูจะดีกว่า






ปได้",https://storage.googleapis.com/traffy_public_bucket/attachment/2024-01/49cc09413d94a63aac5bd0f706d1f7b5c60e4b84.jpg,,"100.42250,13.52732",สะพานรักษ์ทะเลบางขุนเทียน 173 ถ. บางขุนเทียน แขวงท่าข้าม เขตบางขุนเทียน กรุงเทพมหานคร 10150 ประเทศไทย,ท่าข้าม,บางขุนเทียน,กรุงเทพมหานคร,2024-01-19 10:34:15.329829+00,กำลังดำเนินการ,,0,2024-01-22 05:26:25.823389+00
2022-3E9R9K,{ทางเท้า},"เขตราชเทวี,สำนักการจราจรและขนส่ง กรุงเทพมหานคร (สจส. กทม.),สำนักการโยธา กทม.,ศูนย์ก่อสร้างและบูรณะถนน 3 ส่วนก่อสร้างและบูรณะ 2 สำนักงานก่อสร้างและบูรณะ (สกบ.สนย.)",ทางเท้าไม่เรียบ,https://storage.googleapis.com/traffy_public_bucket/attachment/2022-12/57561c93190db2e2ea25962367b2dd92474277dd.jpg,,"100.56220,13.74888",1624/2 Suthi Building ถนน เพชรบุรีตัดใหม่ แขวง มักกะสัน เขตราชเทวี กรุงเทพมหานคร 10400 ประเทศไทย,มักกะสัน,ราชเทวี,กรุงเทพมหานคร,2022-12-05 06:37:32.886353+00,กำลังดำเนินการ,,0,2023-04-01 02:05:55.07254+00
2024-KLZBXQ,{กีดขวาง},"เขตคันนายาว,ฝ่ายเทศกิจ เขตคันนายาว",ซากรถ จอดกีดขวางการจราจร ตรงซอย สวนสยาม 16 ปากทาง แยก 2,https://storage.googleapis.com/traffy_public_bucket/attachment/2024-04/d623ea08e403c99b2291b2cede34a541a8497b9f.jpg,https://storage.googleapis.com/traffy_public_bucket/attachment/2024-04/ecfa0564cea719a5abd948b26555d97e.png,"100.68954,13.80900",ซอย สวนสยาม 16 แยก 2 ถ. สวนสยาม แขวงคันนายาว เขตคันนายาว กรุงเทพมหานคร 10230 ประเทศไทย,คันนายาว,คันนายาว,กรุงเทพมหานคร,2024-04-01 01:22:46.492987+00,เสร็จสิ้น,,0,2024-04-02 03:14:26.917825+00
2024-G6Q8PP,{ท่อระบายน้ำ},"เขตภาษีเจริญ,ฝ่ายโยธา เขตภาษีเจริญ",ฝาท่อชำรุด,https://storage.googleapis.com/traffy_public_bucket/attachment/2024-05/dbc433e750127a391b1d387bdd4fb4a784dd2fca.jpg,https://storage.googleapis.com/traffy_public_bucket/attachment/2024-10/0b77ee151c7e33c13ca34b90d7ff2a4f.jpg,"100.43665,13.71346",2 ซอย เพชรเกษม 54 แขวงบางหว้า เขตภาษีเจริญ กรุงเทพมหานคร 10160 ประเทศไทย,บางหว้า,ภาษีเจริญ,กรุงเทพมหานคร,2024-05-06 11:49:44.369901+00,เสร็จสิ้น,,0,2024-10-07 02:39:40.501749+00
2024-NPRWUU,{กีดขวาง},"เขตสาทร,ฝ่ายเทศกิจ เขตสาทร","เรียนท่านผู้ว่าก.ท.ม
ปากซอยจันทร์18/7แยก3มีรถยนต์ขับขี่จอดบนทางเท้าทะเบียนรถ3ฒฆ674กรุงเทพมหานครช่วงเวลา11:50น.วันที่13/11/67เขตสาทร",https://storage.googleapis.com/traffy_public_bucket/attachment/2024-11/a905810d1a7e3e338757b5184555d7933c200b67.jpg,https://storage.googleapis.com/traffy_public_bucket/attachment/2024-11/9a462b3136b7d659b81de9a4dc9d2e99.png,"100.52672,13.70849",33/9 ซอย จันทน์ 18/7 แยก 3 แขวงทุ่งวัดดอน เขตสาทร กรุงเทพมหานคร 10120 ประเทศไทย,ทุ่งวัดดอน,สาทร,กรุงเทพมหานคร,2024-11-13 05:25:42.751097+00,เสร็จสิ้น,,0,2024-11-14 09:44:25.465796+00
PVC6R2,"{ถนน,ความปลอดภัย}","เขตคลองสาน,สำนักการโยธา กทม.,สำนักงานก่อสร้างและบูรณะ สำนักการโยธา (สกบ.สนย.) กทม.,ศูนย์ก่อสร้างและบูรณะถนน 2 ส่วนก่อสร้างและบูรณะ 2 สำนักงานก่อสร้างและบูรณะ (สกบ.สนย.)","ปัญหา: พบผิวถนนไม่เรียบเสมอ เนื่องจากมีการมาซ่อมแซมโดยการพิมพ์ยางมะตอย ทำให้สัญจรลำบาก เกรงว่าจะเป็นอันตรายและทำให้เกิดอุบัติเหตุได้
ถนน: เจริญนคร
จุดสังเกต: บนถนนเจริญนครมุ่งหน้าไปวงเวียนใหญ่ 
ตั้งแต่ซอยเจริญนคร 32 ถึงซอยเจริญนคร 34
เขต: คลองสาน
#1555",https://storage.googleapis.com/traffy_public_bucket/attachment/2023-12/1701486916154.jpeg,https://storage.googleapis.com/traffy_public_bucket/attachment/2024-04/4c6b28314550748ddf2c68a511454ad7.jpg,"100.50182,13.71237",PG62+WPJ ถ. เจริญนคร แขวงบางลำภูล่าง เขตคลองสาน กรุงเทพมหานคร 10600 ประเทศไทย,บางลำภูล่าง,คลองสาน,จังหวัดกรุงเทพมหานคร,2023-12-02 03:15:18.578789+00,เสร็จสิ้น,,0,2024-04-03 07:20:50.8491+00
2023-H3RYMB,{กีดขวาง},"เขตบางกะปิ,สน.หัวหมาก,สำนักงานตำรวจแห่งชาติ (Royal Thai Police),กองบัญชาการตำรวจนครบาล (บช.น.),กองบังคับการตำรวจนครบาล 4 (บก.น.4)",รถบัสจอดในที่ห้ามจอดเป็นประจำ,https://storage.googleapis.com/traffy_public_bucket/attachment/2023-07/1ff0eaa1d5ad07ab09cd4898c894681125753c1e.jpg,https://storage.googleapis.com/traffy_public_bucket/attachment/2024-08/829175435211ad4360e17aa2ac78c109.jpg,"100.63729,13.75188",9 ถนน หัวหมาก แขวงหัวหมาก เขตบางกะปิ กรุงเทพมหานคร 10240 ประเทศไทย,หัวหมาก,บางกะปิ,กรุงเทพมหานคร,2023-07-25 00:14:04.640315+00,เสร็จสิ้น,5.0,0,2024-08-09 06:06:10.553502+00
2023-96HTKZ,{ถนน},"เขตบางนา,สำนักการโยธา กทม.",ถนนเละเทะ,https://storage.googleapis.com/traffy_public_bucket/attachment/2023-09/57bda28808574ef5a73218905bac7894703dbc84.jpg,,"100.59205,13.67907",548 ถนน ทางรถไฟสายเก่า บางนาเหนือ เขตบางนา กรุงเทพมหานคร 10260 ประเทศไทย,บางนาเหนือ,บางนา,กรุงเทพมหานคร,2023-09-25 01:29:42.77264+00,กำลังดำเนินการ,,0,2023-09-29 07:24:11.230539+00
2024-3WKKPH,"{กีดขวาง,ถนน}","เขตภาษีเจริญ,สน.ภาษีเจริญ,สำนักงานตำรวจแห่งชาติ (Royal Thai Police),กองบัญชาการตำรวจนครบาล (บช.น.),กองบังคับการตำรวจนครบาล 9 (บก.น.9)",ขายของกีดขวางถนน1เลน,https://storage.googleapis.com/traffy_public_bucket/attachment/2024-08/a24d9170b2a01e827dce4e69ed1b3f1dd36d5b8e.jpg,,"100.46331,13.72331",207/24 ถนน เพชรเกษมสายเก่า แขวงปากคลองภาษีเจริญ เขตภาษีเจริญ กรุงเทพมหานคร 10160 ประเทศไทย,ปากคลองภาษีเจริญ,ภาษีเจริญ,กรุงเทพมหานคร,2024-08-25 04:35:17.956588+00,กำลังดำเนินการ,,0,2024-10-03 03:40:52.436075+00
TY6GMG,"{ถนน,ความสะอาด}","เขตพระนคร,สำนักการโยธา กทม.,ฝ่ายโยธา เขตพระนคร,สำนักงานก่อสร้างและบูรณะ สำนักการโยธา (สกบ.สนย.) กทม.","ปัญหา: ริมถนนดังกล่าว บริเวณหน้าร้านผ้าราชู 88 พบหลุม ประมาณ 2-3 หลุม เนื่องจากมีผู้คนเอาขยะมาวางกองไว้เพื่อรอรถขยะจัดเก็บ มีการทำความสะอาด จนทำให้เกิดหลุม บ่อ และน้ำขยะที่สะสมส่งกลิ่นเหม็นรบกวน จึงขอให้ซ่อมแซมถนนดังกล่าว
ถนน: พาหุรัด
เขต: พระนคร
#1555",https://storage.googleapis.com/traffy_public_bucket/attachment/2024-12/779ae6b6a1bc7adf526027da4162b467.jpg,,"100.49994,13.74500",2 ถนน พาหุรัด แขวงวังบูรพาภิรมย์ เขตพระนคร กรุงเทพมหานคร 10200 ประเทศไทย,วังบูรพาภิรมย์,พระนคร,จังหวัดกรุงเทพมหานคร,2024-12-15 05:35:52.99718+00,กำลังดำเนินการ,,0,2025-01-07 09:26:35.864089+00
2024-ECHTC7,{ป้าย},"เขตจตุจักร,กรมทางหลวง,สำนักการจราจรและขนส่ง กรุงเทพมหานคร (สจส. กทม.)",มีคนจะเลี้ยวขวามาเข้าช่องu turnเพราะไม่คุ้นทางไม่มีป้ายบอกว่าเฉพาะu turnถ้าใส่ป้ายบอกน่าจะช่วยได้เยอะ เพราะรถเลี้ยวขวามาบล้อคช่องยูเทริน,https://storage.googleapis.com/traffy_public_bucket/attachment/2024-12/e3f3f5c996dd6951894bb286cda5a78813fda612.jpg,,"100.57521,13.84001",2115 ถ. พหลโยธิน แขวง ลาดยาว เขตจตุจักร กรุงเทพมหานคร 10900 ประเทศไทย,ลาดยาว,จตุจักร,กรุงเทพมหานคร,2024-12-25 10:45:56.785559+00,กำลังดำเนินการ,,0,2024-12-25 13:58:59.033566+00
2023-DPY9FE,{สัตว์จรจัด},"เขตมีนบุรี,สำนักอนามัย กทม.,สำนักงานสัตวแพทย์สาธารณสุข สำนักอนามัย กทม.",อยากให้แก้ปัญหาเรื่องสุนัขจรจัดในซอย มีอยู่สองตัว ไม่มีเจ้าของ ชอบวิ่งไล่จักรยานและมอเตอร์ไซค์ที่ขี่ผ่านมา ไม่มีใครรับว่าเป็นเจ้าของ มีแต่ผู้ใหญ่บ้านเก่าที่คอยให้ข้าวสุนัขกินทุกวัน,https://storage.googleapis.com/traffy_public_bucket/attachment/2023-06/a453d5a5c2db0ef46e9488665b33a2653cfec090.jpg,https://storage.googleapis.com/traffy_public_bucket/attachment/2023-09/1695611974892.jpeg,"100.73235,13.82510",10 ซอย ประชาพํฒนา 8 เขตมีนบุรี กรุงเทพมหานคร 10510 ประเทศไทย,มีนบุรี,มีนบุรี,กรุงเทพมหานคร,2023-06-12 01:46:29.743389+00,เสร็จสิ้น,1.0,0,2023-09-25 03:19:35.940726+00
2023-89RD6Q,{ถนน},"สำนักการโยธา กทม.,การไฟฟ้านครหลวง เขตมีนบุรี,การไฟฟ้านครหลวง MEA,สำนักงานก่อสร้างและบูรณะ สำนักการโยธา (สกบ.สนย.) กทม.,ศูนย์เครื่องมือกล ส่วนก่อสร้างและบูรณะ 1 สำนักงานก่อสร้างและบูรณะ (สกบ.สนย.)",ไฟส่องถนนแถวถนนนิมิตใหม่20ไม่ติดมาเป็นอาทิตย์แล้วค่ะ,https://storage.googleapis.com/traffy_public_bucket/attachment/2023-05/be2e081c920edefcfc67f6e5d72296b3ebff3b8c.jpg,https://storage.googleapis.com/traffy_public_bucket/attachment/2024-02/1707105601320.jpeg,"100.73467,13.84332",3 ถ. นิมิตใหม่ แขวงทรายกองดิน เขตคลองสามวา กรุงเทพมหานคร 10510 ประเทศไทย,ทรายกองดิน,คลองสามวา,กรุงเทพมหานคร,2023-05-15 16:13:36.928999+00,เสร็จสิ้น,,0,2024-02-05 04:00:02.660621+00
2023-AEG688,{สายไฟ},"เขตปทุมวัน,ฝ่ายโยธา เขตปทุมวัน,บริษัท โทรคมนาคมแห่งชาติ จำกัด (มหาชน)",สายไฟตกลงมาพันที่เสาไหลลงบนถนน,https://storage.googleapis.com/traffy_public_bucket/attachment/2023-08/57507f8f3fd4e5214a3371131ded531efc2e7dd8.jpg,https://storage.googleapis.com/traffy_public_bucket/attachment/2023-08/1691633340342.jpeg,"100.54891,13.73502",15 Soi Ruamrudee 5 แขวงลุมพินี เขตปทุมวัน กรุงเทพมหานคร 10330 ประเทศไทย,ลุมพินี,ปทุมวัน,กรุงเทพมหานคร,2023-08-06 16:58:05.946797+00,เสร็จสิ้น,,0,2023-08-10 02:09:01.857979+00
2022-6VT9BC,{ทางเท้า},"เขตบางรัก,ฝ่ายโยธา เขตบางรัก,ผอ.เขตบางรัก (ผอ.ธราพร ),กลุ่มกรุงเทพใต้ (นายชาตรี วัฒนเขจร)",มีหมุดเหล็กโผล่มาตรงทางเท้า,https://storage.googleapis.com/traffy_public_bucket/attachment/2022-11/78ef364b5ca0f9565f756caa4cb9c41c87a6a442.jpg,https://storage.googleapis.com/traffy_public_bucket/attachment/2022-11/88c81dc08079a1d6d48478d72b66dffe72ab4175.jpg,"100.54174,13.72697",PGGR+QMM ซอย ศาลาแดง 1 แขวง สีลม เขตบางรัก กรุงเทพมหานคร 10500 ประเทศไทย,สีลม,บางรัก,กรุงเทพมหานคร,2022-11-25 14:06:57.135565+00,เสร็จสิ้น,,0,2023-02-07 03:58:42.506454+00
H2BKJX,{ถนน},"เขตบางคอแหลม,สำนักการโยธา กทม.,สำนักงานก่อสร้างและบูรณะ สำนักการโยธา (สกบ.สนย.) กทม.","ปัญหา: บนถนนดังกล่าว พบพื้นผิวจราจรชำรุดไม่เรียบเป็นหลุมเป็นบ่อ
ถนน: พระราม 3
จุดสังเกต: บริเวณถนนพระราม 3 ตัดกับถนนเจริญราษฏร์
เขต: บางคอแหลม
#1555",https://storage.googleapis.com/traffy_public_bucket/attachment/2024-12/bdad5e46dfc950b15ec262cf547ae711.jpg,,"100.50918,13.68983",3581 ถ. พระรามที่ 3 แขวงบางโคล่ เขตบางคอแหลม กรุงเทพมหานคร 10120 ประเทศไทย,บางโคล่,บางคอแหลม,จังหวัดกรุงเทพมหานคร,2024-12-22 04:13:30.290374+00,กำลังดำเนินการ,,0,2024-12-29 06:20:29.371233+00
2022-BQ4VNC,{สายไฟ},"เขตวังทองหลาง,ฝ่ายโยธา เขตวังทองหลาง,ผอ.เขตวังทองหลาง (นายโครงการ),กลุ่มกรุงเทพกลาง (นายสุขสันต์ กิตติศุภกร)",1. แจ้งสายไฟ สายโทรศัพท์เสี่ยงต่อการเกิดอุบัติเหตุ บริเวณปากซอยลาดพร้าว 93/1,https://storage.googleapis.com/traffy_public_bucket/attachment/2022-06/cc8e323ca8be87bcd05e43cd0d71ba5c357d2cfe.jpg,,"100.62137,13.77957",2635/1 ถ. ลาดพร้าว แขวง คลองเจ้าคุณสิงห์ เขตวังทองหลาง กรุงเทพมหานคร 10310 ประเทศไทย,คลองเจ้าคุณสิงห์,วังทองหลาง,กรุงเทพมหานคร,2022-06-21 17:17:49.335054+00,เสร็จสิ้น,5.0,0,2022-06-28 11:45:23.216908+00
2023-NHY9P4,"{ต้นไม้,ร้องเรียน}","เขตจตุจักร,ฝ่ายรักษาความสะอาดฯ เขตจตุจักร",ต้นไม้ใหญ่ริมถนน กิ่งยาวหักล่วงบ่อยอยากให้ช่วยตัดแต่งต้นไม้ให้เรียบร้อย,https://storage.googleapis.com/traffy_public_bucket/attachment/2023-10/3d9d331938ff308b850db1eeb56620aae6f673d4.jpg,https://storage.googleapis.com/traffy_public_bucket/attachment/2023-10/1697203445913.jpeg,"100.55116,13.79751",916 ถ. พหลโยธิน แขวงจอมพล เขตจตุจักร กรุงเทพมหานคร 10900 ประเทศไทย,จอมพล,จตุจักร,กรุงเทพมหานคร,2023-10-07 09:35:56.653903+00,เสร็จสิ้น,,0,2023-10-13 13:24:07.259814+00
2023-CA6N4G,{ความสะอาด},"เขตบางคอแหลม,ฝ่ายรักษาความสะอาดฯ เขตบางคอแหลม",ไม่มีเจ้าหน้าที่มาเก็บขยะใน ซอยเจริญกรุง 85 แยก 6-1 มา 3 สัปดาห์แล้ว,https://storage.googleapis.com/traffy_public_bucket/attachment/2023-10/47f2c265ec3fe55e97961ab4c6ca6b9b4a7dc7c3.jpg,https://storage.googleapis.com/traffy_public_bucket/attachment/2024-05/14fe72901f46601212d09b78fd56de2f.png,"100.50980,13.70431",442/2 ถ. เจริญกรุง แขวงวัดพระยาไกร เขตบางคอแหลม กรุงเทพมหานคร 10120 ประเทศไทย,วัดพระยาไกร,บางคอแหลม,กรุงเทพมหานคร,2023-10-28 09:51:46.453692+00,เสร็จสิ้น,,0,2024-05-16 02:41:39.663766+00
XDMVED,"{ถนน,เสียงรบกวน,สะพาน,ความปลอดภัย}","เขตภาษีเจริญ,สน.ภาษีเจริญ,สำนักงานตำรวจแห่งชาติ (Royal Thai Police),กองบัญชาการตำรวจนครบาล (บช.น.),กองบังคับการตำรวจนครบาล 9 (บก.น.9)","ปัญหา: ประชาชนแจ้งว่า มีกลุ่มคนดื่มเหล้าทุกวันอาทิตย์และวันอื่นๆบ้างช่วงค่ำถึงดึกกลางคืนเสียงดังรบกวนคนที่ใกล้เคียงและคนที่เดินผ่านกลัวอันตรายและเข้าไปอีกจะเจอะสะพานเหล็กมีคนเมาอยู่ตรงนั้นกลัวเกิดอันตรายสำหรับคนที่เดินผ่าน ขอให้เจ้าหน้าที่เข้ามาตรวจสอบและดำเนินการแก้ไข
ซอย: เพชรเกษม 42 แยก 1
ถนน: เพชรเกษม
จุดสังเกต: ตรงผ่าน สี่แยกเอเชียเพลส สุดซอยทางขวามือพบห้องเช่า
เขต: ภาษีเจริญ
#1555",https://storage.googleapis.com/traffy_public_bucket/attachment/2023-06/1686476791523.jpeg,https://storage.googleapis.com/traffy_public_bucket/attachment/2023-06/1686493569330.jpeg,"100.44936,13.72301",8/2 แยก 9 44 แขวงบางจาก เขตภาษีเจริญ กรุงเทพมหานคร 10160 ประเทศไทย,บางจาก,ภาษีเจริญ,จังหวัดกรุงเทพมหานคร,2023-06-11 09:46:32.850753+00,เสร็จสิ้น,,0,2023-06-11 14:26:11.233591+00
2024-NKQGUT,"{สะพาน,จราจร}","เขตทวีวัฒนา,ฝ่ายโยธา เขตทวีวัฒนา",สะพานทรุดตัว  รถขับผ่านแล้วติดช่วงคอสะพานครับ,https://storage.googleapis.com/traffy_public_bucket/attachment/2024-10/017425d1bc20d362fbf8fc4e1e7dfa39c1686b1b.jpg,https://storage.googleapis.com/traffy_public_bucket/attachment/2025-01/163d413eeb597b50fb5588f4193ce7cb.png,"100.38106,13.79263",27/21 ซอย ทิพย์มณฑล 3 แขวงศาลาธรรมสพน์ เขตทวีวัฒนา กรุงเทพมหานคร 10170 ประเทศไทย,ศาลาธรรมสพน์,ทวีวัฒนา,กรุงเทพมหานคร,2024-10-23 07:07:46.258407+00,เสร็จสิ้น,,0,2025-01-06 02:43:33.009173+00
2022-8YALYM,{ถนน},"เขตคลองสามวา,ฝ่ายเทศกิจ เขตคลองสามวา,ผอ.เขตคลองสามวา (นายสมหวัง),กลุ่มกรุงเทพตะวันออก (นายณรงค์ เรืองศรี)",ก่อเหตุซ้ำอีกแล้ว หลังจากที่เจ้าหน้าที่เขตมาพูดคุยกับเจ้าของบ้านที่ตากผ้าขวางกลางถนนทางเข้าออก ผ่านไป 2 อาทิตย์ ก็กลับมาทำกรณีเดิม เข็นราวตากผ้ามาตากกลางถนน ซึ่งสร้างความลำบากใจในการเดินเข้าออกบ้าน แล้วยังแสดงอาการที่ไม่รู้สึกผิดในสิ่งที่ทำอีก ทั้งที่เจ้าหน้าที่เคยมาบอกกล่าวตักเตือนแล้ว แต่ก็ยังทำอยู่ ต้องทำอย่างไงกับเหตุการแบบนี้,https://storage.googleapis.com/traffy_public_bucket/attachment/2022-11/fa651ad34ff1b4c37ebe0f50b538484be7d7443f.jpg,https://storage.googleapis.com/traffy_public_bucket/attachment/2022-11/295303b7195ce504039551878d872b749b0c8edb.jpg,"100.69234,13.83633",100/107 ถนน พระยาสุเรนทร์ แขวง บางชัน เขตคลองสามวา กรุงเทพมหานคร 10510 ประเทศไทย,บางชัน,คลองสามวา,กรุงเทพมหานคร,2022-11-20 05:59:35.747103+00,เสร็จสิ้น,,0,2022-11-20 11:34:57.021167+00
2022-G3ZKX7,{},"เขตพระนคร,สน.สำราญราษฎร์,ฝ่ายเทศกิจ เขตพระนคร,สำนักงานตำรวจแห่งชาติ (Royal Thai Police),กองบัญชาการตำรวจนครบาล (บช.น.),กองบังคับการตำรวจนครบาล 6 (บก.น.6),ผอ.เขตพระนคร (นายสัมฤทธิ์),กลุ่มกรุงเทพกลาง (นายสุขสันต์ กิตติศุภกร)",มีคนมาพักอาศัยบนเกาะกลางถนน ต่อไฟฟ้าจากส่วนกลางมาใช้ส่วนตัว และเรียกเก็บเงินจากรถที่มาจอด,https://storage.googleapis.com/traffy_public_bucket/attachment/2022-07/952eeba47bb7d117ad3321a7717238a3a99ace48.jpg,https://storage.googleapis.com/traffy_public_bucket/attachment/2022-08/fe005e4d2bd32388797b237ea93847601f33d5ff.jpg,"100.50177,13.75086",126 ถนน ศิริพงษ์ แขวง สำราญราษฎร์ เขตพระนคร กรุงเทพมหานคร 10200 ประเทศไทย,วัดราชบพิธ,พระนคร,กรุงเทพมหานคร,2022-07-23 13:24:32.719983+00,เสร็จสิ้น,5.0,2,2022-08-18 03:00:18.193134+00
2024-EAP94B,"{ความสะอาด,ป้าย,ถนน}","เขตบึงกุ่ม,ฝ่ายเทศกิจ เขตบึงกุ่ม","📢🔊 แจ้งป้ายเถื่อน ป้ายกองโจร 😱 ติดป้าย ผิด พรบ.ความสะอาด และความเป็นระเบียบเรียบร้อยของบ้านเมือง❌😤😠🙅‍♀️🙅‍♂️
🎤โฆษณาด้วยการปิด ทิ้ง หรือ โปรยแผ่นประกาศหรือใบปลิว ในที่สาธารณะ โดยไม่ได้รับอนุญาตมาตรา 10 แห่ง พ.ร.บ.รักษาความสะอาด พ.ศ. ๒๕๓๕
📸
📌ตรงแถวโพธิ์แก้ว แยก 2 ขายรถไฟฟ้า NETA
🛣️ถนน โพธิ์แก้ว
🙏👷👩‍🔧ขอขอบคุณ เจ้าหน้าที่ทุกท่าน ในการจัดการปัญหานี้✌️✌️💪👏👏👏",https://storage.googleapis.com/traffy_public_bucket/attachment/2024-01/04bb40b0c403c186adc239333e807f14245a9cc4.jpg,https://storage.googleapis.com/traffy_public_bucket/attachment/2024-01/1704595956288.jpeg,"100.64377,13.80082",159 โพธิ์แก้ว แขวงคลองกุ่ม เขตบึงกุ่ม กรุงเทพมหานคร 10230 ประเทศไทย,นวมินทร์,บึงกุ่ม,กรุงเทพมหานคร,2024-01-06 10:14:34.39199+00,เสร็จสิ้น,4.0,0,2024-01-07 02:52:38.333924+00
2023-D3843V,{กีดขวาง},"เขตธนบุรี,ฝ่ายเทศกิจ เขตธนบุรี",พบแม่ค้าขายของวันจันทร์ และหน้าปากซอยวุฒากาศ 13 มีแม่ค้ารถเข็นจำนวนมากจอดกีดขวางทางเข้าออกซอย,https://storage.googleapis.com/traffy_public_bucket/attachment/2023-09/ec51b611ffcd6b2b2dcd954563d79e5bc587bc4e.jpg,https://storage.googleapis.com/traffy_public_bucket/attachment/2023-09/1695014625775.jpeg,"100.47202,13.71455",105 13 ถนน วุฒากาศ แขวง ตลาดพลู เขตธนบุรี กรุงเทพมหานคร 10600 ประเทศไทย,ตลาดพลู,ธนบุรี,กรุงเทพมหานคร,2023-09-04 14:04:41.520537+00,เสร็จสิ้น,1.0,6,2023-09-18 05:23:48.565527+00
2023-D8TCFP,{ทางเท้า},"เขตบางกะปิ,สำนักการโยธา กทม.,สำนักงานก่อสร้างและบูรณะ สำนักการโยธา (สกบ.สนย.) กทม.,ศูนย์ก่อสร้างและบูรณะถนน 3 ส่วนก่อสร้างและบูรณะ 1 สำนักงานก่อสร้างและบูรณะ (สกบ.สนย.)",ซ่อมทางเท้าให้เรียบสวยงาม,https://storage.googleapis.com/traffy_public_bucket/attachment/2023-04/dcf33d6fa5d5b7469dbd3271e8d49ba55df2b209.jpg,https://storage.googleapis.com/traffy_public_bucket/attachment/2023-07/1689853574000.jpeg,"100.62343,13.81525",99/8- ชื่อ ยโยธินพัฒนา 3 แยก 2-4 แขวงคลองจั่น เขตบางกะปิ กรุงเทพมหานคร 10240 ประเทศไทย,คลองจั่น,บางกะปิ,กรุงเทพมหานคร,2023-04-21 03:22:31.696536+00,เสร็จสิ้น,,0,2023-07-20 11:46:15.495716+00
2024-BTRA9B,{คนจรจัด},"เขตปทุมวัน,ฝ่ายเทศกิจ เขตปทุมวัน","ต้องการให้คนไร้บ้าน ที่นอนอาศัยอยู่ใต้ทางด่วน บริเวณแถววัดดวงแข ออกไปจากบริเวณนี้ เพราะ สะสมของไว้เป็นจำนวนมาก และทำให้เกิดปัญหาต่างๆ กลัวว่าจะเหตุไม่ดีในบริเวณนี้ เพราะ ไฟค่อนข้างสลัว ในเวลากลางคืน บางครั้งเห็นพกพาอาวุธ มีด ไว้กับตัว, เวลาปัสสาวะชอบให้เห็นอวัยยวะเพศ ประจำ. 

ไล่ไปแล้ว สักพักก็กลับมายังที่เดิมและ  มีคนไร้บ้านตามกันมาอีกหลายคน.",https://storage.googleapis.com/traffy_public_bucket/attachment/2024-12/f925ad318cc461b47dd833fc8ec091c0d1bcef92.jpg,https://storage.googleapis.com/traffy_public_bucket/attachment/2024-12/894898c4fb084f8bf627f5112d6c201b.png,"100.51997,13.74183",8 ถนน จารุเมือง แขวงรองเมือง เขตปทุมวัน กรุงเทพมหานคร 10330 ประเทศไทย,รองเมือง,ปทุมวัน,กรุงเทพมหานคร,2024-12-09 09:19:53.164045+00,เสร็จสิ้น,,0,2024-12-12 07:21:22.992454+00
2023-4CZTQ2,{แสงสว่าง},"เขตคลองเตย,การไฟฟ้านครหลวง เขตคลองเตย,การไฟฟ้านครหลวง MEA",ไฟทางขาด,https://storage.googleapis.com/traffy_public_bucket/attachment/2023-12/0ee715f89c78b129e8243a15f539222b004a6cab.jpg,https://storage.googleapis.com/traffy_public_bucket/attachment/2023-12/1702786917430.jpeg,"100.57209,13.71069",20/5 ถ. อาจณรงค์ แขวงคลองเตย เขตคลองเตย กรุงเทพมหานคร 10110 ประเทศไทย,คลองเตย,คลองเตย,กรุงเทพมหานคร,2023-12-16 11:45:02.734908+00,เสร็จสิ้น,,0,2023-12-17 04:21:58.469792+00
2022-ELQH4P,{ความสะอาด},"เขตสาทร,ฝ่ายรักษาความสะอาดฯ เขตสาทร,ผอ.เขตสาทร (นายธวัชชัย),กลุ่มกรุงเทพใต้ (นายชาตรี วัฒนเขจร)",ปัญหาคือมีจำนวนถุงขยะ/ขยะเยอะมากในบริเวณปากซอยสวนพลูซอย9และ5 ซึ่งในตอนกลางคืนจะเยอะมากจนล้นทำให้ไม่มีพื้นที่เดินบนฟุตบาทและอีกอย่างมีน้ำเน่าจากขยะและหนูเต็มไปหมด,https://storage.googleapis.com/traffy_public_bucket/attachment/2022-06/bf35e7e74393ce06699051492de3282acca80ab4.jpg,https://storage.googleapis.com/traffy_public_bucket/attachment/2022-06/2702f932a99689c194860b6468adf659d16010de.jpg,"100.53984,13.71712",62 ถ. สวนพลู แขวง ทุ่งมหาเมฆ เขต สาทร กรุงเทพมหานคร 10120 ประเทศไทย,ทุ่งมหาเมฆ,สาทร,กรุงเทพมหานคร,2022-06-09 11:59:33.556739+00,เสร็จสิ้น,4.0,0,2022-06-09 22:22:48.080655+00
MJFV8H,"{เสียงรบกวน,ร้องเรียน,สะพาน}","เขตบางพลัด,สน.บวรมงคล,สำนักงานตำรวจแห่งชาติ (Royal Thai Police),กองบัญชาการตำรวจนครบาล (บช.น.),กองบังคับการตำรวจนครบาล 7 (บก.น.7)","ศูนย์เรื่องราวร้องทุกข์ ได้รับการประสานผ่านระบบการจัดการเรื่องราวร้องทุกข์ สำนักงานปลัดสำนักนายกรัฐมนตรี ทำเนียบรัฐบาล รหัสเรื่อง  
นร02660046181


ขอให้แก้ไขปัญหาเสียงดังรบกวนจากสถานบันเทิงหลายแห่ง บริเวณชุมชนสะพานไม้แยก 8-2  ซอยจรัญสนิทวงศ์ 44 แขวงบางยี่ขัน เขตบางพลัด กรุงเทพมหานคร
รายละเอียดของเรื่อง :
คำร้องจาก Line PSC 1111--- #ร้องทุกข์ จรัลสนิทวงศ์ 44  ชุมชนสะพานไม้แยก 8-2  เปิดผับบาร์คาราโอเกะ  ยันเช้า รุเข้าออก เสียงดังมาก  เปิดเพลง ชายเหล้าเบียร์ ดมแก้ส  ยันเช้ารุ่งขึ้นอีกวัน เป็นทุกวัน แต่ไม่มีใครกล้ามาตรวจสอบกลางคืน  ณเวลานี้ เด็ก ๆ กริอผู้มาเี่ยวยังไม่กลับบ้านเลย  ขนาดที่ใหญ่ สถานบันเทิงยังเปิดตีสอง นี่ใหญ่มากรึงัย  ไม่มีใครมาตรวจเลย  

//หมายเหตุ ปักหมุดที่สำนักงานเขตเพราะไม่สามารถปักละติจูด ลองติจูด ที่ชัดเจนได้ กรุณาอ่านรายละเอียดสถานที่จากรายละเอียดการแจ้งเป็นหลัก
ศูนย์ฯ ประสานมาเพื่อตรวจสอบและดำเนินการ และโปรดพิจารณาให้ความคุ้มครองผู้ร้องและผู้เกี่ยวข้องอย่าให้ต้องรับภัย หรือความไม่ชอบธรรมอันเนื่องมาจากการร้องเรียน การเป็นพยาน หรือการให้ข้อมูลนั้น  #ศรท  #ศรท1111
#1555 #citydata",https://storage.googleapis.com/traffy_public_bucket/attachment/2023-10/1698640603150.jpeg,,"100.50509,13.79392","สำนักงานเขตบางพลัด Charan Sanit Wong Road, Bang Ao, Bang Phlat, Bangkok : 39 ถ. จรัญสนิทวงศ์ แขวงบางอ้อ เขตบางพลัด กรุงเทพมหานคร 10700 ประเทศไทย",บางอ้อ,บางพลัด,จังหวัดกรุงเทพมหานคร,2023-10-30 04:36:44.385338+00,รอรับเรื่อง,,0,2023-10-30 04:38:27.450657+00
2024-DXLVDT,{},"เขตหลักสี่,ฝ่ายการศึกษา เขตหลักสี่",มีหนังสือจ้งมาดังรูป อยากทราบว่าเป็นของจริงหรือไม่หรือว่าเป็นมิจฉาชีพ กทม.จะได้แจ้งข่าวต่อผู้อื่น,https://storage.googleapis.com/traffy_public_bucket/attachment/2024-07/9ec364259c2889499a24f019e537c099af41dd45.jpg,https://storage.googleapis.com/traffy_public_bucket/attachment/2024-08/87337e4dadd6c757ab89e17a00b3c83c.jpg,"100.55828,13.85475",50 ซอย งามวงศ์วาน 47 แยก 6 แขวงทุ่งสองห้อง เขตหลักสี่ กรุงเทพมหานคร 10210 ประเทศไทย,ทุ่งสองห้อง,หลักสี่,กรุงเทพมหานคร,2024-07-30 11:59:46.323668+00,เสร็จสิ้น,,0,2024-08-02 07:57:29.589208+00
2023-AXH87V,{ถนน},"เขตบางกอกน้อย,สำนักสิ่งแวดล้อม กทม.,ฝ่ายสิ่งแวดล้อมฯ เขตบางกอกน้อย",ฝุ่นแถวนี้มีปัญหามากๆค่ะ ทั้งมีการก่อสร้างและฝุ่นควันตามถนนจากรถเมล์แทบจะหายใจไม่ออกกันแล้วค่ะ,https://storage.googleapis.com/traffy_public_bucket/attachment/2023-02/0f47296bd2675dd9608f8acf8200f3ff63be71ca.jpg,https://storage.googleapis.com/traffy_public_bucket/attachment/2023-02/1676030428019.jpeg,"100.48128,13.76325",236 ถ. อรุณอมรินทร์ แขวงอรุณอมรินทร์ เขตบางกอกน้อย กรุงเทพมหานคร 10700 ประเทศไทย,อรุณอมรินทร์,บางกอกน้อย,กรุงเทพมหานคร,2023-02-02 03:02:11.187709+00,เสร็จสิ้น,5.0,0,2023-02-10 12:00:29.32209+00
2022-4GX3A4,{},"เขตบางแค,ฝ่ายเทศกิจ เขตบางแค,ผอ.เขตบางแค (นายณรงค์),กลุ่มกรุงธนใต้ (นายเฉลิมพล โชตินุชิต)",ป้ายกองโจร,https://storage.googleapis.com/traffy_public_bucket/attachment/2022-08/35e67beee35a67415b8e4be1393b6bc969835774.jpg,https://storage.googleapis.com/traffy_public_bucket/attachment/2022-08/739eed512796104ce19b6a3a7cf0edd96eddcaf1.jpg,"100.42481,13.68889",136/5 ถนน บางแค แขวง บางแค เขตบางแค กรุงเทพมหานคร 10160 ประเทศไทย,บางแค,บางแค,กรุงเทพมหานคร,2022-08-06 01:10:30.414469+00,เสร็จสิ้น,5.0,0,2022-08-09 08:04:27.356418+00
2023-MCDNVN,{ทางเท้า},"สำนักเทศกิจ กทม.,สน.บางรัก,สน.ปทุมวัน,ฝ่ายเทศกิจ เขตบางรัก,สำนักงานตำรวจแห่งชาติ (Royal Thai Police),กองบัญชาการตำรวจนครบาล (บช.น.),กองบังคับการตำรวจนครบาล 6 (บก.น.6)",มอเตอร์ไซค์ขี่บนฟุตบาทข้ามแยก,https://storage.googleapis.com/traffy_public_bucket/attachment/2023-10/37fd568f4fd37a5412c664e1a92b574ad43b40de.jpg,https://storage.googleapis.com/traffy_public_bucket/attachment/2023-12/1702874161029.jpeg,"100.53633,13.72967",ห้างสรรพสินค้าโรบินสัน แขวงสุริยวงศ์ เขตบางรัก กรุงเทพมหานคร 10500 ประเทศไทย,ปทุมวัน,ปทุมวัน,กรุงเทพมหานคร,2023-10-27 13:12:10.789023+00,เสร็จสิ้น,1.0,0,2023-12-18 04:36:02.088741+00
2023-DDPB87,{เสียงรบกวน},"เขตพญาไท,ฝ่ายโยธา เขตพญาไท",มีการก่อสร้างโครงการบ้านที่เสียงดังมาก น่าจะเกิน75 เดซิเบล รบกวนเพื่อนบ้าน,https://storage.googleapis.com/traffy_public_bucket/attachment/2023-04/e911b884de84f79f9ec0697fb62619f7d317f799.jpg,https://storage.googleapis.com/traffy_public_bucket/attachment/2023-04/1682577010136.jpeg,"100.55771,13.78749",12 ซอย อินทามระ 14 แขวง สามเสนใน เขตพญาไท กรุงเทพมหานคร 10400 ประเทศไทย,สามเสนใน,พญาไท,กรุงเทพมหานคร,2023-04-22 06:56:27.706057+00,เสร็จสิ้น,,0,2023-04-27 06:30:12.154318+00
2023-HFZ64Z,{ทางเท้า},"เขตคลองเตย,ฝ่ายเทศกิจ เขตคลองเตย,ฝ่ายพัฒนาชุมชนฯ เขตคลองเตย",มีการรื้อตึกเก่าทำให้คนไร้บ้านมาอยู่ริมทางเดิน,https://storage.googleapis.com/traffy_public_bucket/attachment/2023-02/24a3aacb57c058efc59434def26fb589d00b4216.jpg,https://storage.googleapis.com/traffy_public_bucket/attachment/2023-02/1676729574791.jpeg,"100.57504,13.71587",3641 ถนนพระรามที่ ๔ แขวง คลองตัน เขตคลองเตย กรุงเทพมหานคร 10110 ประเทศไทย,คลองตัน,คลองเตย,กรุงเทพมหานคร,2023-02-10 01:49:27.315353+00,เสร็จสิ้น,5.0,0,2023-02-18 14:12:56.985565+00
2023-64U6ZQ,{กีดขวาง},"เขตบางแค,ฝ่ายเทศกิจ เขตบางแค",ยังคงจอดรถตรงป้ายห้ามจอดเกจเดิม,https://storage.googleapis.com/traffy_public_bucket/attachment/2023-02/c5bf7a505fc3858bb3da343a2069e6ca494ca7f4.jpg,https://storage.googleapis.com/traffy_public_bucket/attachment/2023-02/1675738899783.jpeg,"100.42165,13.70357",เลขที่ 509 24-25 ถนนเทอดไท แขวง บางแค เขตบางแค กรุงเทพมหานคร 10160 ประเทศไทย,บางแค,บางแค,กรุงเทพมหานคร,2023-02-04 02:30:08.668899+00,เสร็จสิ้น,,0,2023-02-07 03:01:41.547055+00
2022-7G27T7,{},"เขตทวีวัฒนา,การรถไฟแห่งประเทศไทย",ทางรถไฟทำทาง มีการขุดพื้นถนนช่วงใกล้รางรถไฟ   แต่ทำทางได้ไม่ทันไรพื้นยุบตัว ทำให้การจราจรชะลอตัวครับ,https://storage.googleapis.com/traffy_public_bucket/attachment/2022-12/8e99111dcd4803e226dbd40832ac04c1b0666f01.jpg,,"100.35461,13.80146",R923+MRW แขวง ศาลาธรรมสพน์ เขตทวีวัฒนา กรุงเทพมหานคร 10170 ประเทศไทย,ศาลาธรรมสพน์,ทวีวัฒนา,กรุงเทพมหานคร,2022-12-12 11:47:02.161482+00,รอรับเรื่อง,,0,2022-12-12 11:59:03.682187+00
2022-3WCNRG,"{ถนน,จราจร}","เขตปทุมวัน,ผอ.เขตปทุมวัน (นายอิทธิพล อิงประสาร),กลุ่มกรุงเทพใต้ (นายชาตรี วัฒนเขจร)",มีรถและขนส่งจอดเยอะมากๆ ทั้งเส้นถนน ยิ่งช่วงเย็นเหลือถนนเพียงแค่เลนเดียว ทำให้รถติดมาก บนทางเท้าก็เดินทางไม่สะดวกเนื่องจากของวางเต็มไปหมด,https://storage.googleapis.com/traffy_public_bucket/attachment/2022-06/f210bcbf768aefff13d3b2b10147a5c7336b3ad4.jpg,,"100.51945,13.73926",206 ถนน จารุเมือง แขวง รองเมือง เขตปทุมวัน กรุงเทพมหานคร 10330 ประเทศไทย,รองเมือง,ปทุมวัน,กรุงเทพมหานคร,2022-06-20 12:10:35.029659+00,เสร็จสิ้น,5.0,0,2022-06-21 13:02:28.48059+00
2023-32E4QL,"{ถนน,ท่อระบายน้ำ}","เขตห้วยขวาง,สำนักการโยธา กทม.,บริษัท โทรคมนาคมแห่งชาติ จำกัด (มหาชน),กองแผนงานและประสานสาธารณูปโภค สำนักการโยธา (กผภ.สนย.) กทม.",ถนนฝาท่อชำรุดส่งเลยใช่ไหม,https://storage.googleapis.com/traffy_public_bucket/attachment/2023-01/5ae96bcd7f847b19435616f24c82dc599987b7f9.jpg,https://storage.googleapis.com/traffy_public_bucket/attachment/2023-12/1703128696232.jpeg,"100.58998,13.74325",PHVR+53V แขวงบางกะปิ เขตห้วยขวาง กรุงเทพมหานคร 10310 ประเทศไทย,บางกะปิ,ห้วยขวาง,กรุงเทพมหานคร,2023-01-31 00:33:10.102933+00,เสร็จสิ้น,3.0,0,2023-12-21 03:18:17.548983+00
2024-3XGRZB,"{ความปลอดภัย,ถนน}","เขตบางขุนเทียน,ฝ่ายโยธา เขตบางขุนเทียน","ถนนเละเป็นดวงจันทร์ บางกระดี่ 19 แยก 8 แจ้งไปหลายรอบแล้ว ได้แต่ข้อความตอบกลับว่ารองบประมาณ ความทุกข์ร้อนของประชาชนรอแต่งบประมาณ แย่เนอะ 

วัวหายล้อมคอก ต้องเกิดอุบัติเหตุหรืออะไรก่อน ถึงจะตื่นตัว",https://storage.googleapis.com/traffy_public_bucket/attachment/2024-07/7ed5dea3517b6592404960c9fc199e58790af9e6.jpg,,"100.41258,13.62205",136/21 ม.พิศาลเทียนทะเล แขวงแสมดำ เขตบางขุนเทียน กรุงเทพมหานคร 10150 ประเทศไทย,แสมดำ,บางขุนเทียน,กรุงเทพมหานคร,2024-07-29 01:23:23.611901+00,กำลังดำเนินการ,,0,2024-11-25 07:56:08.992878+00
2022-G2N29D,{ทางเท้า},"เขตวัฒนา,สำนักการโยธา กทม.,ฝ่ายโยธา เขตวัฒนา,ผอ.เขตวัฒนา (น.ส.สุชิรา),กลุ่มกรุงเทพใต้ (นายชาตรี วัฒนเขจร)",อยากให้ช่วยปรับทางเท้าบริเวณทองหล่อซอย 10 ให้ดีหน่อยค่ะ เนื่องจากเดินเท้ายากมากเพราะมีการขุดอิฐบลอคออกแล้วก็เอายางมะตอยมาแปะๆแบบชุ่ยอยู่หลายเดือนแล้ว ฝนตกมีน้ำขังเยอะมากทำให้เดินลำบาก บางจุดก็เป็นทรายผสมกรวด,https://storage.googleapis.com/traffy_public_bucket/attachment/2022-06/b469f4733c713fec20c6d549c56e3b7338b3130d.jpg,https://storage.googleapis.com/traffy_public_bucket/attachment/2022-10/bc1a5f4f9f40a8aaf359ccd05d3d48df424716a8.jpg,"100.58256,13.73223",308 สุขุมวิท แขวง คลองตันเหนือ เขตวัฒนา กรุงเทพมหานคร 10110 ประเทศไทย,คลองตันเหนือ,วัฒนา,กรุงเทพมหานคร,2022-06-10 12:42:50.344732+00,เสร็จสิ้น,,0,2022-10-04 07:27:44.781647+00
2024-ANBC9U,{ท่อระบายน้ำ},"เขตบางซื่อ,ฝ่ายโยธา เขตบางซื่อ",บัตรประชาชนตกท่อครับ,https://storage.googleapis.com/traffy_public_bucket/attachment/2024-11/dcba5ed5c33a9d5ff7fe35b8456c0a5fc4b8cba3.jpg,https://storage.googleapis.com/traffy_public_bucket/attachment/2024-11/56750889ddeba89ef59f0adee1ceff5d.png,"100.53882,13.81884",เลขที่ จิรภัทร์ แมนชั่น 35 ซอย สวนฝรั่ง แขวงบางซื่อ เขตบางซื่อ กรุงเทพมหานคร 10800 ประเทศไทย,บางซื่อ,บางซื่อ,กรุงเทพมหานคร,2024-11-16 10:11:20.345603+00,เสร็จสิ้น,,0,2024-11-16 14:54:19.917558+00
2022-MLMAEC,{กีดขวาง},"เขตบางเขน,ผอ.เขตบางเขน (น.ส.อัญชนา),กลุ่มกรุงเทพเหนือ (นางวันทนีย์ วัฒนะ)",ถังขยะวางกีดขวาง,https://storage.googleapis.com/traffy_public_bucket/attachment/2022-08/1f7b3876351e69a3a58fffafbcf0881d95125b0e.jpg,https://storage.googleapis.com/traffy_public_bucket/attachment/2022-08/e5fd9c3bf200b9ddd03eb8e1ab337cc5841fb0cd.jpg,"100.59085,13.86771",ซอย พหลโยธิน 53 ซอย พหลโยธิน แขวง อนุสาวรีย์ เขตบางเขน กรุงเทพมหานคร 10220 ประเทศไทย,อนุสาวรีย์,บางเขน,กรุงเทพมหานคร,2022-08-16 12:35:18.4557+00,เสร็จสิ้น,5.0,1,2022-08-18 06:19:10.46296+00
4C7TJT,{สอบถาม},เขตบางนา,"ศูนย์เรื่องราวร้องทุกข์ ได้รับการประสานผ่านระบบการจัดการเรื่องราวร้องทุกข์ สำนักงานปลัดสำนักนายกรัฐมนตรี ทำเนียบรัฐบาล รหัสเรื่อง นร02660006490
ขอให้ปรับปรุงระบบการให้บริการทางโทรศัพท์ของ สำนักงานเขตบางนา กรุงเทพมหานคร หมายเลขโทรศัพท์ 0 2173 5253 เนื่องจากวันที่ 16 กุมภาพันธ์ 2566 เวลาประมาณ 10.00 น.-14.00 น. ผู้ร้องได้ติดต่อไปยังหมายเลขโทรศัพท์ดังกล่าว เพื่อสอบถามเกี่ยวกับเอกสารหลักฐานในการขอใบอนุญาตประกอบกิจการร้านอาหาร ซึ่งผู้ร้องติดต่อไปทั้งหมด 7 ครั้ง ปรากฎว่า มีลักษณะสายตัด ทั้ง 7 ครั้ง ทำให้ผู้ร้องไม่สามารถติดต่อสอบถามข้อมูลกับเจ้าหน้าที่ได้ ส่งผลให้ผู้ร้องได้รับความเดือดร้อนเป็นอย่างมาก ผู้ร้องประสงค์ให้ปรับปรุงระบบการให้บริการทางโทรศัพท์ของศูนย์ฯดังกล่าว เพื่อเป็นการอำนวยความสะดวกให้แก่ผู้ร้องและประชาชนที่ติดต่อมาใช้บริการ 
//หมายเหตุ ปักหมุดที่สำนักงานเขตเพราะไม่สามารถปักละติจูด ลองติจูดที่ชัดเจนได้ กรุณาอ่านรายละเอียดสถานที่จากรายละเอียดการแจ้งเป็นหลัก 
//ศูนย์ฯ ประสานมาเพื่อตรวจสอบและดำเนินการ และโปรดพิจารณาให้ความคุ้มครองผู้ร้องและผู้เกี่ยวข้องอย่าให้ต้องรับภัย หรือความไม่ชอบธรรมอันเนื่องมาจากการร้องเรียนการเป็นพยาน หรือการให้ข้อมูลนั้น #ศรท #ศรท1111
#1555 #citydata",https://storage.googleapis.com/traffy_public_bucket/attachment/2023-02/1676538852432.jpeg,https://storage.googleapis.com/traffy_public_bucket/attachment/2023-02/1676968751629.jpeg,"100.59208,13.68117",สำนักงานเขตบางนา ถนน สรรพาวุธ แขวงบางนาเหนือ เขตบางนา กรุงเทพมหานคร : 888 ถนน สรรพาวุธ แขวงบางนาเหนือ เขตบางนา กรุงเทพมหานคร 10260 ประเทศไทย,บางนาใต้,บางนา,จังหวัดกรุงเทพมหานคร,2023-02-16 09:14:14.048165+00,เสร็จสิ้น,,0,2023-02-21 08:39:14.457807+00
2023-HVHLVF,{กีดขวาง},"ปัญหาที่ต้องแก้เชิงนโยบาย,เขตปทุมวัน,สน.ปทุมวัน,สำนักงานตำรวจแห่งชาติ (Royal Thai Police),กองบัญชาการตำรวจนครบาล (บช.น.),กองบังคับการตำรวจนครบาล 6 (บก.น.6)",ตั้งสิ่งของกีดขวางพื้นผิวจราจร,https://storage.googleapis.com/traffy_public_bucket/attachment/2023-12/8b75e222d0b184649237e0aa9675ea8ea7b39aaf.jpg,https://storage.googleapis.com/traffy_public_bucket/attachment/2023-12/1703127520588.jpeg,"100.52933,13.74634",PGWH+HP5 ถ. พระรามที่ 1 แขวงวังใหม่ เขตปทุมวัน กรุงเทพมหานคร 10330 ประเทศไทย,วังใหม่,ปทุมวัน,กรุงเทพมหานคร,2023-12-20 03:11:02.89917+00,กำลังดำเนินการ,,1,2023-12-25 10:38:18.629459+00
2024-D2NC8E,{ความปลอดภัย},"เขตภาษีเจริญ,สำนักงานเลขานุการผู้ว่าราชการกรุงเทพมหานคร (บัญชีทางการ),สำนักพัฒนาสังคม กทม.","ขอให้นำประเด็นจากรายการ :
มุ่งสู่ประชาธิปไตย ไปกับสถาบันพระปกเกล้า วันอังคารที่ 3
ธันวาคม 2567 หัวข้อ “สังคมสูงอายุกับแนวทางการรับมือของเมืองสมัยใหม่” ตาม https://www.facebook.com/share/v/1DuevkqPfR/?mibextid=UalRPS ซึ่งมี ศาสตราจารย์ศศิพัฒน์ ยอดเพชร ผู้ทรงคุณวุฒิ ด้าน สังคมศาสตร์ในคณะกรรมการผู้สูงอายุแห่งชาติ เป็นผู้ร่วมรายการไปปรับใช้กับการดำเนินการของกรุงเทพมหานคร โดยเฉพาะการพัฒนาคุณภาพชีวิตของผู้สูงอายุในเมืองและการออกแบบโครงสร้างพื้นฐานที่รองรับผู้สูงอายุต่อไป",https://storage.googleapis.com/traffy_public_bucket/attachment/2024-12/a839935b0d71e98aaef4566ed82abb7e190432a5.jpg,https://storage.googleapis.com/traffy_public_bucket/attachment/2025-01/3c8d6972f79b970dd2ca283c2657908a.png,"100.45959,13.74173",1143/18 ถ. บางแวก แขวงคูหาสวรรค์ เขตภาษีเจริญ กรุงเทพมหานคร 10160 ประเทศไทย,คูหาสวรรค์,ภาษีเจริญ,กรุงเทพมหานคร,2024-12-03 13:28:48.368567+00,เสร็จสิ้น,5.0,0,2025-01-03 09:38:35.26721+00
2023-NCXDAV,{ความปลอดภัย},"เขตบางคอแหลม,ฝ่ายโยธา เขตบางคอแหลม",ไฟสว่างน้อยเกิดอุบัติเหตุ บ่อยครั้งหน้าวัดจันทร์ใน,https://storage.googleapis.com/traffy_public_bucket/attachment/2023-09/70a0f93a41a344c66c596995647f32f181a1b5f5.jpg,https://storage.googleapis.com/traffy_public_bucket/attachment/2023-10/1696158628202.jpeg,"100.50389,13.69500",597/30 ซอย ประดู่ 1 แขวงบางโคล่ เขตบางคอแหลม กรุงเทพมหานคร 10120 ประเทศไทย,บางโคล่,บางคอแหลม,กรุงเทพมหานคร,2023-09-30 10:03:24.496749+00,เสร็จสิ้น,5.0,0,2023-10-01 11:10:29.595329+00
2024-F7LL7X,{แสงสว่าง},"เขตบึงกุ่ม,ฝ่ายโยธา เขตบึงกุ่ม",ไฟฟ้าส่องสว่างดับ ม8แยก6-6,https://storage.googleapis.com/traffy_public_bucket/attachment/2024-08/e9abed0d2b2de66ddd4bcf2c03256ebafb39c83c.jpg,https://storage.googleapis.com/traffy_public_bucket/attachment/2024-08/b4787f3c5f0eddeb433b865995a2e59a.jpg,"100.65336,13.80654",4/7 นวมินทร์ แขวงคลองกุ่ม เขตบึงกุ่ม กรุงเทพมหานคร 10230 ประเทศไทย,คลองกุ่ม,บึงกุ่ม,กรุงเทพมหานคร,2024-08-07 14:58:37.587056+00,เสร็จสิ้น,,0,2024-08-08 05:23:09.811014+00
2022-3YVZQK,{ถนน},"กองโครงการสายอากาศเป็นสายใต้ดิน3 ฝ่ายบริหารโครงการ การไฟฟ้านครหลวง (กคต.3 ฝบค. กฟน.),โครงการรัชดาภิเษก-อโศก,ฝ่ายโยธา เขตสวนหลวง,การไฟฟ้านครหลวง เขตบางกะปิ,การไฟฟ้านครหลวง เขตคลองเตย,เขตห้วยขวาง,การไฟฟ้านครหลวง MEA,กองแผนงานและประสานสาธารณูปโภค สำนักการโยธา (กผภ.สนย.) กทม.,การไฟฟ้านครหลวง ฝ่ายบริหารโครงการ,สำนักการโยธา กทม.",อยากให้มาช่วยดูการก่อสร้างฟุตลบาทตลอดแนวถนนเพชรบุรีตัดใหม่ครับ,https://storage.googleapis.com/traffy_public_bucket/attachment/2022-06/9c4900ca0cfd01d1968b1497ff4accfd9ee3a265.jpg,https://storage.googleapis.com/traffy_public_bucket/attachment/2024-02/1708486354757.jpeg,"100.57954,13.74558",อาคารกรุงเทพ ทาวเวอร์ 2170 ถนน เพชรบุรีตัดใหม่ แขวง บางกะปิ เขตห้วยขวาง กรุงเทพมหานคร 10310 ประเทศไทย,บางกะปิ,ห้วยขวาง,กรุงเทพมหานคร,2022-06-07 12:31:36.315824+00,เสร็จสิ้น,,0,2024-02-21 03:32:36.572425+00
KDGZML,"{ถนน,ทางเท้า}","เขตบางซื่อ,ฝ่ายเทศกิจ เขตบางซื่อ","ปัญหา: ตรงหน้าบ้านเป็นฟุตบาทติดถนนใหญ่แล้วมีวินมอเตอร์ไซด์มาจอดซ่อมมอเตอร์ไซด์และขับขี่บนฟุตบาทด้วย และไม่รักษาความสะอาด
บ้านเลขที่: 395/1
ถนน: ประราษฎร์สาย 1
จุดสังเกต: อยู่ใต้ MRT บางโพ อยู่ใกล้ห้วมุมโรงรับจำนำ
เขต: บางซื่อ
#1555",https://storage.googleapis.com/traffy_public_bucket/attachment/2023-07/1688552934777.jpeg,https://storage.googleapis.com/traffy_public_bucket/attachment/2023-07/1688976566321.jpeg,"100.52125,13.80644",บางโพ แขวงบางซื่อ เขตบางซื่อ กรุงเทพมหานคร 10800 ประเทศไทย,บางซื่อ,บางซื่อ,จังหวัดกรุงเทพมหานคร,2023-07-05 10:28:56.229631+00,เสร็จสิ้น,,0,2023-07-10 08:09:27.319157+00
KW22KE,{ถนน},"โครงการตามแนวรถไฟฟ้าสายสีน้ำเงิน,การประปานครหลวง กปน. (Metropolitan Waterworks Authority - MWA),บริษัท โทรคมนาคมแห่งชาติ จำกัด (มหาชน),การไฟฟ้านครหลวง เขตธนบุรี,เขตบางกอกน้อย,สำนักงานประปาสาขาบางกอกน้อย สสบ.,การไฟฟ้านครหลวง ฝ่ายบริหารโครงการ,การไฟฟ้านครหลวง MEA,สำนักงาน กสทช. (ศูนย์รับแจ้งปัญหา 1200)","ปัญหา: ถนน เนื่องจาก พบเห็นถนนภายในซอยชำรุด 2 จุด ถนนยุุบตัวลงเป็นหลุมกว้างขนาด 20-30 เซนติเมตร ทำให้ประชาชนสัญจรไม่สะดวก และอีกจุด ปากทางเข้าก็มีหลุมยุบตัวกว้าง 20-30 เซติเมตร ลึกพอๆกัน รถใหญ่พอผ่านได้แต่รถเล็กต้องเบรคชะลอ
ซอย: จรัญสนิทวงศ์ 47
จุดสังเกต: บริเวณซอยดังกล่าว
จุดที่ 1. เข้าซอยไปประมาณ 30 เมตร ทางขวามือ 
จุดที่ 2.บริเวณปากซอย ซึ่งทะลุไปยัง ซอยบรมราชชนนี 1 

เขต: บางกอกน้อย
#1555",https://storage.googleapis.com/traffy_public_bucket/attachment/2023-08/1692252680385.jpeg,https://storage.googleapis.com/traffy_public_bucket/attachment/2024-05/752b1c37b3ecd85beb863133b96dad33.jpg,"100.48045,13.77357",11 ถ. บรมราชชนนี แขวงอรุณอมรินทร์ เขตบางกอกน้อย กรุงเทพมหานคร 10700 ประเทศไทย,อรุณอมรินทร์,บางกอกน้อย,จังหวัดกรุงเทพมหานคร,2023-08-17 06:11:22.033686+00,เสร็จสิ้น,,0,2024-05-13 08:55:07.415335+00
2023-H3KU76,{ร้องเรียน},"เขตคันนายาว,ฝ่ายโยธา เขตคันนายาว",รับเหมาทิ้งงานชาวบ้านเดือดร้อนรถเช้าบ้านไม่ได้มา7เดือนแล้วช่วยเร่งรัดให้ด้วยไม่เข้าหน้างานมา1อาทิตย์ละ,https://storage.googleapis.com/traffy_public_bucket/attachment/2023-11/6855d3d73e0d5df210179023a287169b8d6e4454.jpg,https://storage.googleapis.com/traffy_public_bucket/attachment/2023-11/1699261838628.jpeg,"100.69003,13.80525",8 ซอย สวนสยาม 22 คันนายาว เขตคันนายาว กรุงเทพมหานคร 10230 ประเทศไทย,คันนายาว,คันนายาว,กรุงเทพมหานคร,2023-11-03 12:27:00.807265+00,เสร็จสิ้น,4.0,0,2023-11-06 09:10:40.369461+00
2023-4Y2MYW,{ความสะอาด},"พรรคประชาชน ยานนาวา-บางคอแหลม,เขตบางคอแหลม,ฝ่ายรักษาความสะอาดฯ เขตบางคอแหลม",ปัญหาถังขยะแตกชำรุด 1 ใบ,https://storage.googleapis.com/traffy_public_bucket/attachment/2023-11/ceabd68e11d1122661018ef3bccbe085e37b734d.jpg,https://storage.googleapis.com/traffy_public_bucket/attachment/2023-12/1701489814338.jpeg,"100.50179,13.69972",25/10 ถ. เจริญกรุง แขวงวัดพระยาไกร เขตบางคอแหลม กรุงเทพมหานคร 10120 ประเทศไทย,บางคอแหลม,บางคอแหลม,กรุงเทพมหานคร,2023-11-28 07:55:57.117453+00,เสร็จสิ้น,,0,2023-12-02 04:03:35.637871+00
2024-NUVCCL,{},"เขตปทุมวัน,ฝ่ายเทศกิจ เขตปทุมวัน",วางกันยาวเลยคับเห็นโดยตักเตือนแล้วยังมาขายยุเลยคับควรจะทำยังไงต่อคับช่วยจัดการหน่อย,https://storage.googleapis.com/traffy_public_bucket/attachment/2024-02/1f8ec76a1b1105e67b52a67eb23c2ab1a781048e.jpg,https://storage.googleapis.com/traffy_public_bucket/attachment/2024-02/1707837078023.jpeg,"100.54684,13.73835",89/12 ถ. วิทยุ แขวง ลุมพินี เขตปทุมวัน กรุงเทพมหานคร 10330 ประเทศไทย,ลุมพินี,ปทุมวัน,กรุงเทพมหานคร,2024-02-01 04:34:08.187658+00,เสร็จสิ้น,,0,2024-02-13 15:11:19.230781+00
,{จราจร},"แขวงทางหลวงธนบุรี กรมทางหลวง,เขตจอมทอง,การทางพิเศษแห่งประเทศไทย,กรุงเทพโปร่งใส",,https://storage.googleapis.com/traffy_public_bucket/TeamChadChart/corruption_photo2.png,,"100.47354,13.68073",,บางมด,จอมทอง,กรุงเทพมหานคร,2022-08-27 15:46:04.3294+00,กำลังดำเนินการ,,0,2024-08-02 06:50:54.337844+00
2024-3CYNK9,"{ความสะอาด,กีดขวาง}","เขตวัฒนา,สน.ทองหล่อ,สำนักงานตำรวจแห่งชาติ (Royal Thai Police),กองบัญชาการตำรวจนครบาล (บช.น.),กองบังคับการตำรวจนครบาล 5 (บก.น.5)",พนักงานในโครงการMaze Thonglor จอดรถกีดขวางการจราจรในซอย และสร้างความสกปรก ทิ้งขยะไม่ถูกที่ถูกทาง,https://storage.googleapis.com/traffy_public_bucket/attachment/2024-11/9ecf767a6d7c565cf1a945a8db2cb4d5908d7edc.jpg,,"100.58181,13.72798",122 ซอย ทองหล่อ 4 แขวงคลองตันเหนือ เขตวัฒนา กรุงเทพมหานคร 10110 ประเทศไทย,คลองตันเหนือ,วัฒนา,กรุงเทพมหานคร,2024-11-07 07:49:28.100024+00,กำลังดำเนินการ,,0,2024-11-13 07:13:01.335868+00
2023-9KT72X,{ถนน},"เขตพญาไท,ฝ่ายโยธา เขตพญาไท",ถนนในซอยบุญอยู่ และฝาท่อระบายน้ำตลอดทั้งซอยเป็นหลุมบ่อ ขรุขระ อาจก่อให้เกิดอันตรายได้,https://storage.googleapis.com/traffy_public_bucket/attachment/2023-04/f7dc4b271af3ca0c4c278936cefa4fccffb5252a.jpg,https://storage.googleapis.com/traffy_public_bucket/attachment/2023-05/1684812997693.jpeg,"100.54847,13.76881",169 ซ. บุญอยู่ แขวงสามเสนใน เขตพญาไท กรุงเทพมหานคร 10400 ประเทศไทย,สามเสนใน,พญาไท,กรุงเทพมหานคร,2023-04-14 11:30:33.09936+00,เสร็จสิ้น,,0,2023-05-23 03:36:39.103361+00
BY6ARL,{ถนน},"เขตบางแค,ฝ่ายโยธา เขตบางแค","ปัญหา: พบมีการก่อสร้างทำให้มีฝุ่นละอองตกเข้ามาในบ้าน ต้องการให้เจ้าหน้าที่ตรวจสอบว่าการก่อสร้างถูกต้องหรือไม่และอยากให้มีการป้องกันฝุ่นละออง และเศษปูน เศษสี ที่ตกลงมา

ซอย: เพชรเกษม 88
ถนน: เพชรเกษม 
จุดสังเกต: บริเวณในซอยดังกล่าว เข้ามา 500 เมตร จะพบเซเว่น-อีเลฟเว่นแล้วเข้าซอยขวามือ ประมาณ 50 เมตร จะมีสี่แยกแรก เลี้ยวขวาสี่แยกแรก จะพบบ้านที่ก่อสร้าง

เขต: บางแค
#1555",https://storage.googleapis.com/traffy_public_bucket/attachment/2024-01/1704707477260.jpeg,https://storage.googleapis.com/traffy_public_bucket/attachment/2024-01/1705549776745.jpeg,"100.40257,13.71463",59 ซ. เพชรเกษม 88 แขวงบางแคเหนือ เขตบางแค กรุงเทพมหานคร 10160 ประเทศไทย,บางแคเหนือ,บางแค,จังหวัดกรุงเทพมหานคร,2024-01-08 09:51:31.470186+00,เสร็จสิ้น,,0,2024-01-18 03:49:37.638093+00
2023-4AB8VC,{แสงสว่าง},"โยธาธิการ,เขตบางพลัด,การไฟฟ้านครหลวง เขตบางใหญ่,การไฟฟ้านครหลวง MEA,Bangkok Smart Lighting (สำนักการโยธา กทม.)",เสาไฟฟ้าไม่ติด มาเป็นปีแล้วค่ะ,https://storage.googleapis.com/traffy_public_bucket/attachment/2023-09/9393cc6e0656734bda3e905305f9680e47e4f221.jpg,https://storage.googleapis.com/traffy_public_bucket/attachment/2024-12/1cc73ba16c1fa0a986270b7011721b1a.png,"100.47732,13.79079",344 สิรินธร แขวง บางพลัด เขตบางพลัด กรุงเทพมหานคร 10700 ประเทศไทย,บางพลัด,บางพลัด,กรุงเทพมหานคร,2023-09-16 08:56:17.267261+00,เสร็จสิ้น,,0,2024-12-15 05:49:02.711042+00
2023-GZH46D,{แสงสว่าง},"เขตทวีวัฒนา,สำนักการโยธา กทม.,สำนักงานก่อสร้างและบูรณะ สำนักการโยธา (สกบ.สนย.) กทม.,ส่วนก่อสร้างและบูรณะ 1 สำนักงานก่อสร้างและบูรณะ (สกบ.สนย.),ศูนย์เครื่องมือกล ส่วนก่อสร้างและบูรณะ 2 สำนักงานก่อสร้างและบูรณะ (สกบ.สนย.)",ทางโค้งมืดอะนตรายสีที่ทาไม่ชัดเจนรถเลี้ยวไม่เห็นขอเจ้าหน้าที่มาทาสีใหม่ให้ขัดขึ้น,https://storage.googleapis.com/traffy_public_bucket/attachment/2023-10/43bf280977e4550d2658aa4bbca51c40594bcdd0.jpg,https://storage.googleapis.com/traffy_public_bucket/attachment/2024-06/43db1399eac2b485180eb65b60fe88ea.jpg,"100.39431,13.79972",122 ถ. พุทธมณฑล สาย 2 แขวงศาลาธรรมสพน์ เขตทวีวัฒนา กรุงเทพมหานคร 10170 ประเทศไทย,ศาลาธรรมสพน์,ทวีวัฒนา,กรุงเทพมหานคร,2023-10-28 15:24:11.3684+00,กำลังดำเนินการ,,1,2024-10-21 09:49:52.59129+00
2024-HQTC2N,{ต้นไม้},"เขตพญาไท,ฝ่ายรักษาความสะอาดฯ เขตพญาไท",ต้นไม้ใหญ่ตรงบริเวณสวนหย่อมค่ะ,https://storage.googleapis.com/traffy_public_bucket/attachment/2024-08/f32d4660edec1a47de0761e33b41d5b40c595690.jpg,https://storage.googleapis.com/traffy_public_bucket/attachment/2024-09/2ce1249ce50233646af0151d6e5bb856.png,"100.54009,13.79533",4 Soi Ruam Mittr Yan Phaholyothin Road Phayathai Khet แขวง สามเสนใน เขตพญาไท กรุงเทพมหานคร 10400 ประเทศไทย,สามเสนใน,พญาไท,กรุงเทพมหานคร,2024-08-28 09:19:19.98495+00,เสร็จสิ้น,5.0,0,2024-09-02 05:32:54.148603+00
2022-BBU4GQ,{ทางเท้า},"เขตราชเทวี,ฝ่ายโยธา เขตราชเทวี,ผอ.เขตราชเทวี (นายกรณิศ),กลุ่มกรุงเทพกลาง (นายสุขสันต์ กิตติศุภกร)",ที่เอกชน ปล่อยน้ำฝนลงพื้นทางเท้า ช่วยให้เค้าทำท่อเป็นระเบียบหน่อยครับ,https://storage.googleapis.com/traffy_public_bucket/attachment/2022-09/2aa0ba92f6fc0b160ab1059dc36344acab40a5d4.jpg,https://storage.googleapis.com/traffy_public_bucket/attachment/2022-10/e6303dcd3d7be3bb905e9809033c5b2606c705a5.jpg,"100.54208,13.75543",90/5 ถนนราชปรารภ แขวง ถนนพญาไท เขตราชเทวี กรุงเทพมหานคร 10400 ประเทศไทย,ถนนพญาไท,ราชเทวี,กรุงเทพมหานคร,2022-09-25 09:11:50.96569+00,เสร็จสิ้น,5.0,0,2022-10-31 09:27:49.388747+00
E4ZWEU,"{กีดขวาง,ถนน}","เขตพระนคร,ฝ่ายเทศกิจ เขตพระนคร","ปัญหา: บริเวณตรอกดังกล่าว พบมีการวางสิ่งของจำนวนมาก เช่น เศษไม้ โต๊ะ เก้าอี้ ตู้ รถเข็น กล่องเสื้อผ้า บนทางบาทวิถีและถนนสาธารณะ กีดขวางทางเดิน สร้างความเดือนร้อนเป็นอย่างมาก

ซอย: เสถียร
ถนน: บูรณศาสตร์
จุดสังเกต: บริเวณหัวมุมตรอกดังกล่าว ตัดกับถนนบูรณศาสตร์
เขต: พระนคร
#1555",https://storage.googleapis.com/traffy_public_bucket/attachment/2024-07/d2213c004d334c0e972f190b944954f0.jpg,https://storage.googleapis.com/traffy_public_bucket/attachment/2024-07/4125af9c5e1e8087ce5080d090d33efb.png,"100.49715,13.75590",3 ถนน บุญศิริ แขวงศาลเจ้าพ่อเสือ เขตพระนคร กรุงเทพมหานคร 10200 ประเทศไทย,ศาลเจ้าพ่อเสือ,พระนคร,จังหวัดกรุงเทพมหานคร,2024-07-23 11:16:44.675405+00,เสร็จสิ้น,,0,2024-07-24 06:59:32.764015+00
2024-8UPZM6,"{ต้นไม้,ความปลอดภัย}","เขตลาดกระบัง,ฝ่ายรักษาความสะอาดฯ เขตลาดกระบัง",ผิวถนนเป็นหลุมบ่อและมีต้นไม้ข้างทางเป็นอันตรายต่อผู้สัญจรมาก,https://storage.googleapis.com/traffy_public_bucket/attachment/2024-09/0805b4a95d423c5be42f5e77fd38b4dcf9e94623.jpg,https://storage.googleapis.com/traffy_public_bucket/attachment/2024-09/d1b87ba1a5a5e02365f7b50d9fb83e87.png,"100.78540,13.72105",2508 ซอย ลาดกระบัง 54/4 แขวง ลาดกระบัง เขตลาดกระบัง กรุงเทพมหานคร 10520 ประเทศไทย,ลาดกระบัง,ลาดกระบัง,กรุงเทพมหานคร,2024-09-20 04:06:13.474274+00,เสร็จสิ้น,5.0,0,2024-09-23 04:58:13.656586+00
,{},"เขตหลักสี่,ฝ่ายโยธา เขตหลักสี่,กรุงเทพโปร่งใส",,https://storage.googleapis.com/traffy_public_bucket/TeamChadChart/corruption_photo2.png,https://storage.googleapis.com/traffy_public_bucket/attachment/2024-02/1707966738003.jpeg,"100.54808,13.85436",,ทุ่งสองห้อง,หลักสี่,กรุงเทพมหานคร,2023-11-15 06:41:00.82754+00,เสร็จสิ้น,,0,2024-08-02 09:16:23.177549+00
,"{ป้าย,สอบถาม}","เขตคลองสามวา,ฝ่ายโยธา เขตคลองสามวา,กรุงเทพโปร่งใส",,https://storage.googleapis.com/traffy_public_bucket/TeamChadChart/corruption_photo2.png,https://storage.googleapis.com/traffy_public_bucket/attachment/2023-10/1696771056886.jpeg,"100.69489,13.85922",,บางชัน,คลองสามวา,กรุงเทพมหานคร,2023-10-01 09:32:39.881542+00,เสร็จสิ้น,4.0,0,2024-08-02 08:50:40.805914+00
2023-H3WN3H,{ท่อระบายน้ำ},"เขตบางกอกใหญ่,ฝ่ายโยธา เขตบางกอกใหญ่",ฝาท่อชำรุด,https://storage.googleapis.com/traffy_public_bucket/attachment/2023-07/a3cd42ba4adb574120e45a26c0158580f33dbfb1.jpg,https://storage.googleapis.com/traffy_public_bucket/attachment/2023-08/1693206539831.jpeg,"100.47684,13.73463",230/5 ซอย จรัญสนิทวงศ์ 12 แขวงวัดท่าพระ เขตบางกอกใหญ่ กรุงเทพมหานคร 10600 ประเทศไทย,วัดท่าพระ,บางกอกใหญ่,กรุงเทพมหานคร,2023-07-05 09:52:46.562127+00,เสร็จสิ้น,5.0,0,2023-08-28 07:09:00.941507+00
BN2UYD,"{การเดินทาง,ถนน,จราจร,ป้าย,สะพาน,ร้องเรียน,ความปลอดภัย,แสงสว่าง,คลอง}","เขตบึงกุ่ม,ฝ่ายโยธา เขตบึงกุ่ม,สำนักงาน กสทช. (ศูนย์รับแจ้งปัญหา 1200)","ศูนย์เรื่องราวร้องทุกข์ ได้รับการประสานผ่านระบบการจัดการเรื่องราวร้องทุกข์ สำนักงานปลัดสำนักนายกรัฐมนตรี ทำเนียบรัฐบาล รหัสเรื่อง นร02660020317 

ขอให้ซ่อมแซมไฟฟ้าส่องสว่างริมทาง บริเวณ ภายในซอยนวมินทร์ 24 (ตั้งแต่ต้นซอยไปจนถึงท้ายซอย) ถนนนวมินทร์ แขวงคลองกุ่ม เขตบึงกุ่ม กรุงเทพมหานคร เนื่องจากผู้ร้องสัญจรผ่านบริเวณดังกล่าว พบว่าไฟฟ้าส่องสว่างริมทาง จำนวน 20 ดวง (เสาไฟฟ้า 20 ต้น) ในระยะทางยาวประมาณ 1 กิโลเมตร มีลักษณะชำรุด ไม่สามารถเปิดใช้งานได้ ทำให้มีแสงสว่างไม่เพียง เมื่อไฟฟ้าส่องสว่างริมทางชำรุด ส่งผลทำให้การเดินทางสัญจรผ่านนั้นไม่สะดวก และเกรงว่าจะก่อให้เกิดอันตรายแก่ชีวิต-ทรัพย์สินได้ ประสบปัญหามาเป็นระยะเวลาประมาณ 1 เดือนแล้ว จึงประสงค์ให้ทางหน่วยงานที่เกี่ยวข้องเร่งการดำเนินการซ่อมแซมไฟฟ้าส่องสว่างริมทางบริเวณพื้นที่ดังกล่าว ประกอบกับประสงค์ให้ดำเนินการตีเส้นแบ่งจราจร และปรับฝาท่อระบายน้ำให้เรียบสม่ำเสมอกัน เพื่ออำนวยความสะดวกในการสัญจรแก่ประชาชนต่อไป (ผู้ร้องประสงค์ให้ปกปิดชื่อ-นามสกุล และหมายเลขโทรศัพท์) (แจ้งข้อมูลเพิ่มเติม 17/05/2566 ) ผู้ร้องแจ้งข้อมูลเพิ่มเติมเกี่ยวกับบริเวณดังกล่าวมีสายไฟฟ้าตกห้อยและพันกันไม่เป็นระเบียบทั้งบริเวณที่ให้ซ่อมแซมไฟฟ้าส่องสว่างริมทาง และที่ได้แจ้งให้มีการตีเส้นแบ่งจราจราจรต้องการให้มีการระบุลูกศรในการบอกเส้นทางลงไปด้วยและพบว่าป้ายที่แสดงในการแจ้งแยกต่างๆ ที่อยู่ก่อนถึงสะพาน(ไม่ระบุชื่อ) ในพื้นที่จะไม่ตรง โดยมีลักษณะเบี้ยวด้วย

//หมายเหตุ ปักหมุดที่สำนักงานเขตเพราะไม่สามารถปักละติจูด ลองติจูด ที่ชัดเจนได้ กรุณาอ่านรายละเอียดสถานที่จากรายละเอียดการแจ้งเป็นหลัก
ศูนย์ฯ ประสานมาเพื่อตรวจสอบและดำเนินการ และโปรดพิจารณาให้ความคุ้มครองผู้ร้องและผู้เกี่ยวข้องอย่าให้ต้องรับภัย หรือความไม่ชอบธรรมอันเนื่องมาจากการร้องเรียน การเป็นพยาน หรือการให้ข้อมูลนั้น  #ศรท  #ศรท1111
#1555 #citydata",https://storage.googleapis.com/traffy_public_bucket/attachment/2023-05/1684376805968.jpeg,,"100.66962,13.78535",สำนักงานเขตบึงกุ่ม กรุงเทพมหานคร ถนน เสรีไทย แขวงคลองกุ่ม เขตบึงกุ่ม กรุงเทพมหานคร : 999 ถ. เสรีไทย แขวงคลองกุ่ม เขตบึงกุ่ม กรุงเทพมหานคร 10230 ประเทศไทย,คลองกุ่ม,บึงกุ่ม,จังหวัดกรุงเทพมหานคร,2023-05-18 02:26:47.050489+00,รอรับเรื่อง,,0,2023-06-19 07:06:35.61316+00
2023-39AKX9,{คนจรจัด},"เขตบางรัก,ฝ่ายเทศกิจ เขตบางรัก",ขอทานต่อหน้าผู้ว่าฯ,https://storage.googleapis.com/traffy_public_bucket/attachment/2023-03/3d45737c4a2116638e5787e704309ca8bc984450.jpg,https://storage.googleapis.com/traffy_public_bucket/attachment/2023-04/1680513178842.jpeg,"100.53469,13.72868",34 ชั้น 1 แขวง สีลม เขตบางรัก กรุงเทพมหานคร 10500 ประเทศไทย,สีลม,บางรัก,กรุงเทพมหานคร,2023-03-27 10:49:15.961537+00,เสร็จสิ้น,5.0,0,2023-04-03 09:13:02.49773+00
4R8UZ6,{},"เขตคลองสาน,สน.สมเด็จเจ้าพระยา","ปัญหา: บริเวณปากซอยดังกล่าวช่องทางการจราจรเลน 2 พบมีรถจอดกีดขวางเส้นทางการสัญจรเป็นประจำทุกวัน ส่งผลกระทบต่อการสัญจรเป็นอย่างมาก
ซอย: ลาดหญ้า 3
ถนน: ลาดหญ้า
จุดสังเกต: บริเวณไกล้จุดกับรถและร้านอาหารทางเข้าวงเวียน
เขต: คลองสาน
#1555",https://storage.googleapis.com/traffy_public_bucket/attachment/2024-12/1afceaa3829d60209292f2f1e94791a5.jpg,https://storage.googleapis.com/traffy_public_bucket/attachment/2024-12/2f152a98361fa6c6626aae46c4fb1131.png,"100.49631,13.72714",เลขที่ 59 ถ. ลาดหญ้า แขวงคลองสาน เขตคลองสาน กรุงเทพมหานคร 10600 ประเทศไทย,สมเด็จเจ้าพระยา,คลองสาน,จังหวัดกรุงเทพมหานคร,2024-12-05 13:19:20.744428+00,เสร็จสิ้น,,0,2024-12-07 01:31:44.200131+00
2022-EELQ9L,{เสียงรบกวน},"เขตบางขุนเทียน,ผอ.เขตบางขุนเทียน (นางภัสรา),กลุ่มกรุงธนใต้ (นายเฉลิมพล โชตินุชิต)","1.แจ้งเรื่อง ""ตลาดบางกระดี่ เฮียชุ้น"" จัดคอนเสิร์ตผิดกฏหมาย สร้างเสียงดังรบกวนยามวิกาล คอนเสิร์ตจัด10วันต่อเนื่อง ตั้งแต่วันที่25 มิ.ย. - 4 ก.ค 65 ในเวลาตั้งแต่ประมาณ1ทุ่มครึ่งขึ้นไป เสียงจะดังเต็มที่ช่วงสองทุ่มกว่า จากประวัติเดิมที่จัดคอนเสิร์ตจะเลิกงานตอนประมาณเที่ยงคืน ระดับเสียงที่ดัง ดังจนบ้านและกระจกสั่น รบกวนและสร้างความเดือดร้อนแก่ผู้อาศัยบริเวณนี้เป็นอย่างมากทั้งจิตใจและร่างกาย

โดยเรื่องนี้ดิฉันและผู้อยู่อาศัยละแวกนี้ร้องเรียนต่อเนื่องกับเขตบางขุนเทียนมาเป็นเวลากว่า5ปีแล้ว แต่เขตไม่เคยจัดการขั้นเด็ดขาดกับตลาดดังกล่าวเลย

2.รูปขอแนบเป็นหลักฐานการจัดตั้งคอนเสิร์ตที่ทางตลาดโฆษณาจริง

3.ตำแหน่ง ตลาดบางกระดี่ เฮียชุ้น อยู่เลยซอยบางกระดี่16 ไปประมาณ100เมตร อยู่ริมถนน

4.รับการแจ้งเตือนความคืบหน้า",https://storage.googleapis.com/traffy_public_bucket/attachment/2022-06/357f97bc5defdb63eb3da668c8aec15063605e4a.jpg,,"100.40153,13.61883",108 ถ. บางกระดี่ แขวง แสมดำ เขตบางขุนเทียน กรุงเทพมหานคร 10150 ประเทศไทย,แสมดำ,บางขุนเทียน,กรุงเทพมหานคร,2022-06-25 13:57:00.425531+00,เสร็จสิ้น,1.0,0,2022-06-28 07:52:47.260733+00
2022-8YP4LH,{},"กลุ่มงานระบายน้ำ ฝ่ายโยธา@ห้วยขวาง,เขตห้วยขวาง,ผอ.เขตห้วยขวาง (นายไพฑูรย์),กลุ่มกรุงเทพกลาง (นายสุขสันต์ กิตติศุภกร)",ป้ายซอยจะล้ม,https://storage.googleapis.com/traffy_public_bucket/attachment/2022-08/f1acf19ba23952cd1a5cbfd9c29d2693db31ce7d.jpg,https://storage.googleapis.com/traffy_public_bucket/attachment/2022-08/ca08dd99d1f9f2fdeb065d07a13f6ccad6217353.jpg,"100.58330,13.79674",789/3 ซอย ลาดพร้าว 48 แยก 8-8 แขวง สามเสนนอก เขตห้วยขวาง กรุงเทพมหานคร 10310 ประเทศไทย,สามเสนนอก,ห้วยขวาง,กรุงเทพมหานคร,2022-08-09 01:15:28.323384+00,เสร็จสิ้น,5.0,0,2022-08-09 03:35:37.609424+00
2024-EEDZ4E,{ความสะอาด},"เขตพระนคร,ฝ่ายรักษาความสะอาดฯ เขตพระนคร",หน้า รร เบญจมรกมากค่ะทุกวันเลยทำไมไม่มีพนักงานมาทำควาทสะอาดเห็นแค่ฝั่งริมกำแพงวีัดที่มีพี่ ก.ท.ม.เดินกวาด ทำไมถึงไม่เดินมากวาดอีกฝั่งนึง ตอน นี้ เลิกเรียนขยะปลิวมาเยอะมากค่ะ บางวันเห็นขยะเป็นกองๆ บางวันเยอะจนน่าเกลียดเลย ปกติเห็นสะอาดกว่านี้มาจอดรถแถวนี้ทุกวัน,https://storage.googleapis.com/traffy_public_bucket/attachment/2024-10/59c28e334fda0db446897624f8d9860e243677c7.jpg,https://storage.googleapis.com/traffy_public_bucket/attachment/2024-10/6cb261bba1e370bc2708627aabe8d747.png,"100.50210,13.75108",126 ถนน ศิริพงษ์ แขวงสำราญราษฎร์ เขตพระนคร กรุงเทพมหานคร 10200 ประเทศไทย,สำราญราษฎร์,พระนคร,กรุงเทพมหานคร,2024-10-03 10:22:10.538663+00,เสร็จสิ้น,,0,2024-10-07 15:44:15.674553+00
2022-HB8NVL,"{สะพาน,ถนน}","ปัญหาที่ต้องแก้เชิงนโยบาย,เขตคันนายาว,สน.คันนายาว,สำนักงานตำรวจแห่งชาติ (Royal Thai Police),กองบัญชาการตำรวจนครบาล (บช.น.),กองบังคับการตำรวจนครบาล 2 (บก.น.2)","สวัสดีครับ
ต้องการเสนอแนะการจัดการจราจรและแก้ไขปัญหาการจราจรบริเวณแยกรามอินทรา กม.8และถนนคู้บอนครับ
1. ห้ามรถตรงผ่านแยก กม.8 ตัดถนนคู้บอน ให้เลี้ยวซ้ายได้เท่านั้น ส่วนรถที่มาจากถนนรามอินทราขาออกที่ต้องการตรงข้ามแยก กม.8 ขึ้นสะพานอย่างเดียว ส่วนรถที่ต้องการเลี้ยวขวาไปถนนนวมินทร์ให้ตรงขึ้นสะพานข้ามแยกและไปกลับรถที่หน้าแฟชั่นไอส์แลนด์
2. ห้ามรถที่ออกจากถนนคู้บอนเลี้ยวขวาเข้ารามอินทราขาเข้า โดยให้เลี้ยวซ้ายแล้วไปกลับรถที่จุดกลับรถบริเวณแยก กม.8 ตัดนวมินทร์แทน
3. ห้ามรถที่มาจากรพ.สินแพทย์ตรงผ่านแยก กม.8 ตัดนวมินทร์ ให้ตรงขึ้นสะพานเท่านั้นหรือไปกลับรถที่ถนนนวมินทร์เพื่อเลี้ยวซ้ายเข้ารามอินทราและถนนคู้บอน (อาจพิจารณาขยายผิวถนนบริเวณจุดกลับรถเพื่อให้กลับรถได้รวดเร็วและสะดวกยิ่งขึ้น)
4. รถที่มาจากถนนนวมินทร์เลี้ยวขวาเข้ารามอินทราขาออกและเลี้ยวซ้ายเพื่อไปรามอินทราขาเข้าและถนนคู้บอนได้ตามปกติ
สิ่งที่คาดว่าจะได้รับจากการจัดการจราจรดังกล่าว
- ลดปัญหาการจราจรติดขัดสะสมจากรถที่ออกจากถนนคู้บอนและต้องการเลี้ยวขวาเข้าถนนรามอินทรา
- ลดปัญหาการจราจรติดขัดสะสมจากรถที่มาจากรพ.สินแพทย์และถนนนวมินทร์แล้วต้องการเลี้ยวขวาเข้าถนนคู้บอน
- ลดปัญหาการจราจรติดขัดสะสมจากรถที่มาจากรามอินทราขาออกและต้องการเลี้ยวซ้ายเข้าถนนคู้บอนหรือเลี้ยวขวาเข้าถนนนวมินทร์
- การจราจรคล่องตัวบริเวณแยก กม.8 ตัดคู้บอนและนวมินทร์
หมายเหตุ
บริเวณแยก กม.8 ตัดคู้บอนและนวมินทร์มีลักษณะพิเศษที่มีจุดกลับรถเหมาะสมกับการจัดการจราจรดังกล่าว ทั้งนี้ผู้ที่ได้รับผลกระทบมีจำนวนน้อยกว่าผู้ที่ได้รับประโยชน์จากการจัดการจราจรดังกล่าวมาก โดยสามารถพิจารณาจากปริมาณรถที่มุ่งหน้าในทิศทางต่างๆและการตัดขัดสะสมของรถในแต่ละทิศทาง",https://storage.googleapis.com/traffy_public_bucket/attachment/2022-06/235f89ee7c4607ba5ff7becf03c8564152e4bb46.jpg,https://storage.googleapis.com/traffy_public_bucket/attachment/2024-01/1705648790839.jpeg,"100.66235,13.83866",39/22 ซ. 39 ถนน รามอินทรา แขวง รามอินทรา เขตคันนายาว กรุงเทพมหานคร 10230 ประเทศไทย,รามอินทรา,คันนายาว,กรุงเทพมหานคร,2022-06-17 13:50:54.82385+00,เสร็จสิ้น,,0,2024-01-19 07:19:52.032551+00
2024-KHBWP7,"{แสงสว่าง,ร้องเรียน}","เขตพญาไท,สำนักการโยธา กทม.,ฝ่ายโยธา เขตพญาไท,สำนักงานก่อสร้างและบูรณะ สำนักการโยธา (สกบ.สนย.) กทม.,ศูนย์เครื่องมือกล ส่วนก่อสร้างและบูรณะ 2 สำนักงานก่อสร้างและบูรณะ (สกบ.สนย.),Bangkok Smart Lighting (สำนักการโยธา กทม.)",เสาไฟฟ้าหน้าบ้านดับ มากกว่า2เดือนแล้ว และบ้านข้างๆเป็นป่ารก มีสัตว์เลื้อยคลานชุกชุม ที่สำคัญมีคนแอบปีนเข้าไป หรือมาด้อมๆมองๆบ่อยืเพราะเป็นซอยตัน สุดซอย ยิ่งไม่มีไฟฟ้า ทำให้น่ากลัว และช่วงนี้มีคนแอบมาจอดมอเตอร์ไซค์ค้างไว้ แบบผิดสังเกต ทั้งนี้ได้แจ้งเรื่องไปยังการไฟฟ้าและอื่นๆแต่ยังไม่มีการแก้ไขแต่อย่างใด,https://storage.googleapis.com/traffy_public_bucket/attachment/2024-12/3d8e7ab036c5b2268dfcb8e5063bfef4a1616274.jpg,,"100.53858,13.78434",208 ถ. พระรามที่ 6 แขวงพญาไท เขตพญาไท กรุงเทพมหานคร 10400 ประเทศไทย,สามเสนใน,พญาไท,กรุงเทพมหานคร,2024-12-26 13:17:20.258055+00,กำลังดำเนินการ,,0,2025-01-02 04:39:05.644133+00
