ticket_id,std_type,type,type_list,organization,comment,comment_length,photo,photo_after,lng,lat,subdistrict,district,province,province_clean,timestamp,last_activity,state,star,count_reopen,year
LR93UH,flood,"{ห้องน้ำ,ถนน,ทางเท้า}","['ห้องน้ำ', 'ถนน', 'ทางเท้า']","ส่วนสวนสาธารณะ 1 สสณ. สสล.,เขตบางกอกน้อย,สำนักสิ่งแวดล้อม กทม.,สำนักงานสวนสาธารณะ สำนักสิ่งแวดล้อม","ปัญหา: สวนสิรินธราพฤษาพรรณ 
1. พบไฟฟ้าส่องสว่างดับชำรุด ด้านกำแพงรั้วเสาปักระหว่างทางเดินออกกำลัง เป็นเสาต้นกลมๆ สูงประมาณ 1 เมตรกว่า ประมาณ 10 กว่าดวง พบเห็นนานแล้ว
2. พบห้องน้ำผู้ชาย ชักโครกกดแล้วน้ำพุ่งขึ้น พบเห็นนานมากแล้ว ต้องการให้มาซ่อมแซมด้วย
ซอย: จรัญสนิทวงศ์ 25 แยก 5
ถนน: จรัญสนิทวงศ์
เขต: บางกอกน้อย
#1555",318,https://storage.googleapis.com/traffy_public_bucket/attachment/2024-04/ea19d92fa75b6260767096676d59e929.jpg,https://storage.googleapis.com/traffy_public_bucket/attachment/2024-04/88cf8dd097b610b99c68574a7f715a5a.png,100.46662,13.74655,บางขุนศรี,บางกอกน้อย,จังหวัดกรุงเทพมหานคร,กรุงเทพมหานคร,2024-04-02 11:10:10.720093+00:00,2024-04-06 05:44:35.979564+00:00,เสร็จสิ้น,,0,2024
2024-AU98ZU,flood,"{ท่อระบายน้ำ,ความปลอดภัย}","['ท่อระบายน้ำ', 'ความปลอดภัย']","เขตบางกะปิ,ฝ่ายโยธา เขตบางกะปิ",ฝาท่อ ชำรุด  ไม่อยู่ในสภาพ ใช้งาน มี สนิม  และ เป็นช่อง อาจจะ เป็นอันตราย กับ คนเดินได้ ครับ,92,https://storage.googleapis.com/traffy_public_bucket/attachment/2024-02/51a7ee73dfac08f95b1c20160f9ff1d28d4bc1ed.jpg,https://storage.googleapis.com/traffy_public_bucket/attachment/2024-02/1707197643168.jpeg,100.63982,13.76136,หัวหมาก,บางกะปิ,กรุงเทพมหานคร,กรุงเทพมหานคร,2024-02-02 13:24:14.096187+00:00,2024-02-06 05:34:04.577868+00:00,เสร็จสิ้น,,0,2024
2024-KF8YZA,unknown,{},['unknown'],"เขตปทุมวัน,ฝ่ายเทศกิจ เขตปทุมวัน",ไม่มีแผงลอย เทศกิจกวดขันตลอด ที่เห็นแค่ภาพลวงตา,47,https://storage.googleapis.com/traffy_public_bucket/attachment/2024-02/04019044dd0bafff66284fa8f6cf4090981d997c.jpg,https://storage.googleapis.com/traffy_public_bucket/attachment/2024-06/d966e5157b33290117ed988802c82705.png,100.53339,13.74556,ปทุมวัน,ปทุมวัน,กรุงเทพมหานคร,กรุงเทพมหานคร,2024-02-26 14:43:46.820122+00:00,2024-06-10 06:13:35.429182+00:00,เสร็จสิ้น,1.0,6,2024
2024-GML26A,safety,"{PM2.5,เสียงรบกวน}","['PM2.5', 'เสียงรบกวน']","เขตมีนบุรี,ฝ่ายสิ่งแวดล้อมฯ เขตมีนบุรี",พบแคมป์ก่อสร้าง ทำงานช่วงเวลากลางคืน 22.00น-05.00น. ส่งเสียงดังในเวลายามวิกาล ทำให้เดือนร้อน ทางด้านเสียงและฝุ่น รบกวนตรวจสอบ โดยด่วน ทำมาเกือบเดือนแล้วเดือนร้อนมากๆ,165,https://storage.googleapis.com/traffy_public_bucket/attachment/2024-01/9066f70fb783da4b0e0ba80ea500ee1f009bb776.jpg,https://storage.googleapis.com/traffy_public_bucket/attachment/2024-01/1706679856615.jpeg,100.73807,13.81486,แสนแสบ,มีนบุรี,กรุงเทพมหานคร,กรุงเทพมหานคร,2024-01-26 15:20:26.679893+00:00,2024-01-31 05:44:17.851615+00:00,เสร็จสิ้น,5.0,0,2024
2024-42MXLL,lighting,{แสงสว่าง},['แสงสว่าง'],"เขตบางขุนเทียน,การไฟฟ้านครหลวง เขตราษฎร์บูรณะ,การไฟฟ้านครหลวง MEA",เสาไฟฟ้าแรงสูง มีสิ่งปลูกสร้าง อยู่ใกล้,39,https://storage.googleapis.com/traffy_public_bucket/attachment/2024-12/b39c8c055b6c5892180737a08df188b6186ea73f.jpg,https://storage.googleapis.com/traffy_public_bucket/attachment/2025-01/da140e2e43513ebd77f93c5312082600.docx,100.46105,13.6248,ท่าข้าม,บางขุนเทียน,กรุงเทพมหานคร,กรุงเทพมหานคร,2024-12-23 10:25:52.235414+00:00,2025-01-02 08:07:52.877748+00:00,เสร็จสิ้น,2.0,0,2024
2024-9XMTBV,road,{กีดขวาง},['กีดขวาง'],"เขตบางคอแหลม,ฝ่ายเทศกิจ เขตบางคอแหลม",จอดใว้หลายเดือนแล้ว ไม่เห็นมีใครมาเอาไป จะจอดรถก็จอดไม่ได้แล้วเวลาเลี้ยวรถเข้าออกจากซอยก็เกะกะ ทำวงเลี้ยวแคบ,108,https://storage.googleapis.com/traffy_public_bucket/attachment/2024-04/88108ba07c15c803f9406abb6cf7547a12f38d43.jpg,https://storage.googleapis.com/traffy_public_bucket/attachment/2024-04/d9764b4174da03b655f9b653b444af9f.png,100.49725,13.69362,บางคอแหลม,บางคอแหลม,กรุงเทพมหานคร,กรุงเทพมหานคร,2024-04-03 08:16:28.981465+00:00,2024-04-05 03:16:18.726155+00:00,เสร็จสิ้น,5.0,0,2024
2024-94WTU6,road,{ทางเท้า},['ทางเท้า'],เขตลาดกระบัง,ฟุตบาตแย่มากเลยค่ะ,18,https://storage.googleapis.com/traffy_public_bucket/attachment/2024-06/1b18dd0273e598679c56ea3644abe0ac86a46084.jpg,https://storage.googleapis.com/traffy_public_bucket/attachment/2024-07/a0d00f728222409daecec870973be0fe.png,100.72538,13.76468,คลองสองต้นนุ่น,ลาดกระบัง,กรุงเทพมหานคร,กรุงเทพมหานคร,2024-06-30 15:00:02.769328+00:00,2024-07-01 13:25:50.816245+00:00,เสร็จสิ้น,,0,2024
2024-4ARGEE,noise,"{เสียงรบกวน,ถนน,ความปลอดภัย,ร้องเรียน}","['เสียงรบกวน', 'ถนน', 'ความปลอดภัย', 'ร้องเรียน']","ส่วนสวนสาธารณะ 1 สสณ. สสล.,เขตคลองเตย,สำนักสิ่งแวดล้อม กทม.,สำนักงานสวนสาธารณะ สำนักสิ่งแวดล้อม","ขอร้องเรียนคนขับรถกระบะสีขาวเก็บขยะ ที่สวนเบญจกิติ แสดงพฤติกรรมก้าวร้าวใส่คนวิ่งออกกำลังกาย
เช้า 1 มิย เวลาประมาณ 8 โมง 10 นาที ดิฉัน สามี และผู้ชายอีก 1 คนกำลังวิ่งออกกำลังกายไปยังประตูทางออก (ด้านอาคารที่ติดกับที่จอดรถใกล้ศูนย์สิริกิตติ์) ระหว่างนั้นเจอรถกระบะเก็บขยะขับสวนทางมาเหยียบน้ำฝนที่ขังตามถนนด้วยความเร็วปกติ ฉันจึงโบกมือส่งสัญญานให้ขับช้าลง เพราะมีน้ำขังตามทาง น้ำจะกระเด็นใส่พวกเราที่กำลังวิ่ง แต่คนขับก็คงความเร็วเท่าเดิม จนผู้ชายคนหนึ่งตะโกนเสียงดังว่าให้ขับช้าๆ คนขับมีท่าทางไม่พอใจ แต่พวกเราก็วิ่งผ่านรถไปจนถึงที่จอดรถ ไม่นึกว่ารถกระบะคันดังกล่าวจะกลับรถและขับตามพวกเรามา พยายามจะหาเรื่องถึงที่จอดรถของพวกเรา และมีการตะโกนใส่อารมณ์ด้วยความไม่พอใจที่ชายคนนั้นส่งเสียงดังให้ขับรถช้าๆ
ฉันจึงบอกว่า คุณขับรถไม่สนใจคนวิ่งออกกำลังกายและยังแสดงพฤติกรรมก้าวร้าวอีก ฉันจะร้องเรียนคุณชัชชาติ เพราะเจอท่านที่สวนนี้หลายหน แต่ท่าทางเขาไม่ยี่หระ ฉันคิดว่า เขาเป็นบุคคลท่าทางอันธพาล พวกเขารวมพนักงานทั้งคันมีกันหลายคน จึงพยายามใจเย็นๆ ดิฉันคิดว่า ควรแจ้งให้บริษัทพนาทัศน์เรียกคนขับรถมาอบรมมารยาทในการทำงาน และพยายามคัดกรองพนักงานที่มีใจรักบริการด้วยความสุภาพ ไม่ก้าวร้าว เพื่อความปลอดภัยของประชาชนที่มาออกกำลังกาย
พนักงานกวาดใบไม้ส่วนมากมีมารยาท ยิ้มแย้มดีนะคะ เพิ่งเจอคนขับรถคันนี้ โมโหร้าย น่ากลัวค่ะ
ขอบคุณมากค่ะ",1217,https://storage.googleapis.com/traffy_public_bucket/attachment/2024-06/8ae127cc210b88bfa9a0667b2c99072c52d7e2a0.jpg,,100.55867,13.73179,คลองเตย,คลองเตย,กรุงเทพมหานคร,กรุงเทพมหานคร,2024-06-05 03:02:16.836998+00:00,2024-06-05 10:37:26.794974+00:00,กำลังดำเนินการ,,0,2024
2025-MG8CBM,road,{ถนน},['ถนน'],"เขตวัฒนา,สน.ลุมพินี,สำนักงานตำรวจแห่งชาติ (Royal Thai Police),กองบัญชาการตำรวจนครบาล (บช.น.),กองบังคับการตำรวจนครบาล 5 (บก.น.5)",แท็กซี่จอดขวางการจราจรและป้ายรถเมล์ ทำให้ต้องจอดส่งผู้โดยสารกลางถนน สุขุมวิท13-15,81,https://storage.googleapis.com/traffy_public_bucket/attachment/2025-01/f77d233b90f504f9aece1e732d4589eaa8d9295b.jpg,,100.55784,13.739,คลองเตยเหนือ,วัฒนา,กรุงเทพมหานคร,กรุงเทพมหานคร,2025-01-09 05:29:10.040164+00:00,2025-01-09 06:47:50.978436+00:00,กำลังดำเนินการ,,0,2025
2024-PCXMAL,road,"{จราจร,กีดขวาง,ถนน}","['จราจร', 'กีดขวาง', 'ถนน']","เขตราชเทวี,สน.พญาไท,สำนักงานตำรวจแห่งชาติ (Royal Thai Police),กองบัญชาการตำรวจนครบาล (บช.น.),กองบังคับการตำรวจนครบาล 1 (บก.น.1)",แท็กซี่ สามล้อ ๆลๆ จอด ตรง ถนนเพชรบุรี อยู่เลย ซอยเพชรบุรี 15 เยื้อง ห้าง พันธุ์ทิพย์ ประตูน้ำ จอดกีดขวาง จราจร ป้ายรถเมล์,122,https://storage.googleapis.com/traffy_public_bucket/attachment/2024-01/42fe40f75652808dd2964ef33ae5d69d88a3e2b6.jpg,https://storage.googleapis.com/traffy_public_bucket/attachment/2024-01/1704694665423.jpeg,100.53721,13.75159,ถนนพญาไท,ราชเทวี,กรุงเทพมหานคร,กรุงเทพมหานคร,2024-01-07 04:20:05.877477+00:00,2024-01-08 06:17:47.017381+00:00,เสร็จสิ้น,,0,2024
HZP6UF,cleaning,"{ความสะอาด,ถนน}","['ความสะอาด', 'ถนน']","เขตมีนบุรี,เขตคลองสามวา,ฝ่ายเทศกิจ เขตคลองสามวา","ปัญหา: ภายในซอยดังกล่าว พบการเผาขยะ ทำให้เกิดควันฟุ้งกระจายไปทั่วบริเวณ และส่งกลิ่นเหม็นรบกวน มีการเผาตลอดทั้งวัน พบเห็นมาประมาณ 2-3 เดือนแล้ว จุดนี้มีการเผาเป็นประจำทุกปี 
ซอย: นิมิตใหม่ 10
ถนน: นิมิตใหม่ 
จุดสังเกต: เข้าซอยประมาณ 200 เมตร ใกล้กับอู่รณชัย
เขต: มีนบุรี
#1555",276,https://storage.googleapis.com/traffy_public_bucket/attachment/2024-02/1709034580868.jpeg,https://storage.googleapis.com/traffy_public_bucket/attachment/2024-02/1709096923341.jpeg,100.73874,13.83395,มีนบุรี,มีนบุรี,จังหวัดกรุงเทพมหานคร,กรุงเทพมหานคร,2024-02-27 11:49:43.502298+00:00,2024-02-28 05:08:54.727241+00:00,เสร็จสิ้น,,0,2024
2024-DVVEDY,safety,"{ต้นไม้,สัตว์จรจัด}","['ต้นไม้', 'สัตว์จรจัด']","เขตสะพานสูง,ฝ่ายโยธา เขตสะพานสูง",ต้นไม้ใหญ่ล่มกีดขวางถนน บริเวณปากซอยกรุงเทพกรีฑา 17 ตรงข้ามโรงเรียนนานาชาติ กรุงเทพเวลลิงตัน,92,https://storage.googleapis.com/traffy_public_bucket/attachment/2024-10/94f2d7d54af366fc77dd6f134dd989cee5ec399f.jpg,https://storage.googleapis.com/traffy_public_bucket/attachment/2024-10/c3a9a02a505262ce3398068aae0d7e42.png,100.67292,13.74354,สะพานสูง,สะพานสูง,กรุงเทพมหานคร,กรุงเทพมหานคร,2024-10-03 10:56:27.849162+00:00,2024-10-03 15:07:31.219316+00:00,เสร็จสิ้น,3.0,0,2024
2024-XPDXYA,unknown,{},['unknown'],"1111 ศูนย์รับเรื่องราวร้องทุกข์ของรัฐบาล,เขตดุสิต","ไทยเรามีของดี น่าชม น่าดู มากมายหลายแห่ง

แต่ทำไมไม่เปิดให้เข้าชม พบเห็นหลายวัง หลายบ้าน 

นำเสนอควรเปิดให้ทั้งคนไทยและต่างชาติเข้าชม

ความภูมิใจขิงคนไทย และให้เด็กรุ่นหลังได้รู้ด้วยค่ะ",185,https://storage.googleapis.com/traffy_public_bucket/attachment/2024-03/a724593236467615699d4e6371ba1f7cdcd63364.jpg,,100.51897,13.75689,สี่แยกมหานาค,ดุสิต,กรุงเทพมหานคร,กรุงเทพมหานคร,2024-03-03 06:53:04.130830+00:00,2024-12-10 14:44:27.422885+00:00,เสร็จสิ้น,4.0,0,2024
MMCKDD,road,{ถนน},['ถนน'],"เขตหลักสี่,ฝ่ายเทศกิจ เขตหลักสี่","ปัญหา: พบวินรถจักรยานยนต์หมายเลข 23 เพศชาย ร่างเล็ก สวมหมวกอิสลาม เลือกรับบริการผู้โดยสาร  ไม่ไปสถานที่ใกล้ๆ  มักจะเลือกไปสถานที่ไกลๆ  มีกิริยาไม่เรียบร้อย  ตั้งวินตั้งแต่เช้าถึงเย็น ทุกวัน
ซอย: แจ้งวัฒนะ 1
ถนน: แจ้งวัฒนะ
จุดสังเกต: บริเวณข้างพลัมคอนโด แจ้งวัฒนะ  เข้าซอยดังกล่าวประมาณ 80 เมตร
เขต: หลักสี่
#1555",313,https://storage.googleapis.com/traffy_public_bucket/attachment/2024-01/1704972975243.jpeg,https://storage.googleapis.com/traffy_public_bucket/attachment/2024-01/1705297120479.jpeg,100.58575,13.8798,ตลาดบางเขน,หลักสี่,จังหวัดกรุงเทพมหานคร,กรุงเทพมหานคร,2024-01-11 11:36:16.932460+00:00,2024-01-15 05:38:41.654854+00:00,เสร็จสิ้น,,0,2024
2024-KWWBRB,road,{ทางเท้า},['ทางเท้า'],"เขตบางนา,สำนักการโยธา กทม.,ศูนย์ก่อสร้างและบูรณะถนน 3 ส่วนก่อสร้างและบูรณะ 1 สำนักงานก่อสร้างและบูรณะ (สกบ.สนย.)",ฟุตปาธเป็นหลุม,14,https://storage.googleapis.com/traffy_public_bucket/attachment/2024-11/180da787ab0d94af570c554940d6164ea0b861b4.jpg,,100.61731,13.6627,บางนาใต้,บางนา,กรุงเทพมหานคร,กรุงเทพมหานคร,2024-11-20 11:23:55.292672+00:00,2024-12-21 06:03:07.070970+00:00,กำลังดำเนินการ,,0,2024
2024-6Z4DLX,lighting,{สายไฟ},['สายไฟ'],"เขตบางซื่อ,การไฟฟ้านครหลวง เขตสามเสน,สำนักงาน กสทช. (ศูนย์รับแจ้งปัญหา 1200),การไฟฟ้านครหลวง MEA",เสาไฟฟ้าหน้าบ้านเป็นปูนหล่อ แต่จะมีไม่ค้ำยื่นมาเพื่อให้สายไฟพาดผ่านไปยังเสาไฟอีกต้นชำรุดครับ เพราะวัสดุที่ใช้คือไม้ และใช้งานมานานมากกว่า40ปี ตอนนี้ใกล้จะพังลงมาแล้วครับ รบกวนหน่อยงานที่เกี่ยวข้องมาตรวจสอบแก้ไขให้หน่อยได้ไหมครับ ขอบคุณครับ,239,https://storage.googleapis.com/traffy_public_bucket/attachment/2024-07/4a7e1aab8dd35d19101856dc13ec5464eef44d2a.jpg,,100.52779,13.80941,บางซื่อ,บางซื่อ,กรุงเทพมหานคร,กรุงเทพมหานคร,2024-07-06 14:22:24.313637+00:00,2024-07-07 03:24:17.142475+00:00,กำลังดำเนินการ,,1,2024
2024-A64B7N,road,"{ถนน,จราจร,ความสะอาด,ร้องเรียน}","['ถนน', 'จราจร', 'ความสะอาด', 'ร้องเรียน']","เขตวังทองหลาง,ฝ่ายโยธา เขตวังทองหลาง","แจ้งปัญหา

ขอคัดค้านเรื่อง คนในชุมชน 91 ทำหนังสือยื่นเรื่องต่อ
เจ้าพนักงาน สำนักงานเขตวังทองหลาง กรุงเทพมหานคร 
ให้พิจารณาดำเนินการรื้อถอนกำแพงของหมู่บ้านจักรพงษ์4
เพื่อเปิดทางออกสู่ถนนสาธารณะ 

ด้วยเหตุผลดังนี้
1.พื้นที่ชุมชน 91 มีถนนอยู่ภายในชุมชน91 
เป็นถนนเชื่อมสู่ทางออกสาธารณะผ่านหมู่บ้านโสภณวัฒนา
ซึ่งสามารถแยกเป็นทางออกสาธารณะได้ถึงสองทาง อยู่แล้วในปัจจุบัน
2. คนในชุมชน 91 ที่มีบ้านเรือนติดกับกำแพงนี้
ได้เข้ามาก่อสร้างภายหลังจากกำแพงหมู่บ้านจักรพงษ์4 สร้างเสร็จแล้ว
จึงเป็นเหตุให้รู้มาก่อน ไม่สุจริต 
ไม่มีสิทธิ์รื้อถอนกำแพงออกสู่ทางสาธารณะแต่อย่างใด 
ตามแนวคำพิพากษา ให้เป็นทางจำเป็น ฎีกาที่ 5103 / 2547 
การขอผ่านที่ดินซึ่งล้อมอยู่ไปสู่ทางสาธารณะ
ตามประมวลกฎหมายแพ่งและพาณิชย์มาตรา 1349 วรรคหนึ่ง
กล่าวคือต้องไม่รู้ว่าที่ดินที่ตนได้มาถูกที่ดินแปลงอื่นล้อม
จนไม่มีทางออกสู่ทางสาธารณะมาก่อน
หากรู้มาก่อน ถือว่าไม่สุจริต
ไม่มีสิทธิ์ผ่านที่ดินแปลงที่ล้อม ออกสู่ทางสาธารณะแต่อย่างใด
(เจ้าพนักงาน สำนักงานเขตวังทองหลาง กรุงเทพฯได้รับทราบ ข้อ1 และ 2 แล้ว)

3. ปัจจุบันคนในชุมชน 91 นำรถมาจอดบนถนนสาธารณะ 
จับจองเป็นพื้นที่ของตน แล้วปีนบันไดข้ามกำแพงหมู่บ้านฯ เข้าไปในชุมชน91
นำความเดือดร้อนรำคาญใจแก่ผู้พักอาศัยในหมู่บ้านจักรพงษ์4
โดยเฉพาะผู้พักอาศัยบ้านที่อยู่ด้านเดียวกับกำแพงแห่งนี้ 
อาจจะกระทำความผิดตามกฎหมาย 
พ.ร.บ. รักษาความสะอาดและความเป็นระเบียบเรียบร้อยของบ้านเมืองพ.ศ. 2565
พ.ร.บ. จราจรทางบก พ.ศ. 2522

4.คนในชุมชน 91 ติดป้ายประกาศขายบ้านในชุมชนนี้ เป็นเวลาหลายปีแล้ว
ซึ่งวิญญูชนโดยทั่วไปเมื่อเห็นกำแพงฯด้วยสายตา หากซื้อจับจองเป็นเจ้าของแล้ว
ก็เป็นที่ดินที่ไม่มีทางออกสู่ทางสาธารณะ


ด้วยเหตุทั้งหมดนี้ คนในชุมชน 91 ที่ดำเนินการ 
ทำหนังสือยื่นเรื่องต่อเจ้าพนักงาน สำนักงานเขตวังทองหลาง กรุงเทพมหานคร 
ให้ดำเนินการอย่างใดอย่างหนึ่ง รื้อถอนกำแพงของหมู่บ้านจักรพงษ์4 
เพื่อเปิดทางออกสู่ถนนสาธารณะได้ 

จึงแจ้งขอคัดค้านเพิ่มเติมอีก 
ให้เจ้าพนักงานฯรับทราบและพิจารณา
ตรวจสอบความสุจริตของคนในชุมชน 91 ที่ดำเนินการทำหนังสือยื่นเรื่องฯดังกล่าว
ว่าข้อเท็จจริงเป็นอย่างไร",1876,https://storage.googleapis.com/traffy_public_bucket/attachment/2024-09/f04c6a7496f410cba1478a4e9b9c46915375e4d2.jpg,,100.62252,13.78799,คลองเจ้าคุณสิงห์,วังทองหลาง,กรุงเทพมหานคร,กรุงเทพมหานคร,2024-09-24 03:31:48.571524+00:00,2024-11-05 02:43:03.076661+00:00,กำลังดำเนินการ,,0,2024
2024-H36EBE,road,{ทางเท้า},['ทางเท้า'],"เขตสวนหลวง,ฝ่ายโยธา เขตสวนหลวง",ทางเดินเท้าริมคลอง ชำรุด พื้นผิวต่างระดับกันมากระหว่างแยกรอยต่อ,63,https://storage.googleapis.com/traffy_public_bucket/attachment/2024-06/f2a825108e4c4ba572cb83a568e4de18d9e6b01d.jpg,https://storage.googleapis.com/traffy_public_bucket/attachment/2024-07/58064318a6dff6cafc4a05234d4352f6.jpg,100.64118,13.72458,สวนหลวง,สวนหลวง,กรุงเทพมหานคร,กรุงเทพมหานคร,2024-06-15 01:58:57.397940+00:00,2024-07-03 06:22:43.721683+00:00,เสร็จสิ้น,5.0,0,2024
2024-LCNZVW,road,"{ทางเท้า,สายไฟ}","['ทางเท้า', 'สายไฟ']","เขตวัฒนา,บริษัท โทรคมนาคมแห่งชาติ จำกัด (มหาชน),สำนักงาน กสทช. (ศูนย์รับแจ้งปัญหา 1200)",บนทางเดินมีฐานตู้โทรศัพท์เก่าที่ควรจะกำจัด และสายไฟเกะกะที่ควรจัดการให้สะอาดเรียบร้อย,85,https://storage.googleapis.com/traffy_public_bucket/attachment/2024-04/ed4e3693069d0ef1fd0329fae474f86a7ac17cf1.jpg,https://storage.googleapis.com/traffy_public_bucket/attachment/2024-06/e75af11d4d765d9933405be7be2ed127.jpg,100.58082,13.74011,คลองตันเหนือ,วัฒนา,กรุงเทพมหานคร,กรุงเทพมหานคร,2024-04-07 03:17:40.676769+00:00,2024-06-26 09:03:03.851087+00:00,เสร็จสิ้น,3.0,1,2024
2024-BDTQNA,canal,"{คลอง,ถนน,ความปลอดภัย,สายไฟ,สะพาน}","['คลอง', 'ถนน', 'ความปลอดภัย', 'สายไฟ', 'สะพาน']","ส.ส.ธีรัจชัย พันธุมาศ (หนองจอก มีนบุรี ลาดกระบัง),เขตหนองจอก","ถนนเลียบคลองลำมะขามมุ่งหน้า สะพาน ข้ามคลองด้านหลัง วัดทิพพาวาส(หรือมุ่งหน้าคลองลำกอไผ่ ) 
ริมถนนมีต้นไผ่ยอดไผ่ขึ้นสูง ถึงสายไฟและหม้อแปลงไฟฟ้า 
พี่น้องประชาชนเองเป็นอันตรายจึงเรียนขอความกรุณาเจ้าหน้าที่ช่วยตัดแต่งกิ่งไผ่ที่ขึ้นปกคลุมสายไฟไฟฟ้าและหม้อแปลงให้ด้วยครับ 
ตรงเสาไฟฟ้าต้นที่ ง.153",290,https://storage.googleapis.com/traffy_public_bucket/attachment/2024-07/b96237b54865a9f3fb895ca74181338ff8688f6b.jpg,https://storage.googleapis.com/traffy_public_bucket/attachment/2024-07/73e1886115ed8d10fe696424cc9742bd.png,100.80607,13.78171,ลำผักชี,หนองจอก,กรุงเทพมหานคร,กรุงเทพมหานคร,2024-07-03 07:38:53.634526+00:00,2024-07-05 07:02:00.862887+00:00,เสร็จสิ้น,5.0,0,2024
DTK68A,road,{ถนน},['ถนน'],"เขตสะพานสูง,ฝ่ายสิ่งแวดล้อมฯ เขตสะพานสูง","ปัญหา: พบโชว์รูมรถยนต์ บริษัท สุขาภิบาล3 ฮอนด้าออโตโมบิล ด้านหลังของโชว์รูมรถ มีลักษณะเป็นโรงงานชำแหละรถยนต์ เคาะพ่นสี อบสี เจียรเหล็ก ส่งผลให้เกิดกลิ่นเหม็นของสีรบกวน ผู้ร้องและผู้อยู่อาศัยบริเวณใกล้เคียงดังกล่าว ซึ่งกลิ่นเหม็นของสีจะเกิดขึ้นเป็นเวลา 2-3 รอบต่อวัน ขอให้เจ้าหน้าที่ที่เกี่ยวข้องตรวจสอบการดำเนินการของโชว์รูมรถยนต์ ว่าดำเนินการถูกต้องตามกฎระเบียบหรือไม่
ซอย: รามคำแหง 155/3 
ถนน: รามคำแหง
จุดสังเกต: อยู่ตรงข้ามเยื้องกับ โรงเรียนเตรียมอุดมศึกษาน้อมเกล้า
เขต: สะพานสูง
#1555",490,https://storage.googleapis.com/traffy_public_bucket/attachment/2024-08/89af30e56e1de1cec69f58a7eceeed04.jpg,,100.69114,13.7872,สะพานสูง,สะพานสูง,จังหวัดกรุงเทพมหานคร,กรุงเทพมหานคร,2024-08-07 12:34:13.465357+00:00,2024-08-19 09:05:48.365970+00:00,กำลังดำเนินการ,,0,2024
2025-3TTTYN,road,{ถนน},['ถนน'],"เขตจอมทอง,สน.บางขุนเทียน,สำนักงานตำรวจแห่งชาติ (Royal Thai Police),กองบัญชาการตำรวจนครบาล (บช.น.),กองบังคับการตำรวจนครบาล 9 (บก.น.9),กองบังคับการตำรวจจราจร (บก.จร.)",ทำสวนสวนแต่ไม่มีที่จอด ถนน 2 เลนรถต้องเลียดมอเตอร์ไซที่จอดริมถนน ช่วยจัดระเบียบด้วยครับ,87,https://storage.googleapis.com/traffy_public_bucket/attachment/2025-01/8ece986c41eeaceaa3ea86da8ba3910bb8b076df.jpg,,100.47584,13.69644,บางค้อ,จอมทอง,กรุงเทพมหานคร,กรุงเทพมหานคร,2025-01-07 00:05:56.668489+00:00,2025-01-07 04:39:04.790192+00:00,กำลังดำเนินการ,,0,2025
2024-HRGMAG,noise,{เสียงรบกวน},['เสียงรบกวน'],"เขตสาทร,ฝ่ายโยธา เขตสาทร",พบไซต์ก่อสร้างอาคาร บริเวณซอยเกอเธ่ ทำงานในวันอาทิตย์ และยังมีงานเสียงดังตั้งแต่ 7โมงเช้า,89,https://storage.googleapis.com/traffy_public_bucket/attachment/2024-10/c6a9d5743e94e26e746fba54aa2775bf18de92c1.jpg,https://storage.googleapis.com/traffy_public_bucket/attachment/2024-10/10b802997b6a2721f5cc7254892119c2.png,100.54575,13.72404,ทุ่งมหาเมฆ,สาทร,กรุงเทพมหานคร,กรุงเทพมหานคร,2024-10-20 02:34:48.882289+00:00,2024-10-22 02:52:39.114661+00:00,เสร็จสิ้น,5.0,0,2024
2025-GBPDBM,canal,"{คลอง,ทางเท้า}","['คลอง', 'ทางเท้า']","เขตวังทองหลาง,ฝ่ายโยธา เขตวังทองหลาง",ทางเดินเลียบคลองจั่น ฝั่งต.อ  ไปสุดคลองแสนแสบ ผ่านทางเข้าม.อารียา (ฝั่งเขตวังทองหลาง)  แต่ม.อารียาปิดประตูเหล็กกั้นล็อคเดินผ่านทางสาธารณะริมคลองไปสุดคลองแสนแสบไม่ได้ ให้ดำเนินการแก้ไขให้เปิดทางให้ด้วย,200,https://storage.googleapis.com/traffy_public_bucket/attachment/2025-01/e84adcc2872ec1ec24dc3b66c197eb37f67940cc.jpg,,100.62985,13.7669,พลับพลา,วังทองหลาง,กรุงเทพมหานคร,กรุงเทพมหานคร,2025-01-14 02:29:00.709825+00:00,2025-01-14 05:16:41.174338+00:00,กำลังดำเนินการ,,0,2025
2024-M38DDZ,safety,"{ต้นไม้,ความปลอดภัย}","['ต้นไม้', 'ความปลอดภัย']","เขตสะพานสูง,ฝ่ายเทศกิจ เขตสะพานสูง","ป้ายโฆษณาและต้นไม้บดบังทัศนวิสัย

เวลาจะออกจากซอยมองรถที่สวนมาไม่เห็น เป็นเหตุให้เกิดอุบัติเหตุได้  

ตำแหน่ง กรุงเทพกรีฑาซอย 20 แยก 2/1",136,https://storage.googleapis.com/traffy_public_bucket/attachment/2024-03/f7617fca0dba060874d185073bd74a2b969b8184.jpg,https://storage.googleapis.com/traffy_public_bucket/attachment/2024-03/9fd328c084cb235c3bfad68beba8a7f1.png,100.68222,13.73987,สะพานสูง,สะพานสูง,กรุงเทพมหานคร,กรุงเทพมหานคร,2024-03-17 10:43:44.783227+00:00,2024-05-27 10:05:04.493967+00:00,เสร็จสิ้น,4.0,0,2024
RA7ZJA,road,"{ถนน,ความสะอาด}","['ถนน', 'ความสะอาด']","เขตประเวศ,สำนักสิ่งแวดล้อม กทม.,กองกำจัดมูลฝอย สำนักสิ่งแวดล้อม,ศูนย์กำจัดมูลฝอยอ่อนนุช กกฝ. สสล.","ปัญหา: โรงกำจัดขยะอ่อนนุช เมื่อนำขยะไปทิ้ง ต้องใช้เวลานานในการรอคิวเทขยะ และยังพบว่ามีการเปิดให้บริการเพียงโรงขยะเดียว แต่อีกสองที่ไม่เปิดให้บริการ ทำให้ต้องเสียเวลาในการรอคิวเป็นอย่างมาก
ซอย: อ่อนนุช 86
ถนน: สุขุมวิท 77
เขต: ประเวศ
#1555",239,https://storage.googleapis.com/traffy_public_bucket/attachment/2024-08/a00dc208524ca261717f7f6245405301.jpg,https://storage.googleapis.com/traffy_public_bucket/attachment/2024-08/76c27959a72ac6dd623456f7e51450c7.jpg,100.68463,13.71365,ประเวศ,ประเวศ,จังหวัดกรุงเทพมหานคร,กรุงเทพมหานคร,2024-08-03 03:39:46.923622+00:00,2024-08-19 05:37:03.090810+00:00,เสร็จสิ้น,,0,2024
2025-D2YURM,road,{ทางเท้า},['ทางเท้า'],"เขตพระนคร,ฝ่ายเทศกิจ เขตพระนคร",ช่วงประมาณบ่าย 4-5โมงเย็น จะมีคนมาขายของบนฟุตบาทในซอยดำเนินกลางใต้ทุกวัน,72,https://storage.googleapis.com/traffy_public_bucket/attachment/2025-01/a389fc02aa620fbc35f6d694277930e7e19d1049.jpg,https://storage.googleapis.com/traffy_public_bucket/attachment/2025-01/0a66c385978e3ae4635727e17e1b01ff.png,100.49795,13.757,บวรนิเวศ,พระนคร,กรุงเทพมหานคร,กรุงเทพมหานคร,2025-01-13 05:33:18.677591+00:00,2025-01-15 12:38:29.449588+00:00,กำลังดำเนินการ,5.0,1,2025
2024-4FBWWL,noise,"{ร้องเรียน,ถนน}","['ร้องเรียน', 'ถนน']","เขตราษฎร์บูรณะ,ฝ่ายเทศกิจ เขตราษฎร์บูรณะ",ต่อผ้าใบกันสาดออกมาถึง 3 ช่วง เวลาคนซื้อของก็ล้ำออกมาขวางถนนเกือบเต็มเลน หลังอื่นยังต่อไม่น่าเกลียดขนาดนี้ ร้องเรียนไปก็ไม่เห็นมีการแก้ไขอะไร เจ้าหน้าที่เพิกเฉยไปเปล่า,167,https://storage.googleapis.com/traffy_public_bucket/attachment/2024-09/232492fabd8345b0596e94597dfdf649f4a3cfd6.jpg,https://storage.googleapis.com/traffy_public_bucket/attachment/2024-10/31b4343fc171872fa5e458a3eb521939.png,100.504,13.65914,ราษฎร์บูรณะ,ราษฎร์บูรณะ,กรุงเทพมหานคร,กรุงเทพมหานคร,2024-09-28 03:19:37.970489+00:00,2024-10-04 15:14:20.440955+00:00,เสร็จสิ้น,5.0,0,2024
2024-7GHWVT,road,{ทางเท้า},['ทางเท้า'],"เขตจตุจักร,ฝ่ายเทศกิจ เขตจตุจักร",มอไซด์วิ่งทางเท้า,17,https://storage.googleapis.com/traffy_public_bucket/attachment/2024-02/18aa779fa9c14bbf8c0559849af246f1b13ac55c.jpg,https://storage.googleapis.com/traffy_public_bucket/attachment/2024-02/1707376469282.jpeg,100.58281,13.85235,ลาดยาว,จตุจักร,กรุงเทพมหานคร,กรุงเทพมหานคร,2024-02-06 05:06:04.177454+00:00,2024-02-08 07:14:30.353385+00:00,เสร็จสิ้น,3.0,0,2024
2024-P34QC8,road,{ถนน},['ถนน'],"เขตพระโขนง,ฝ่ายโยธา เขตพระโขนง",ถนนเป็นหลุมเป็นบ่อ,18,https://storage.googleapis.com/traffy_public_bucket/attachment/2024-11/6580a83656cabbb9e31f510e3ab3946b9d955af9.jpg,,100.61251,13.70188,บางจาก,พระโขนง,กรุงเทพมหานคร,กรุงเทพมหานคร,2024-11-13 00:12:29.442389+00:00,2024-11-21 06:21:02.576306+00:00,กำลังดำเนินการ,,0,2024
2024-NCUPEK,unknown,{},['unknown'],"เขตวัฒนา,สำนักงาน กสทช. (ศูนย์รับแจ้งปัญหา 1200)",สายอะไรห้อยลงมา โดนรถตู้ที่ผ่านไปมา เกือบจะโดนรถเก๋งอยู่แล้ว เคยแจ้งไปแล้ว เขตไม่ทำอะไรเลย,90,https://storage.googleapis.com/traffy_public_bucket/attachment/2024-04/73e6307fdcf370389635d4903b934fdd3fb21ff8.jpg,,100.55093,13.74282,คลองเตยเหนือ,วัฒนา,กรุงเทพมหานคร,กรุงเทพมหานคร,2024-04-11 09:26:08.372510+00:00,2024-04-11 10:02:12.819446+00:00,กำลังดำเนินการ,,0,2024
JEAP49,flood,"{น้ำท่วม,ท่อระบายน้ำ,ถนน}","['น้ำท่วม', 'ท่อระบายน้ำ', 'ถนน']","เขตบึงกุ่ม,ฝ่ายโยธา เขตบึงกุ่ม,ศูนย์ควบคุมระบบป้องกันน้ำท่วม กทม.","ปัญหา: ทาวเฮ้าส์เลขที่ 77/440 พบมีน้ำท่วมขัง น้ำไม่สามารถระบายออกสู่ท่อระบายน้ำด้านนอกบ้านได้ ซึ่งบริเวณรอบนอกตัวบ้านน้ำได้ลดระดับลงแล้ว แต่ในบ้านยังมีน้ำท่วมขัง และปัจจุบันฝนหยุดตกแล้ว 
บ้านเลขที่: 77/440
ซอย: นวมินทร์ 75 แยก 21-2-5
ถนน: นวมินทร์
จุดสังเกต: ท้ายซอย ฝั่งขวามือ
เขต: บึงกุ่ม
#1555",297,https://storage.googleapis.com/traffy_public_bucket/attachment/2024-08/65f5c5ede0c2127ccfceaa2053b2769a.jpg,https://storage.googleapis.com/traffy_public_bucket/attachment/2024-08/4e0cd610e097511bfba620899f362c0d.jpg,100.64667,13.79172,นวมินทร์,บึงกุ่ม,จังหวัดกรุงเทพมหานคร,กรุงเทพมหานคร,2024-08-20 01:43:12.228174+00:00,2024-08-23 00:44:24.750917+00:00,เสร็จสิ้น,,0,2024
2024-4L3LHP,unknown,{},['unknown'],"เขตคลองสาน,สน.พลับพลาไชย 2,สำนักงานตำรวจแห่งชาติ (Royal Thai Police),กองบัญชาการตำรวจนครบาล (บช.น.),กรมเจ้าท่า (Marine Department),กองบังคับการตำรวจนครบาล 6 (บก.น.6)",จุดพลุสร้างความเดือดร้อนรำคาญอย่างต่อเนื่องครั้งที่2 วันที่22มค.67 เวลา20.30-20.35น. จากกลางแม่น้ำเจ้าพระยาคาดว่าในเขตคลองสานจุดเดิมๆ,133,https://storage.googleapis.com/traffy_public_bucket/attachment/2024-01/dddf4ca77573560ebdf4979928f11e42cec96111.jpg,,100.51324,13.73245,ตลาดน้อย,สัมพันธวงศ์,กรุงเทพมหานคร,กรุงเทพมหานคร,2024-01-22 14:07:43.408203+00:00,2024-01-25 08:02:21.237805+00:00,กำลังดำเนินการ,,0,2024
2024-949RVM,cleaning,{ความสะอาด},['ความสะอาด'],"เขตสะพานสูง,ฝ่ายรักษาความสะอาดฯ เขตสะพานสูง",ขยะ,3,https://storage.googleapis.com/traffy_public_bucket/attachment/2024-01/7993fb4aed3656d84adbf79cfb6824f5f3e4a438.jpg,https://storage.googleapis.com/traffy_public_bucket/attachment/2024-01/1706333489856.jpeg,100.70749,13.76997,สะพานสูง,สะพานสูง,กรุงเทพมหานคร,กรุงเทพมหานคร,2024-01-21 07:57:53.566656+00:00,2024-01-27 05:47:04.835620+00:00,เสร็จสิ้น,,0,2024
2024-48EQYZ,road,{ถนน},['ถนน'],"เขตสะพานสูง,ฝ่ายโยธา เขตสะพานสูง,การไฟฟ้านครหลวง เขตลาดกระบัง,การไฟฟ้านครหลวง MEA,Bangkok Smart Lighting (สำนักการโยธา กทม.)",ไฟสว่างถนนในหมู่บ้านขาดสองหลอดเสาที่ต้นที่ง4กับง5 ขาดมาหลายอาทิตย์แล้ว,70,https://storage.googleapis.com/traffy_public_bucket/attachment/2024-10/a469570958fb5b72ab93beb9784dc602544b549d.jpg,https://storage.googleapis.com/traffy_public_bucket/attachment/2025-01/57b40e3a111c442fe0240f1cedcf7592.png,100.68531,13.75607,สะพานสูง,สะพานสูง,กรุงเทพมหานคร,กรุงเทพมหานคร,2024-10-17 13:37:50.600250+00:00,2025-01-05 16:20:12.988583+00:00,เสร็จสิ้น,5.0,0,2024
2024-7A3Y8Y,safety,"{ความปลอดภัย,ร้องเรียน}","['ความปลอดภัย', 'ร้องเรียน']","เขตวัฒนา,สำนักการจราจรและขนส่ง กรุงเทพมหานคร (สจส. กทม.),กองระบบเทคโนโลยีจราจร กทจ.สจส. กทม.,กลุ่มงานเทคโนโลยีจราจร 2 กทจ.สจส. กทม.",กล้องวงจรปิดของกทม.ดูเหมือนจะใช้การไม่ได้ ไม่มีภาพ เพราะเมื่อวานขอคลิปเพราะเกิดอุบัติเหตุไป แจ้งเรื่องไปแล้ว ส่งข้อมูลมาว่าไม่รูปภาพ หรือรูปภาพขาดตอน,149,https://storage.googleapis.com/traffy_public_bucket/attachment/2024-07/316318872c8843715a79bb33d57e1c6fcbe832b5.jpg,https://storage.googleapis.com/traffy_public_bucket/attachment/2024-07/b26fba65b25d106000aee1a7cadef8d7.png,100.59595,13.72403,พระโขนงเหนือ,วัฒนา,กรุงเทพมหานคร,กรุงเทพมหานคร,2024-07-05 03:11:08.867450+00:00,2024-07-06 04:38:48.524821+00:00,เสร็จสิ้น,5.0,0,2024
RTA68B,cleaning,"{ความสะอาด,ถนน,ต้นไม้}","['ความสะอาด', 'ถนน', 'ต้นไม้']","เขตบางบอน,ฝ่ายเทศกิจ เขตบางบอน,ฝ่ายรักษาความสะอาดฯ เขตบางบอน","ปัญหา: บ้านเลขที่ 22 ( บ้านผู้ร้อง ) มีต้นโพธิ์ใหญ่จากบ้านที่อยู่ติดกัน แผ่กิ่งก้านล้ำเข้ามาภายในบ้านผู้ร้อง 
ซึ่งต้นไม้ต้นนี้เจ้าของอยู่ต่างประเทศ ผู้ร้องต้องตัดแต่งไม้เองตลอด จึงขอให้เจ้าหน้าที่สำนักงานเขตบางบอนโดยฝ่ายรักษาความสะอาด ติดต่อเป็นคนกลางคุยกับผู้ดูแลบ้าน ให้ดำเนินการตัดแต่งต้นไม้
ซอย: บางขุนเทียน 10
ถนน: บางขุนเทียน
จุดสังเกต: เข้าซอยดังกล่าวประมาณ 200 เมตร อยู่ขวามือ
เขต: บางบอน
#1555",403,https://storage.googleapis.com/traffy_public_bucket/attachment/2024-05/515c17816530680855f0e0e1d497079b.jpg,https://storage.googleapis.com/traffy_public_bucket/attachment/2024-06/2fb65951937dcfcf0415ed49f2648359.png,100.42699,13.66575,คลองบางบอน,บางบอน,จังหวัดกรุงเทพมหานคร,กรุงเทพมหานคร,2024-05-27 04:59:30.627647+00:00,2024-06-14 02:58:28.484605+00:00,เสร็จสิ้น,,0,2024
2024-HA3PZK,lighting,{สายไฟ},['สายไฟ'],"เขตบางพลัด,สำนักงาน กสทช. (สายสื่อสาร)",ไม่แน่ใจคือสายสื่อสารหรือสายไฟฟ้าโผล่ออกมาจากเสา อาจเกิดอันตรายได้.......รบกวนกรุงเทพมหานครตรวจสอบและส่งต่อหน่วยงานที่เกี่ยวข้องด้วยครับ,136,https://storage.googleapis.com/traffy_public_bucket/attachment/2024-08/90a0aba1c45bc43caaf84e1978c1cf7c126b5ad6.jpg,,100.50773,13.79647,บางอ้อ,บางพลัด,กรุงเทพมหานคร,กรุงเทพมหานคร,2024-08-20 04:19:17.968918+00:00,2024-09-26 13:37:25.473859+00:00,กำลังดำเนินการ,,0,2024
2024-77N8N6,road,"{กีดขวาง,ถนน}","['กีดขวาง', 'ถนน']","เขตภาษีเจริญ,สน.ภาษีเจริญ,สำนักงานตำรวจแห่งชาติ (Royal Thai Police),กองบัญชาการตำรวจนครบาล (บช.น.),กองบังคับการตำรวจนครบาล 9 (บก.น.9)","1. รถที่มาจากถนนเพชรเกษม เลี้ยวซ้ายเข้า ถนนราชพฤกษ์ เจอ taxi จอดเรียงกัน จนปิดทาง เลี้ยวไม่ได้ ตั้งหักไปอีกเลน ซึ่งอีกเลนเป็นเลนตรง ไม่ใช่เลนเลี้ยว

2. ตรงประตูทางออก bts บางหว้า ถนนราชพฤกษ์ มีรถบ้าน มาจอดรอรับ  ไม่ขยับไปไหน ขวางทางจราจรถึง 2 เลน  ทำให้รถที่แวะรับบางคันต้องแวะรับเลน 3  
และ ขวางทางการจราจร สำหรับผู้ใช้ถนน มาก",327,https://storage.googleapis.com/traffy_public_bucket/attachment/2024-06/7f1b1d83b6fd06d6ba0105b0ba3b3a62b3fb44ab.jpg,,100.45777,13.72174,ปากคลองภาษีเจริญ,ภาษีเจริญ,กรุงเทพมหานคร,กรุงเทพมหานคร,2024-06-06 09:34:14.293997+00:00,2024-07-08 03:53:25.135022+00:00,กำลังดำเนินการ,,0,2024
7ZBA43,animal,"{สัตว์จรจัด,ถนน}","['สัตว์จรจัด', 'ถนน']","เขตหนองแขม,ฝ่ายสิ่งแวดล้อมฯ เขตหนองแขม","ปัญหา: บ้านเลขที่ 45/108 พบแมวจรจัด เข้ามาอาศัยอยู่ภายในบ้าน พบมาประมาณ 2 สัปดาห์แล้ว
หมู่บ้าน: พงษ์ศิริชัย 4 (ซอย 4)
ซอย: เพชรเกษม 81
ถนน: เพชรเกษม
จุดสังเกต: เข้าซอยดังกล่าวไป จะพบบ้านดังกล่าว อยู่ซ้ายมือ เป็นบ้านหลังที่มีเทอร์เรซสีเหลืองยื่นออกมา
เขต: หนองแขม
#1555",269,https://storage.googleapis.com/traffy_public_bucket/attachment/2025-01/8a3f7a2df172fb639485dead0e6701b4.jpg,https://storage.googleapis.com/traffy_public_bucket/attachment/2025-01/d3d4c1d07bdef0b9d5932a6625169799.jpg,100.33615,13.69654,หนองค้างพลู,หนองแขม,จังหวัดกรุงเทพมหานคร,กรุงเทพมหานคร,2025-01-10 07:48:52.727457+00:00,2025-01-14 09:17:21.935431+00:00,เสร็จสิ้น,,0,2025
2024-KXWY3G,road,{กีดขวาง},['กีดขวาง'],"เขตปทุมวัน,ฝ่ายเทศกิจ เขตปทุมวัน,ฝ่ายปกครอง เขตปทุมวัน",เขตปทุมวัน นำรั้วมากั้น ห้ามจอดรถ,33,https://storage.googleapis.com/traffy_public_bucket/attachment/2024-06/3b5db34c50a7ca51c99db863d44c719a1e99940e.jpg,https://storage.googleapis.com/traffy_public_bucket/attachment/2024-09/fac33714b0d111bd76c59a22f3551e20.jpg,100.52229,13.74496,รองเมือง,ปทุมวัน,กรุงเทพมหานคร,กรุงเทพมหานคร,2024-06-08 17:55:46.054781+00:00,2024-09-05 03:22:06.199793+00:00,เสร็จสิ้น,,0,2024
UHGBZW,road,"{ถนน,ความสะอาด}","['ถนน', 'ความสะอาด']","เขตบางกะปิ,ฝ่ายรักษาความสะอาดฯ เขตบางกะปิ","ปัญหา: ตั้งแต่ก่อนเทศกาลวันลอยกระทง ได้ติดต่อฝ่ายรักษาความสะอาด สำนักงานเขตบางกะปิ เพื่อดูดสิ่งปฏิกูล ที่หมายเลข 02-377-5498 พบว่าไม่สามารถติดต่อได้ จึงขอให้หน่วยงานมีการปรับปรุงการให้บริการด้วย
ถนน: ลาดพร้าว
เขต: บางกะปิ
#1555",228,https://storage.googleapis.com/traffy_public_bucket/attachment/2024-11/5de1c47cb7f7c238fd293061772efbce.jpg,https://storage.googleapis.com/traffy_public_bucket/attachment/2024-12/404f5d4ab9823d11398e6a3e0ad65920.jpg,100.64745,13.76581,คลองจั่น,บางกะปิ,จังหวัดกรุงเทพมหานคร,กรุงเทพมหานคร,2024-11-18 07:58:13.238753+00:00,2024-12-06 09:54:37.550898+00:00,เสร็จสิ้น,,0,2024
2024-K3MTFT,unknown,{},['unknown'],"เขตจตุจักร,สำนักสิ่งแวดล้อม กทม.,กรมการขนส่งทางบก","ปัญหารถ10ล้อ 
1)ควันดำ
2)ดัดแปลงท่อไอเสียออก ซ้ายขวา ผิดกฎกรมการขนส่งทางบก",74,https://storage.googleapis.com/traffy_public_bucket/attachment/2024-03/2ebb48d8962c221ec32a843f5b5b6fc54aeae3db.jpg,,100.54473,13.79746,จตุจักร,จตุจักร,กรุงเทพมหานคร,กรุงเทพมหานคร,2024-03-18 03:35:13.201359+00:00,2024-03-18 06:11:53.387009+00:00,กำลังดำเนินการ,,0,2024
2024-MKU6D7,road,"{ทางเท้า,ความปลอดภัย}","['ทางเท้า', 'ความปลอดภัย']","เขตบางแค,สำนักการโยธา กทม.,การรถไฟฟ้าขนส่งมวลชนแห่งประเทศไทย (รฟม.),กองแผนงานและประสานสาธารณูปโภค สำนักการโยธา (กผภ.สนย.) กทม.,ศูนย์ก่อสร้างและบูรณะถนน 1 ส่วนก่อสร้างและบูรณะ 2 สำนักงานก่อสร้างและบูรณะ (สกบ.สนย.)","ค่ารักษาพยาบาลที่เกิดอุบัติเหตุขึ้นจากฟุตบาทแตกจพนวน9,600 บาท",61,https://storage.googleapis.com/traffy_public_bucket/attachment/2024-02/63b37bbad45f64081ba0d7b86458445dd51cfa97.jpg,,100.42308,13.71189,บางแค,บางแค,กรุงเทพมหานคร,กรุงเทพมหานคร,2024-02-21 05:56:18.542036+00:00,2024-03-15 07:16:23.380333+00:00,กำลังดำเนินการ,,0,2024
K7WJG9,cleaning,"{ความสะอาด,ป้าย,ถนน}","['ความสะอาด', 'ป้าย', 'ถนน']","เขตลาดพร้าว,ฝ่ายรักษาความสะอาดฯ เขตลาดพร้าว","ปัญหา: บริเวณปากซอยดังกล่าว พบเจ้าหน้าที่เก็บขยะไม่เข้ามาเก็บขยะ มาเป็นระยะเวลา 1 สัปดาห์- 2 สัปดาห์ ทำให้บริเวณดังกล่าวมีขยะตกค้างจำนวนมาก
ซอย: ประเสริฐมนูกิจ 6
ถนน: ประเสริฐมนูกิจ 
จุดสังเกต: ป้ายรอรถโดยสารประจำทาง หน้า บริษัท ดิเอลฟ์ (ไทยแลนด์) จำกัด
เขต: ลาดพร้าว
#1555",274,https://storage.googleapis.com/traffy_public_bucket/attachment/2024-02/1708429436079.jpeg,https://storage.googleapis.com/traffy_public_bucket/attachment/2024-02/1708507243136.jpeg,100.59402,13.8417,จรเข้บัว,ลาดพร้าว,จังหวัดกรุงเทพมหานคร,กรุงเทพมหานคร,2024-02-20 11:43:57.851818+00:00,2024-02-21 09:20:44.625598+00:00,เสร็จสิ้น,,0,2024
2024-XA289Q,noise,{ร้องเรียน},['ร้องเรียน'],"เขตราษฎร์บูรณะ,สน.ราษฎร์บูรณะ,สำนักงานตำรวจแห่งชาติ (Royal Thai Police),กองบัญชาการตำรวจนครบาล (บช.น.),กองบังคับการตำรวจนครบาล 8 (บก.น.8)",เช้าๆรถชอบติดเพราะกระบะคันนี้จอดขวางครึ่งทางรบกวนช่วยดำเนินการทีครับประชาชนเดือดร้อนมากทุกเช้าและเย็น,101,https://storage.googleapis.com/traffy_public_bucket/attachment/2024-09/cac07f8019adce85f0c41d85e0166de6a5e0bcbe.jpg,,100.48409,13.67224,บางปะกอก,ราษฎร์บูรณะ,กรุงเทพมหานคร,กรุงเทพมหานคร,2024-09-19 19:46:02.666162+00:00,2024-09-19 21:23:14.093183+00:00,กำลังดำเนินการ,,0,2024
2024-G94X8D,unknown,{},['unknown'],"เขตจตุจักร,ฝ่ายเทศกิจ เขตจตุจักร",ให้ขายริมอาคาร ขึ้นไปบนขอบทางบนพื้นฐานนะครับ ถ้าไม่ยอมทำ จะแจ้ง fondue ให้จับทุกวัน เพราะผ่านทุกวัย,99,https://storage.googleapis.com/traffy_public_bucket/attachment/2024-02/ab4d8a97aa5490e4ee0aab8cbf1fb3bb8a3f7288.jpg,https://storage.googleapis.com/traffy_public_bucket/attachment/2024-02/1707537261122.jpeg,100.58161,13.85046,ลาดยาว,จตุจักร,กรุงเทพมหานคร,กรุงเทพมหานคร,2024-02-07 11:24:20.275611+00:00,2024-02-12 10:08:10.658996+00:00,เสร็จสิ้น,5.0,0,2024
2024-M692R2,road,{สะพาน},['สะพาน'],"เทศบาลตำบลศาลากลาง จ.นนทบุรี,เขตทวีวัฒนา,อบจ.นนทบุรี",ขอให้เพิ่มหรือขยายสะพานข้ามคลองมหาสวัสดิ์ ซอยศาลาธรรมสพ 48 เนื่องจากรภติดมากก,77,https://storage.googleapis.com/traffy_public_bucket/attachment/2024-11/ac0ceebd6a4a1b1bc9e04c373b2d191ba4777719.jpg,,100.35608,13.80226,ศาลาธรรมสพน์,ทวีวัฒนา,กรุงเทพมหานคร,กรุงเทพมหานคร,2024-11-30 03:32:15.910364+00:00,2024-12-03 02:36:02.619027+00:00,กำลังดำเนินการ,,0,2024
2025-8DQG8M,road,{กีดขวาง},['กีดขวาง'],"เขตบางแค,สน.หลักสอง,สำนักงานตำรวจแห่งชาติ (Royal Thai Police),กองบัญชาการตำรวจนครบาล (บช.น.),กองบังคับการตำรวจนครบาล 9 (บก.น.9)",กีดขวางทางเลี้ยว แจ้งหลายรอบแล้วเหมือนเดิม,42,https://storage.googleapis.com/traffy_public_bucket/attachment/2025-01/3db4cacda814b053d2627975530b7fedc04bc242.jpg,,100.40645,13.72657,บางแคเหนือ,บางแค,กรุงเทพมหานคร,กรุงเทพมหานคร,2025-01-06 02:55:20.432471+00:00,2025-01-06 06:48:50.786835+00:00,กำลังดำเนินการ,,0,2025
EWKF2Z,flood,"{ท่อระบายน้ำ,ถนน,น้ำท่วม}","['ท่อระบายน้ำ', 'ถนน', 'น้ำท่วม']","เขตคลองเตย,ฝ่ายโยธา เขตคลองเตย,ศูนย์ควบคุมระบบป้องกันน้ำท่วม กทม.","ปัญหา: ตลอดทั้งซอยดังกล่าว และบริเวณตรอกไผ่สิงห์โต ขอให้เจ้าหน้าที่เข้าไปดำเนินการขุดลอกท่อระบายน้ำ เพื่อให้ระบายน้ำได้สะดวกในฤดูฝน
ซอย: เจริญสุข
ถนน: พระรามที่ 4
เขต: คลองเตย
#1555",182,https://storage.googleapis.com/traffy_public_bucket/attachment/2024-07/31fd32eb80b1d71022d6d5ca486b7344.jpg,https://storage.googleapis.com/traffy_public_bucket/attachment/2024-07/216c9755515c143e5d2037e8a6d1e8bd.png,100.56219,13.71921,คลองเตย,คลองเตย,จังหวัดกรุงเทพมหานคร,กรุงเทพมหานคร,2024-07-03 04:05:38.164200+00:00,2024-07-05 04:39:48.169256+00:00,เสร็จสิ้น,,0,2024
2024-3PDRFH,flood,{ท่อระบายน้ำ},['ท่อระบายน้ำ'],"เขตธนบุรี,สำนักการโยธา กทม.,ศูนย์ก่อสร้างและบูรณะถนน 2 ส่วนก่อสร้างและบูรณะ 2 สำนักงานก่อสร้างและบูรณะ (สกบ.สนย.)",ท่อเปิด,7,https://storage.googleapis.com/traffy_public_bucket/attachment/2024-11/5aa5fd2cb9beaf899d94ece7424d70be1683ca9e.jpg,https://storage.googleapis.com/traffy_public_bucket/attachment/2024-12/1b5a501b95a44a3b1961bdf56a332e9d.jpg,100.47246,13.71915,ตลาดพลู,ธนบุรี,กรุงเทพมหานคร,กรุงเทพมหานคร,2024-11-24 05:48:31.540209+00:00,2024-12-03 05:31:51.916262+00:00,เสร็จสิ้น,5.0,0,2024
2024-3A6XHF,cleaning,{ความสะอาด},['ความสะอาด'],"เขตคลองสามวา,การทางพิเศษแห่งประเทศไทย",ช่วยเก็บขยะข้างทาง เพราะเริ่มขยายพื้นที่ทิ้งมากขึ้น และบางส่วน เวลาฝนตกขยะจะไหลลงมาบนถนน เมื่อรถขับเหยียบจะแตกกระจายบนถนน  (เคยถูกตะปูตำล้อรถทำให้ยางรั่วมาแล้ว),160,https://storage.googleapis.com/traffy_public_bucket/attachment/2024-08/afad4895ab46dd8cabfbd3975871d805e990aea1.jpg,,100.69215,13.89916,สามวาตะวันตก,คลองสามวา,กรุงเทพมหานคร,กรุงเทพมหานคร,2024-08-16 02:01:32.590182+00:00,2024-09-25 02:33:51.404432+00:00,กำลังดำเนินการ,,0,2024
2024-G2L8GR,unknown,{},['unknown'],"เขตปทุมวัน,ฝ่ายเทศกิจ เขตปทุมวัน","ขายมันทุกทีาแล้ว ผอ อขค ปทุมวัน ทำไม่ได้ ก็ย้ายำปเถอะ เทศกิจเขตนี้ด้วย

แจ้งทัดวัน",82,https://storage.googleapis.com/traffy_public_bucket/attachment/2024-02/e470fe6444c45a0d9b536aae82d58b4724419517.jpg,https://storage.googleapis.com/traffy_public_bucket/attachment/2024-02/1709167497692.jpeg,100.5343,13.7458,ปทุมวัน,ปทุมวัน,กรุงเทพมหานคร,กรุงเทพมหานคร,2024-02-17 00:27:33.552384+00:00,2024-02-29 00:44:58.951583+00:00,เสร็จสิ้น,1.0,2,2024
T2AHNC,lighting,"{สายไฟ,ถนน}","['สายไฟ', 'ถนน']","เขตหนองจอก,บริษัท โทรคมนาคมแห่งชาติ จำกัด (มหาชน),สำนักงาน กสทช. (ศูนย์รับแจ้งปัญหา 1200)","ปัญหา: หน้าบ้านเลขที่ 15/8 พบสายสื่อสารห้อยย้อยลงมาทำให้รถยนต์ไม่สามารถสัญจรผ่านได้ เนื่องจากก่อนหน้านี้ได้มีการมาซ่อมสายไฟฟ้าเเต่เจ้าหน้าที่เก็บสายสื่อสารดังกล่าวไม่เรียบร้อย
บ้านเลขที่: 15/8 
ซอย: เลียบวารี 19 
ถนน: เลียบวารี
เขต: หนองจอก
#1555",247,https://storage.googleapis.com/traffy_public_bucket/attachment/2024-04/c926213b65e4412ce1576b6d9659e1ac.jpg,https://storage.googleapis.com/traffy_public_bucket/attachment/2024-04/ccf161625d8a8084d00c59544ed7ec7a.jpg,100.8437,13.85466,โคกแฝด,หนองจอก,จังหวัดกรุงเทพมหานคร,กรุงเทพมหานคร,2024-04-19 06:05:21.029979+00:00,2024-04-30 06:46:11.303252+00:00,กำลังดำเนินการ,,0,2024
VZREFU,noise,{ร้องเรียน},['ร้องเรียน'],"เขตธนบุรี,สำนักเทศกิจ กทม.","ศูนย์เรื่องราวร้องทุกข์ ได้รับการประสานผ่านระบบการจัดการเรื่องราวร้องทุกข์ สำนักงานปลัดสำนักนายกรัฐมนตรี ทำเนียบรัฐบาล รหัสเรื่อง นร02680000638
ด้วย ผู้ร้อง ได้ยื่นเรื่องร้องเรียนผ่านโมบายแอปพลิเคชัน PSC 1111 เมื่อวันที่ 5 มกราคม 2568 ขอให้พิจารณาเร่งรัดปรับปรุงระบบแจ้งเบาะแสเพื่อรับส่วนแบ่งค่าปรับของประชาชน 4.0 ในพื้นที่กรุงเทพมหานคร
คำร้องจากโมบายแอปพลิเคชัน PSC1111--- ร้องเรียน กทม.เรื่องแจ้งเบาะแสเทศกิจ 4.0 ปิดปรับปรุงมานานมากนับปี ทำให้ประชาชนไม่สามารถแจ้งเรื่องร้องเรียนได้  และ กทม.แจ้งรายงานเท็จมาหลายรอบว่าแก้ไขเรียบร้อย
//ทั้งนี้ ศูนย์ฯ ได้ประสานส่งรายละเอียดเพิ่มเติมตามเอกสารที่แนบทางไปรษณีย์อิเล็กทรอนิกส์ citylaw.ga@gmail.com มาด้วยแล้ว
//หมายเหตุ ปักหมุดที่สำนักงานเขตเพราะไม่สามารถปักละติจูด ลองติจูด ที่ชัดเจนได้ กรุณาอ่านรายละเอียดสถานที่จากรายละเอียดการแจ้งเป็นหลัก
//ศูนย์ฯ ประสานมาเพื่อตรวจสอบและดำเนินการและโปรดพิจารณาให้ความคุ้มครองผู้ร้องและผู้เกี่ยวข้องอย่าให้ต้องรับภัยหรือความไม่ชอบธรรมอันเนื่องมาจากการร้องเรียนการเป็นพยาน หรือการให้ข้อมูลนั้น 
#ศรท #ศรท1111
#1555 #citydata",1007,https://storage.googleapis.com/traffy_public_bucket/attachment/2025-01/70c217e04b7d6f2b9410b3cf984cb0c6.jpg,,100.49553,13.73866,วัดกัลยาณ์,ธนบุรี,จังหวัดกรุงเทพมหานคร,กรุงเทพมหานคร,2025-01-08 07:30:51.491868+00:00,2025-01-08 08:33:03.341278+00:00,กำลังดำเนินการ,,0,2025
2024-PB8AEK,canal,"{คลอง,น้ำท่วม}","['คลอง', 'น้ำท่วม']","เขตสะพานสูง,กรมทางหลวง,สำนักสิ่งแวดล้อม กทม.",คลองน้ำไม่ระบาย ทำให้น้ำเน่าส่งกลิ่น เหม็นที่อาศัยอยู่บริเวณนี้ ได้กลิ่นเหม็นเน่าของน้ำที่ขัง เนื่องจากคลองหรือท่อไม่ระบาย อยากให้เข้ามาแก้ไขลอกท่อหรือคลองโดยด่วนทำให้สะอาดน่าอยู่และไม่มีกลิ่นเน่าเหม็นทำให้น่าอยู่อาศัยทัศนียสวยงามมากขึ้นจากเดิม,244,https://storage.googleapis.com/traffy_public_bucket/attachment/2024-11/be3e37a8f6d38415c1abcb052cb0a9c1e428fe89.jpg,https://storage.googleapis.com/traffy_public_bucket/attachment/2025-01/80f4974478a07e28ea6bafac6bc5422b.jpg,100.69574,13.76425,สะพานสูง,สะพานสูง,กรุงเทพมหานคร,กรุงเทพมหานคร,2024-11-29 03:30:20.270673+00:00,2025-01-13 02:40:54.648499+00:00,เสร็จสิ้น,5.0,0,2024
2024-7BB6W9,road,{กีดขวาง},['กีดขวาง'],"เขตสาทร,ฝ่ายเทศกิจ เขตสาทร","เรียนท่านผู้ว่าก.ท.ม
ถึงก่อนปากซอยจันทร์18/8มีรถจักรยานยนต์ขี่จอดบนทางเท้าทะเบียนรถ7ขตกรุงเทพมหานคร4939ช่วงเวลา20:35น.วันที่2/9/67เขตสาทร",137,https://storage.googleapis.com/traffy_public_bucket/attachment/2024-09/3b9b045a3795a78e22e072157078ed24d975f956.jpg,https://storage.googleapis.com/traffy_public_bucket/attachment/2024-09/2eaa61f6f8c483389317abbb77f81a0e.png,100.52599,13.70649,ยานนาวา,สาทร,กรุงเทพมหานคร,กรุงเทพมหานคร,2024-09-02 16:07:24.653164+00:00,2024-09-03 13:01:54.996327+00:00,เสร็จสิ้น,4.0,0,2024
2024-HA444H,road,{กีดขวาง},['กีดขวาง'],"เขตสาทร,ฝ่ายเทศกิจ เขตสาทร","เรียนท่านผู้ว่าก.ท.ม
ถึงก่อนปากซอยจันทร์18/7แยก19มีรถจักรยานยนต์ขี่จอดบนทางเท้าทะเบียนรถ1ขอกรุงเทพมหานคร5371ช่วงเวลา12:55น.วันที่12/7/67เขตสาทร",143,https://storage.googleapis.com/traffy_public_bucket/attachment/2024-07/f59d955b0cb34da7a675ae505c6a2b91e72441c4.jpg,https://storage.googleapis.com/traffy_public_bucket/attachment/2024-07/14556e9d69e105600241a334513db512.png,100.5263,13.71227,ยานนาวา,สาทร,กรุงเทพมหานคร,กรุงเทพมหานคร,2024-07-12 07:23:45.125159+00:00,2024-07-12 12:20:27.880533+00:00,เสร็จสิ้น,,0,2024
2024-FT7WUR,road,"{ถนน,ทางเท้า}","['ถนน', 'ทางเท้า']","โครงการตามแนวรถไฟฟ้าสายสีน้ำเงิน,สำนักการโยธา กทม.,การไฟฟ้านครหลวง เขตบางใหญ่,เขตบางพลัด,การไฟฟ้านครหลวง MEA,กองแผนงานและประสานสาธารณูปโภค สำนักการโยธา (กผภ.สนย.) กทม.,การไฟฟ้านครหลวง ฝ่ายบริหารโครงการ",ถนนทางเท้าช่วงนี้ไม่ได้รับการทำใหม่ เละเทะมากค่ะเว้นไว้ทำไมคะ ตรงนี้,68,https://storage.googleapis.com/traffy_public_bucket/attachment/2024-04/126aac62c715f9a010e8f973d86158961b639352.jpg,https://storage.googleapis.com/traffy_public_bucket/attachment/2024-05/902db698801ac76a99dbc336900654eb.png,100.50359,13.79075,บางพลัด,บางพลัด,กรุงเทพมหานคร,กรุงเทพมหานคร,2024-04-13 15:21:28.637518+00:00,2024-05-23 03:41:53.175158+00:00,เสร็จสิ้น,5.0,0,2024
2E7ZXU,noise,{ร้องเรียน},['ร้องเรียน'],"เขตวัฒนา,ฝ่ายสิ่งแวดล้อมฯ เขตวัฒนา","English Version (Anonymous)
Dear Bangkok Metropolitan Administration Officer,

Subject: Complaint Regarding Illegal Short-Term Rental

I would like to report an illegal short-term rental activity occurring in the building located at 27 Soi 11 Sukhumvit Road, Wattahana, named ""Hyde Sukhumvit 11."" The details are as follows:

There are over 100 rooms listed by one host for short-term rental in this building.
The tenants are not registered via the TM30 form.
The profits from these short-term rentals are being sent abroad to foreigners without paying taxes to Thailand.
I have evidence of these rental advertisements on the Airbnb website, and I will attach some pictures below.

Please investigate and take legal action accordingly.

Sincerely,
Anonymous

Thai Version (Anonymous)
เรียน เจ้าหน้าที่กรุงเทพมหานคร,

เรื่อง การร้องเรียนเกี่ยวกับการให้เช่าระยะสั้นที่ผิดกฎหมาย

ข้าพเจ้าขอแจ้งเรื่องการให้เช่าระยะสั้นที่ผิดกฎหมายในอาคารที่อยู่เลขที่ 27 ซอยสุขุมวิท 11 แขวงวัฒนา ชื่อ ""ไฮด์ สุขุมวิท 11"" โดยมีข้อมูลดังนี้

มีการให้เช่าระยะสั้นกว่า 100 ห้องโดยเจ้าของเดียวในอาคารดังกล่าว
ผู้เช่าที่เข้าพักไม่ได้มีการลงทะเบียนผ่านแบบฟอร์ม TM30
กำไรจากการให้เช่าระยะสั้นถูกส่งออกไปยังต่างประเทศให้กับชาวต่างชาติ โดยไม่มีการจ่ายภาษีให้กับประเทศไทย
ข้าพเจ้ามีหลักฐานการประกาศให้เช่าบนเว็บไซต์ Airbnb ซึ่งข้าพเจ้าจะเพิ่มภาพประกอบด้านล่างนี้

กรุณาตรวจสอบและดำเนินการตามกฎหมายต่อไป

ขอแสดงความนับถือ,
นิรนาม
#TraffyWebsite #English",1420,https://storage.googleapis.com/traffy_public_bucket/attachment/2024-08/e45b723259a9192d77b4746002b2b071.jpg,https://storage.googleapis.com/traffy_public_bucket/attachment/2024-08/3c5f3e90173af739608fb5aa61c620f5.png,100.5564,13.74364,คลองเตยเหนือ,วัฒนา,จังหวัดกรุงเทพมหานคร,กรุงเทพมหานคร,2024-08-12 16:47:25.796776+00:00,2024-08-17 11:01:51.551239+00:00,เสร็จสิ้น,5.0,0,2024
2024-DRPNW8,road,{ทางเท้า},['ทางเท้า'],"เขตบางกอกน้อย,ฝ่ายเทศกิจ เขตบางกอกน้อย",ช่วงเย็นรบกวนมาตรวจด้วยครับจอดกันเยอะมากบนทางเท้า,49,https://storage.googleapis.com/traffy_public_bucket/attachment/2024-02/7dca6d5907b4c0f627313474a43da322200b5618.jpg,https://storage.googleapis.com/traffy_public_bucket/attachment/2024-03/1709402785816.jpeg,100.46917,13.75455,บางขุนศรี,บางกอกน้อย,กรุงเทพมหานคร,กรุงเทพมหานคร,2024-02-29 04:08:02.400099+00:00,2024-03-02 18:06:28.028316+00:00,เสร็จสิ้น,,0,2024
2024-9QNFYV,cleaning,"{ความสะอาด,ถนน}","['ความสะอาด', 'ถนน']","เขตดอนเมือง,ฝ่ายรักษาความสะอาดฯ เขตดอนเมือง",ที่หมู่บ้าน  The Plant ถนนวิภาวดี 41 แยก1  (เคยแจ้งแล้ว) ขณะนี้ยังคงมีการจัดเก็บขยะแค่สัปดาห์ละเพียงครั้งเดียว ในวันพฤหัส แต่ไม่มีการจัดเก็บในวันอาทิตย์ ขยะตกค้างหน้าบ้านมีมาก,175,https://storage.googleapis.com/traffy_public_bucket/attachment/2024-08/942871af4bad1a953904bd1ca46d342bc15b158f.jpg,https://storage.googleapis.com/traffy_public_bucket/attachment/2024-08/e801e21525729c4c5474a29867705570.png,100.61055,13.94999,สนามบิน,ดอนเมือง,กรุงเทพมหานคร,กรุงเทพมหานคร,2024-08-26 13:34:05.945199+00:00,2024-08-29 06:13:49.636523+00:00,เสร็จสิ้น,,0,2024
2024-BTMRBM,flood,"{ท่อระบายน้ำ,ต้นไม้,ร้องเรียน,ถนน}","['ท่อระบายน้ำ', 'ต้นไม้', 'ร้องเรียน', 'ถนน']","เขตบางกะปิ,ฝ่ายโยธา เขตบางกะปิ",ปัญหาลุกล้ำที่สาธารณโดยขยายห้องครัวกินเนื้อที่ถนนหนึ่งเลนและเอาต้นไม้มาปลูกจนน้ำไม่สามาถระบายไปไหนได้มีสองห้องและอีกห้องทำร้านอาหารตามสั่งแล้วเศษอาหารลงที่สาธารณจนทำให้ท่ออุดตันคนใซเดือดร้อนมาก,193,https://storage.googleapis.com/traffy_public_bucket/attachment/2024-10/606d6899fc7d62b00e3452181cc2cccde0d70ca9.jpg,https://storage.googleapis.com/traffy_public_bucket/attachment/2024-10/795e550e7c414d271041111edb42d874.png,100.64205,13.76195,หัวหมาก,บางกะปิ,กรุงเทพมหานคร,กรุงเทพมหานคร,2024-10-25 05:01:51.466384+00:00,2024-10-28 04:06:47.838136+00:00,เสร็จสิ้น,5.0,0,2024
BLY7HZ,road,"{จราจร,ถนน,กีดขวาง}","['จราจร', 'ถนน', 'กีดขวาง']","เขตวังทองหลาง,สน.วังทองหลาง,สำนักงานตำรวจแห่งชาติ (Royal Thai Police),กองบัญชาการตำรวจนครบาล (บช.น.),กองบังคับการตำรวจนครบาล 4 (บก.น.4)","ปัญหา: ภายในซอยดังกล่าว พบผู้ที่มาใช้บริการผับแสงจันทร์เอกมัย-รามอินทรามักมีการนำรถยนต์มาจอดกีดขวางทางสัญจรทำให้การจราจรติดขัดร่วมไปถึงจอดกีดขวางบริเวณหน้าบ้าน 318/2 ทำให้เข้า-ออกไม่สะดวกทุกครั้งที่ผับดังกล่าวมีการจัดงานคอนเสิร์ต 
สร้างความเดือดร้อนให้กับผู้พักอาศัยในบริเวณดังกล่าว
บ้านเลขที่: 318/2
ซอย: ประดิษฐ์มนูธรรม 3
ถนน: ประดิษฐ์มนูธรรม
จุดสังเกต: เข้าซอยดังกล่าวเลี้ยวซ้ายแรกอยู่ด้านหลังของโรงเหล้าแสงจันทร์เอกมัย-รามอินทรา
เขต: วังทองหลาง
#1555",455,https://storage.googleapis.com/traffy_public_bucket/attachment/2024-05/f81a011b5dd9dceacb124a99e91691ad.jpg,,100.6062,13.77566,วังทองหลาง,วังทองหลาง,จังหวัดกรุงเทพมหานคร,กรุงเทพมหานคร,2024-05-29 19:40:23.407259+00:00,2024-06-03 09:11:47.780688+00:00,กำลังดำเนินการ,,0,2024
ZYBA8M,noise,"{เสนอแนะ,เสียงรบกวน,ถนน,สอบถาม}","['เสนอแนะ', 'เสียงรบกวน', 'ถนน', 'สอบถาม']","เขตบางขุนเทียน,ฝ่ายสิ่งแวดล้อมฯ เขตบางขุนเทียน","ปัญหา: พบบ้านเลขที่ 109/61 มีผู้ขับขี่รถจักรยานยนต์บิ๊กไบค์ ส่งเสียงดังรบกวนผู้ร้อง และผู้พักอาศัยบริเวณใกล้เคียง 
อ้างอิงเลขที่รับแจ้ง ELKAJF
เจ้าหน้าที่ตอบกลับมาเมื่อวันที่ 28 สิงหาคม 2567
แจ้งว่า สำนักงานเขตบางขุนเทียนตรวจสอบแล้วเป็นบ้านพักอาศัยหมู่บ้านพิศาลบางกระดี่โครงการ1 ซอย10 แขวงแสมดำเขตบางขุนเทียน กทม.ขณะตรวจสอบพบรถบิ้กไบท์หน้าบ้านเลขที่109/61 แต่ไม่พบว่ามีการลองเครื่องหรือเบิ้ลส่งเสียงดัง จึงได้สอบถามเจ้าของบ้านทราบว่า ใช้รถคันดังกล่าวเป็นพาหนะไปทำงาน จึงได้แนะนำให้นำรถไปตรวจสภาพและวัดความดังเสียงว่าเกินมาตรฐานตามที่กฎหมายกำหนดหรือไม่แล้ว
 ปัจจุบันผู้ร้องแจ้งว่า ปัญหาดังกล่าวยังไม่ได้รับการแก้ไข
 ยังพบมีการเร่งเครื่องรถจักรยานยนต์ส่งเสียงดังรบกวนเป็นประจำทุกวัน
หมู่บ้าน: พิศาลบางกระดี่ โครงการ 1
ซอย: บางกระดี่ 25
ถนน: บางกระดี่
จุดสังเกต: เข้าซอย 10 ของหมู่บ้านไปประมาณ 15 เมตร อยู่ทางด้านซ้ายมือ
เขต: บางขุนเทียน
#1555",841,https://storage.googleapis.com/traffy_public_bucket/attachment/2024-09/8d28ffa74bd4c7604fb76d08a5cbfa14.jpg,https://storage.googleapis.com/traffy_public_bucket/attachment/2024-09/a6a98009530832b77519bc4ae5523a7d.png,100.40868,13.62235,แสมดำ,บางขุนเทียน,จังหวัดกรุงเทพมหานคร,กรุงเทพมหานคร,2024-09-03 12:42:52.839161+00:00,2024-09-04 06:01:13.634880+00:00,เสร็จสิ้น,,0,2024
LK44VX,safety,"{ต้นไม้,ถนน}","['ต้นไม้', 'ถนน']","เขตบางเขน,ฝ่ายรักษาความสะอาดฯ เขตบางเขน","ปัญหา: พบเห็นมีที่ดินรกร้างไม่มีผู้อยู่อาศัย
ซึ่งในที่ดินดังกล่าวมีต้นไม้สูงใหญ่ ผู้ร้องเกรงจะเกิดไฟไหม้จึงขอให้เจ้าหน้าที่ช่วยประสานกับเจ้าของที่ดินให้มาดูแล ตัดแต่งต้นไม้และทำความสะอาดที่ดินดังกล่าว

ซอย: แจ้งวัฒนะ 4 แยก 9 ซอย 3
ถนน: แจ้งวัฒนะ
จุดสังเกต: เข้ามาในซอยดังกล่าวประมาณ 40-60 เมตร  ที่ดินดังกล่าวอยู่ซ้ายมือ
เขต: บางเขน
#1555",339,https://storage.googleapis.com/traffy_public_bucket/attachment/2024-01/1706536561856.jpeg,https://storage.googleapis.com/traffy_public_bucket/attachment/2024-02/1707885521569.jpeg,100.593,13.88101,อนุสาวรีย์,บางเขน,จังหวัดกรุงเทพมหานคร,กรุงเทพมหานคร,2024-01-29 13:56:04.057452+00:00,2024-02-14 04:38:42.677598+00:00,เสร็จสิ้น,,0,2024
2024-NUPW6K,unknown,{},['unknown'],"เขตภาษีเจริญ,ฝ่ายเทศกิจ เขตภาษีเจริญ",แอบขาย,6,https://storage.googleapis.com/traffy_public_bucket/attachment/2024-03/662fe3a63a87fb573872dcfafaf64e40b936f546.jpg,https://storage.googleapis.com/traffy_public_bucket/attachment/2024-03/733382c32dbac1f2baa48ffe9ac6a5d7.jpg,100.45616,13.71981,ปากคลองภาษีเจริญ,ภาษีเจริญ,กรุงเทพมหานคร,กรุงเทพมหานคร,2024-03-29 04:26:03.079350+00:00,2024-03-29 06:22:51.875800+00:00,เสร็จสิ้น,5.0,0,2024
2024-BLYVZP,lighting,{สายไฟ},['สายไฟ'],"อบต.บางน้ำจืด จ.สมุทรสาคร,เขตบางบอน,การไฟฟ้านครหลวง เขตบางขุนเทียน,สำนักงาน กสทช. (ศูนย์รับแจ้งปัญหา 1200),การไฟฟ้านครหลวง MEA",สายไฟฟ้าหย่อน สิบล้อวิ่งรถสูงอาจเกี่ยวสายไฟล้ม,46,https://storage.googleapis.com/traffy_public_bucket/attachment/2024-04/e9260d49ea6f11ad61d1cbe9ff65f45d20437f8e.jpg,,100.37224,13.63838,บางบอนใต้,บางบอน,กรุงเทพมหานคร,กรุงเทพมหานคร,2024-04-20 07:52:38.103184+00:00,2024-04-22 01:18:42.722809+00:00,กำลังดำเนินการ,,0,2024
2024-FLFUZN,road,"{ถนน,ร้องเรียน}","['ถนน', 'ร้องเรียน']","เขตประเวศ,ฝ่ายโยธา เขตประเวศ","แจ้งเรื่อง
สวัสดีครับ พอดีมีเรื่องแจ้ง ลูกระนาดชะลอรถ ตรงถนนทุ่งเศรษฐี แยก43 วัดทุ่งเศรษฐี ตอนนี้สร้างความเดือดร้อนมากรถบรรทุก รถใหญ่ขับผ่าน ไม่ชะลอความเร็วทำให้สะเทือน ทั้งถนนทั้งบ้าน ช่วงเวลากลางคืนไม่ได้นอนเลยครับ กลัวว่าซักวันบ้านจะร้าว มีผลต่อโครงสร้างบ้าน ถ้าเป็นไปได้อยากให้เอาออก หรือขยายขนาดให้ใหญ่ขึ้นโดยเร็วที่สุด หรือหาวิธีการอื่นมาใช้ในการชะลอรถแทนเช่นติดไฟแจ้งเตือนครับ",383,https://storage.googleapis.com/traffy_public_bucket/attachment/2024-08/9f4d76b8d8d86fbc17a8583d60d47aa63ad8e678.jpg,https://storage.googleapis.com/traffy_public_bucket/attachment/2024-08/da2b3b67dd484b3f49ebda70d4c035cf.png,100.69575,13.66848,ดอกไม้,ประเวศ,กรุงเทพมหานคร,กรุงเทพมหานคร,2024-08-14 04:56:10.222831+00:00,2024-08-16 01:01:29.765621+00:00,เสร็จสิ้น,5.0,0,2024
2024-4CQ4VN,road,{ทางเท้า},['ทางเท้า'],"เขตตลิ่งชัน,ฝ่ายโยธา เขตตลิ่งชัน",ทรงเท้าชำรุด,12,https://storage.googleapis.com/traffy_public_bucket/attachment/2024-03/1d3237e6ab6cb84dc043011ddbd83dd9b0f6779e.jpg,https://storage.googleapis.com/traffy_public_bucket/attachment/2024-03/1709893020606.jpeg,100.4458,13.77315,ฉิมพลี,ตลิ่งชัน,กรุงเทพมหานคร,กรุงเทพมหานคร,2024-03-05 09:07:07.838934+00:00,2024-03-08 10:17:02.325678+00:00,เสร็จสิ้น,,0,2024
2024-4K66AT,road,{ถนน},['ถนน'],"เขตคลองเตย,สน.ลุมพินี,สำนักงานตำรวจแห่งชาติ (Royal Thai Police),กองบัญชาการตำรวจนครบาล (บช.น.),กองบังคับการตำรวจนครบาล 5 (บก.น.5)",สุขุมวิท ซ 2 ถนนสองเลนแคบ ๆ ซอยตัน ในซอย มี รร ร่วม 20 แห่ง เลนนึงถูกแทกซี่ ตุ๊ก ๆ จองจอดตลอดเวลา เดินทางเข้าออกลำบากมาก น่ากลัวหากมีเหตุฉุกเฉินละ evacuate คนยังไง คิดว่าซอยนี้ไม่ควรให้มีการจอดรถ,195,https://storage.googleapis.com/traffy_public_bucket/attachment/2024-05/64a649accc0f25cfa89083b6c7c8dbd789a99635.jpg,https://storage.googleapis.com/traffy_public_bucket/attachment/2024-05/16973f47c4a7a1928cb1fd9dcea37181.jpg,100.55177,13.74126,คลองเตย,คลองเตย,กรุงเทพมหานคร,กรุงเทพมหานคร,2024-05-21 08:02:22.656364+00:00,2024-05-28 06:34:57.741564+00:00,เสร็จสิ้น,5.0,0,2024
7DFCKK,road,{ถนน},['ถนน'],"เขตบางขุนเทียน,สำนักการโยธา กทม.,การไฟฟ้านครหลวง เขตราษฎร์บูรณะ,การไฟฟ้านครหลวง MEA,สำนักงานก่อสร้างและบูรณะ สำนักการโยธา (สกบ.สนย.) กทม.,Bangkok Smart Lighting (สำนักการโยธา กทม.)","ปัญหา: พบดวงไฟฟ้าส่องสว่างทางดับชำรุด จำนวน 1 ดวง ดับมาเป็นเวลา 3 วันแล้ว
ซอย: สะแกงาม 14 แยก 17
ถนน: สะแกงาม
จุดสังเกต: ต้นเสาไฟที่ 2 เยื้องบ้านเลขที่ 5
เขต: บางขุนเทียน
#1555",177,https://storage.googleapis.com/traffy_public_bucket/attachment/2025-01/89055dc605903f9928737c0137e322cb.jpg,https://storage.googleapis.com/traffy_public_bucket/attachment/2025-01/35264b044f4d41dea1da4cc5e300b356.png,100.41675,13.62718,แสมดำ,บางขุนเทียน,จังหวัดกรุงเทพมหานคร,กรุงเทพมหานคร,2025-01-03 06:45:03.016861+00:00,2025-01-08 11:14:05.911290+00:00,เสร็จสิ้น,,0,2025
2024-6D6AZK,unknown,{},['unknown'],"เขตหนองแขม,ฝ่ายโยธา เขตหนองแขม",ต่อเติมโรงจอดรถ,15,https://storage.googleapis.com/traffy_public_bucket/attachment/2024-07/f65b37301962f764934f675adda80ae771efe51a.jpg,https://storage.googleapis.com/traffy_public_bucket/attachment/2024-09/5aa333e4d4a02404673b73b4dc897359.png,100.3385,13.71752,หนองค้างพลู,หนองแขม,กรุงเทพมหานคร,กรุงเทพมหานคร,2024-07-16 09:24:02.406831+00:00,2024-09-11 07:32:03.566261+00:00,เสร็จสิ้น,,0,2024
2024-733VA3,road,"{ทางเท้า,ท่อระบายน้ำ}","['ทางเท้า', 'ท่อระบายน้ำ']","เขตบางขุนเทียน,สำนักการโยธา กทม.,ศูนย์ก่อสร้างและบูรณะถนน 2 ส่วนก่อสร้างและบูรณะ 2 สำนักงานก่อสร้างและบูรณะ (สกบ.สนย.)",ฝาท่อประปาไม่มีและฟุตบาทรอบข้างแตกชำรุด,39,https://storage.googleapis.com/traffy_public_bucket/attachment/2024-10/03d9727ee783d8545f9ad0faaf02a967eba2dfec.jpg,https://storage.googleapis.com/traffy_public_bucket/attachment/2024-12/6431d9e5297e18db12a3a4d34af57071.jpg,100.43461,13.62838,แสมดำ,บางขุนเทียน,กรุงเทพมหานคร,กรุงเทพมหานคร,2024-10-05 07:10:03.867146+00:00,2024-12-23 09:40:08.653799+00:00,เสร็จสิ้น,,0,2024
2025-4EYVTY,road,{ถนน},['ถนน'],"สำนักการโยธา กทม.,การไฟฟ้านครหลวง เขตสามเสน,การไฟฟ้านครหลวง MEA,สำนักงานก่อสร้างและบูรณะ สำนักการโยธา (สกบ.สนย.) กทม.,ศูนย์เครื่องมือกล ส่วนก่อสร้างและบูรณะ 2 สำนักงานก่อสร้างและบูรณะ (สกบ.สนย.),Bangkok Smart Lighting (สำนักการโยธา กทม.)",ไฟฟ้าส่องสว่างถนนสามเสนตรงข้ามวังศุโขทัยดับ,43,https://storage.googleapis.com/traffy_public_bucket/attachment/2025-01/1ae6e238114d1b57bbdcf9c45c4626db4210cdf6.jpg,,100.50869,13.77873,ดุสิต,ดุสิต,กรุงเทพมหานคร,กรุงเทพมหานคร,2025-01-03 04:48:52.106469+00:00,2025-01-06 03:10:54.867699+00:00,กำลังดำเนินการ,,0,2025
2024-DYRWDV,noise,{เสียงรบกวน},['เสียงรบกวน'],"เขตสวนหลวง,ฝ่ายโยธา เขตสวนหลวง","ขอให้เขตมาควบคุมผู้รับเหมาที่กำลังต่อเติมบ้านหน่อยครับ!!! เสียงดังมากเลยยยย ทำงานไม่ได้เลยยยยย ทำมาแล้วตั้งแต่ต้นปี
พิกัด พัฒนาการ 48 ซอยย่อย 5 หลังที่2 หันหน้าเข้าซอย",167,https://storage.googleapis.com/traffy_public_bucket/attachment/2024-05/e391f8650ea17c389aaa7b08d8e35ae60b0afc46.jpg,https://storage.googleapis.com/traffy_public_bucket/attachment/2024-06/a83fdca162807698957193a2d3ab4225.png,100.63368,13.73219,สวนหลวง,สวนหลวง,กรุงเทพมหานคร,กรุงเทพมหานคร,2024-05-31 05:03:12.804841+00:00,2024-06-18 07:54:55.643419+00:00,เสร็จสิ้น,5.0,0,2024
2024-BGDK28,flood,{ท่อระบายน้ำ},['ท่อระบายน้ำ'],"เขตลาดกระบัง,การรถไฟฟ้าขนส่งมวลชนแห่งประเทศไทย (รฟม.)",ฝาท่อระบายน้ำเปิดค้างอยู่ยังพูดไม่สนิท,38,https://storage.googleapis.com/traffy_public_bucket/attachment/2024-06/2267d1172f8fca29d39d40243605e4b393d4b1bd.jpg,,100.74801,13.72753,ลาดกระบัง,ลาดกระบัง,กรุงเทพมหานคร,กรุงเทพมหานคร,2024-06-16 11:59:34.886152+00:00,2024-06-16 12:23:34.084179+00:00,กำลังดำเนินการ,,0,2024
2024-B6VQR4,road,"{ทางเท้า,ป้าย}","['ทางเท้า', 'ป้าย']","เขตป้อมปราบศัตรูพ่าย,เขตพระนคร,สำนักงานเลขานุการผู้ว่าราชการกรุงเทพมหานคร (บัญชีทางการ),ฝ่ายเทศกิจ เขตป้อมปราบศัตรูพ่าย","เรียน สำนักงานเลขานุการผู้ว่า 

ช่วยบอกนายเพ็ชร ภุมมา ผอ.เขตป้อมปราบ ให้นำป้ายใหญ่ๆ ที่เขียนว่า ห้ามจำหน่ายอาหารบนทางเท้า ฝ่าฝืนปรับ 5000 บาท มาติดที่ต้นไม้หน้าร้านก๋วยเตี๋ยว เลขที่ 105 ถนนหลวง เขตป้อมปราบ ด้วย  
ฝากถาม ผอ.เขต ว่าจะมาติดป้ายมั้ย ขอให้ตอบมาเเค่ จะติด หรือไม่ติด ส่วนเทศกิจไม่ต้องมายุ่ง ไม่ต้องมาตอบ เพราะพวกคุณปล่อยให้ขายของบนทางเท้าทุกคืน 19:00-22:00",367,https://storage.googleapis.com/traffy_public_bucket/attachment/2024-12/2d01fc55d5ffd07607a845b281f416b7c052d62b.jpg,https://storage.googleapis.com/traffy_public_bucket/attachment/2025-01/91e631cad6f04ecaa79a71f2f8c573e7.png,100.5016,13.75372,เสาชิงช้า,พระนคร,กรุงเทพมหานคร,กรุงเทพมหานคร,2024-12-13 01:58:18.148950+00:00,2025-01-16 01:56:39.232892+00:00,กำลังดำเนินการ,,25,2024
2024-NDKHW2,canal,{คลอง},['คลอง'],"ประชาชนคลองสามวา (ทีมสส.พิมพ์),เขตคลองสามวา,ฝ่ายโยธา เขตคลองสามวา",ปัญหาผักตบชวาริมคลองแน่นมากเป็นระยะเวลานาน 2 ฝั่งคลองหน่วยงานนี้เกี่ยวข้องเข้ามาแก้ไขมากขึ้นด่วน,96,https://storage.googleapis.com/traffy_public_bucket/attachment/2024-07/a0ddeba86cfdc79955eb0b6f3dfb5c9f52d05c99.jpg,https://storage.googleapis.com/traffy_public_bucket/attachment/2024-09/0dc3dc094daf46e7f11426465c4cf6c6.jpg,100.70206,13.84324,บางชัน,คลองสามวา,กรุงเทพมหานคร,กรุงเทพมหานคร,2024-07-17 07:40:02.456479+00:00,2024-09-25 06:50:38.688180+00:00,เสร็จสิ้น,,0,2024
K6RG99,lighting,"{แสงสว่าง,ถนน}","['แสงสว่าง', 'ถนน']","เขตยานนาวา,สำนักการโยธา กทม.,ฝ่ายโยธา เขตยานนาวา,ศูนย์เครื่องมือกล ส่วนก่อสร้างและบูรณะ 1 สำนักงานก่อสร้างและบูรณะ (สกบ.สนย.)","ปัญหา: ภายในซอยดังกล่าว พบดวงไฟฟ้าส่องสว่างทางดับชำรุด จำนวน 1 ดวง (เสาไฟเลขที่ ว13) ดับมาประมาณ 3 สัปดาห์แล้ว ทำให้บริเวณดังกล่าวมืดมาก
ซอย: สาธุประดิษฐ์ 23
ถนน: สาธุประดิษฐ์ 
จุดสังเกต: เข้าซอยดังกล่าวจะพบทางบังคับเลี้ยวขวา จากนั้นพบ 3 แยก เสาไฟที่ดับอยู่บริเวณ 3 แยก
เขต: ยานนาวา
#1555",289,https://storage.googleapis.com/traffy_public_bucket/attachment/2024-03/1710750403259.jpeg,https://storage.googleapis.com/traffy_public_bucket/attachment/2024-08/b921490b3df411094cc1b072b03f1543.jpg,100.53302,13.69772,ช่องนนทรี,ยานนาวา,จังหวัดกรุงเทพมหานคร,กรุงเทพมหานคร,2024-03-18 08:26:45.717385+00:00,2024-08-20 02:00:06.317476+00:00,เสร็จสิ้น,,0,2024
2024-4NC9M8,unknown,{},['unknown'],"เขตพระนคร,การไฟฟ้านครหลวง เขตวัดเลียบ,การไฟฟ้านครหลวง MEA",การไฟฟ้าติดมิเตอร์ไฟต่ำไป ทำให้หัวคนชน ควรปรับให้สูงขึ้น,56,https://storage.googleapis.com/traffy_public_bucket/attachment/2024-11/8e8d79f299041d9045a68e37988fad1a74078005.jpg,https://storage.googleapis.com/traffy_public_bucket/attachment/2024-12/dfdfcd305bdbb354a8854d0d82234a2b.png,100.49991,13.74666,วังบูรพาภิรมย์,พระนคร,กรุงเทพมหานคร,กรุงเทพมหานคร,2024-11-24 06:44:16.735965+00:00,2024-12-01 07:00:14.918713+00:00,เสร็จสิ้น,,0,2024
2024-KQZHX9,road,{ทางเท้า},['ทางเท้า'],"เขตยานนาวา,ฝ่ายเทศกิจ เขตยานนาวา",จักรยานยนต์ขับขี่บนทางเท้า ฝั่งซอยสาธุประดิษฐ์44ทุกวัน ใช้ความเร็วสูง ไม่มีเจ้าหน้าที่มาจัดการ,94,https://storage.googleapis.com/traffy_public_bucket/attachment/2024-06/3b74704e599b8edcf689560cfbb5f75d82a0715c.jpg,https://storage.googleapis.com/traffy_public_bucket/attachment/2024-06/48dc349e0bd43959acdbbe59cf881058.png,100.53373,13.68912,ช่องนนทรี,ยานนาวา,กรุงเทพมหานคร,กรุงเทพมหานคร,2024-06-21 06:13:33.434047+00:00,2024-06-24 08:24:24.558771+00:00,เสร็จสิ้น,1.0,0,2024
2024-GDCRBT,road,"{ถนน,น้ำท่วม}","['ถนน', 'น้ำท่วม']","เขตคลองสามวา,ฝ่ายโยธา เขตคลองสามวา",ถนนในซอยเป็นหลุมลึก เวลาน้ำท่วมขัง มองไม่เห็นหลุม,49,https://storage.googleapis.com/traffy_public_bucket/attachment/2024-06/8d87333358269f56a6297570e2fd3844b7556c25.jpg,https://storage.googleapis.com/traffy_public_bucket/attachment/2024-06/dc446097a860ab01f351416bac04f902.png,100.69831,13.85272,บางชัน,คลองสามวา,กรุงเทพมหานคร,กรุงเทพมหานคร,2024-06-17 04:00:12.992600+00:00,2024-06-24 23:00:38.361603+00:00,เสร็จสิ้น,5.0,0,2024
2024-D74XPQ,road,{ป้าย},['ป้าย'],"เขตวัฒนา,ฝ่ายโยธา เขตวัฒนา","ขอป้ายซ.ต่อศักดิ์คืนด้วยค่ะ
เมื่อไหร่จะมาทำคะ โทรตามเขตวัฒนาเเล้ว จนท.รับเรื่องเเต่บอกไม่รู้เรื่องไหร่  ต้องรอรวบรวมเสาหักให้ได้จำนวนถึงจะซ่อมได้ เอิ่ม...แปลว่าอะไรคะ

รถชนป้ายซอยตั้งเเต่เดือน6
พอไม่มีเสาซอย

 หลังจากนั้นรถซอยเลี้ยวชนขอบปูนที่ร้านตลอด นี่ซ่อมมา3 รอบเเล้ว ถ้าไม่มีขอบคือทะลุเข้ามาเเล้วนะคะ",305,https://storage.googleapis.com/traffy_public_bucket/attachment/2024-08/91912e65578827586025539cad8e877b4eaf6c2d.jpg,https://storage.googleapis.com/traffy_public_bucket/attachment/2024-10/14fd34b25fa4d8781010b87ae85c5e69.jpg,100.57893,13.73439,คลองตันเหนือ,วัฒนา,กรุงเทพมหานคร,กรุงเทพมหานคร,2024-08-10 06:42:28.862575+00:00,2024-10-21 07:28:34.113336+00:00,เสร็จสิ้น,5.0,0,2024
2025-BDQ87Y,noise,"{ร้องเรียน,ต้นไม้,ความปลอดภัย}","['ร้องเรียน', 'ต้นไม้', 'ความปลอดภัย']",เขตราชเทวี,ต้นไม้บริเวณดังกล่าวช่วงโคนต้นไม้มันแห้งเหมือนต้นไม้มันตายแล้วแห้งเหมือนจะล้มลงมาเกรงว่าจะเกิดอันตรายต่อผู้สัญจรอยากให้ช่วยมาตรวจสอบแก้ไขจุดสังเกตบริเวณใกล้ปากซอยราชวิถีซอย 7,174,https://storage.googleapis.com/traffy_public_bucket/attachment/2025-01/38fd10a622032fd235d00082d54f610916390528.jpg,,100.53975,13.76426,ถนนพญาไท,ราชเทวี,กรุงเทพมหานคร,กรุงเทพมหานคร,2025-01-16 02:52:33.878797+00:00,2025-01-16 02:52:38.173640+00:00,รอรับเรื่อง,,0,2025
,lighting,{แสงสว่าง},['แสงสว่าง'],"สำนักการโยธา กทม.,กรุงเทพโปร่งใส,ศูนย์เครื่องมือกล ส่วนก่อสร้างและบูรณะ 1 สำนักงานก่อสร้างและบูรณะ (สกบ.สนย.)",,0,https://storage.googleapis.com/traffy_public_bucket/TeamChadChart/corruption_photo2.png,https://storage.googleapis.com/traffy_public_bucket/attachment/2024-08/8e26a5521be2b35e96e5534191b02484.jpg,100.84962,13.82989,โคกแฝด,หนองจอก,กรุงเทพมหานคร,กรุงเทพมหานคร,2024-01-27 13:32:33.194079+00:00,2024-08-21 01:15:29.148425+00:00,เสร็จสิ้น,,0,2024
2024-92L7EM,road,{ทางเท้า},['ทางเท้า'],"เขตยานนาวา,สน.บางโพงพาง,ฝ่ายเทศกิจ เขตยานนาวา,สำนักงานตำรวจแห่งชาติ (Royal Thai Police),กองบัญชาการตำรวจนครบาล (บช.น.),กองบังคับการตำรวจนครบาล 5 (บก.น.5)","มีรถทัวร์จอดริมถนน (ฟุตบาท ขาวแเดง) ทุกวันิจำนวน3-4คันใหญ่ ใกล้ทางเข้า ที่จอดรถของพนักงานบริษัท ฟู้ดโปรเจ็ค (สยาม) “ซึ่งการจอดทำให้บดบังทางเข้า และทำให้รถสัญจรลำบากมาก” เนื่องจากจอดตั้งแต่ ก่อน6โมงเช้า และจอดยาวต่อเนื่องถึงประมาณ 13.00 น. ในทุกๆวัน

ในระหว่างการจอดรถ พนักงานขับรถทัวร์ มีการประกอบอาหารและอาบน้ำ หรือประกอบกิจกรรมอื่นๆบนฟุตบาท",342,https://storage.googleapis.com/traffy_public_bucket/attachment/2024-01/2dcd7b6953494c954a6bf79a3c3e06a43d6a6369.jpg,https://storage.googleapis.com/traffy_public_bucket/attachment/2024-01/1706083483846.jpeg,100.54234,13.68303,ช่องนนทรี,ยานนาวา,กรุงเทพมหานคร,กรุงเทพมหานคร,2024-01-24 03:08:35.053118+00:00,2024-01-24 16:51:03.114208+00:00,เสร็จสิ้น,,0,2024
2024-H48248,safety,{ความปลอดภัย},['ความปลอดภัย'],"เขตธนบุรี,ฝ่ายโยธา เขตธนบุรี",รั้วที่กั้นพัง กลัวจะเกิดอันตรายค่ะ คน เด็กเล็กเดินผ่านไปมาทุกวัน รบกวนเข้าดำเนินการแก้ไข,89,https://storage.googleapis.com/traffy_public_bucket/attachment/2024-12/7c2ab2f7ae35e43c4a971d9c44016c4f50f4eb53.jpg,https://storage.googleapis.com/traffy_public_bucket/attachment/2025-01/763fcbf95fc497d5ecf97ec362438132.png,100.48057,13.70824,ดาวคะนอง,ธนบุรี,กรุงเทพมหานคร,กรุงเทพมหานคร,2024-12-27 12:17:26.311254+00:00,2025-01-02 06:32:06.894571+00:00,เสร็จสิ้น,5.0,0,2024
2024-HTZNBH,road,{กีดขวาง},['กีดขวาง'],"เขตสาทร,ฝ่ายเทศกิจ เขตสาทร",ร้านค้าตั้งของขวางทางเท้า,25,https://storage.googleapis.com/traffy_public_bucket/attachment/2024-03/c5d157b8d47984aa9a03ec59e34f6dad3393089f.jpg,https://storage.googleapis.com/traffy_public_bucket/attachment/2024-03/244dd5777be9eac74ca782b7acc37667.png,100.53815,13.72004,ทุ่งมหาเมฆ,สาทร,กรุงเทพมหานคร,กรุงเทพมหานคร,2024-03-19 10:35:04.451144+00:00,2024-03-20 15:39:29.524140+00:00,เสร็จสิ้น,,0,2024
2025-LEE93R,noise,{เสียงรบกวน},['เสียงรบกวน'],"เขตสาทร,สน.วัดพระยาไกร,ฝ่ายเทศกิจ เขตสาทร,สำนักงานตำรวจแห่งชาติ (Royal Thai Police),กองบัญชาการตำรวจนครบาล (บช.น.),กองบังคับการตำรวจนครบาล 5 (บก.น.5)",ชมที่เจ้าหน้ามา แต่ไปได้ไม่นาน ก้อมานั่งกันใหม่ คุยกันเสียงดัง บางทีทะเลาะกัน และดูดบุหรี่ ทิ้งเกลื่อนกลาดเหมือนเดิม เบิ้ลเครื่องมอเตอร์ไซค์เหมือนเดิม ยิ่งดึกคนยิ่งเยอะ,168,https://storage.googleapis.com/traffy_public_bucket/attachment/2025-01/cfcb6ab776a7d0338e1324208d4e76356a8af15f.jpg,https://storage.googleapis.com/traffy_public_bucket/attachment/2025-01/29ee2b23d10e78a639e872e4908ddd32.png,100.52924,13.7042,ทุ่งวัดดอน,สาทร,กรุงเทพมหานคร,กรุงเทพมหานคร,2025-01-09 13:48:31.894897+00:00,2025-01-11 07:46:22.327932+00:00,เสร็จสิ้น,5.0,0,2025
2024-DD3RRV,road,{ทางเท้า},['ทางเท้า'],"เขตคลองเตย,ฝ่ายเทศกิจ เขตคลองเตย",ขายของบนทางเท้าในซอยสุขุมวิท 48 ไม่มีทางให้เดินแล้ว บนถนนก็ขาย,62,https://storage.googleapis.com/traffy_public_bucket/attachment/2024-01/b2fb072e415300f7095b42c7500b4b1b9b74deee.jpg,https://storage.googleapis.com/traffy_public_bucket/attachment/2024-01/1705150334739.jpeg,100.59506,13.71185,พระโขนง,คลองเตย,กรุงเทพมหานคร,กรุงเทพมหานคร,2024-01-12 10:30:42.997257+00:00,2024-01-13 12:52:16.659922+00:00,เสร็จสิ้น,,0,2024
2024-LDEDLB,flood,{ท่อระบายน้ำ},['ท่อระบายน้ำ'],"เขตวัฒนา,ฝ่ายเทศกิจ เขตวัฒนา,ฝ่ายโยธา เขตวัฒนา,ฝ่ายสิ่งแวดล้อมฯ เขตวัฒนา",ทิ้งเศษอาหารลงท่อระบายน้ำ ทิ้งไขมันสัตว์ลงท่อระบายน้ำ,53,https://storage.googleapis.com/traffy_public_bucket/attachment/2024-09/67c367f64090a6b215782642b130afa7f899355f.jpg,https://storage.googleapis.com/traffy_public_bucket/attachment/2024-09/9e72ae8ced1e977c1e07dde965ec3c48.png,100.5898,13.74093,คลองตันเหนือ,วัฒนา,กรุงเทพมหานคร,กรุงเทพมหานคร,2024-09-02 09:59:04.179912+00:00,2024-09-12 10:21:45.768919+00:00,เสร็จสิ้น,2.0,0,2024
2024-KHZMUC,unknown,{},['unknown'],"เขตคลองเตย,สน.ทองหล่อ,สำนักงานตำรวจแห่งชาติ (Royal Thai Police),กองบัญชาการตำรวจนครบาล (บช.น.),กองบังคับการตำรวจนครบาล 5 (บก.น.5)",แยกกล้วยน้ำไท หน้าร้านหมูกะทะ มีมอเตอร์ไซค์จอดทุกคืนทุกเวลา ไม่เคยโล่ง ขับรถลำบากมาก,84,https://storage.googleapis.com/traffy_public_bucket/attachment/2024-07/3b058b4ce45398c08dbf98e01be2e38fc045c510.jpg,https://storage.googleapis.com/traffy_public_bucket/attachment/2024-07/3b5187b1b0f9eebd90145ba78f830053.png,100.58383,13.71284,พระโขนง,คลองเตย,กรุงเทพมหานคร,กรุงเทพมหานคร,2024-07-12 13:53:33.957199+00:00,2024-07-13 08:29:23.305981+00:00,เสร็จสิ้น,,0,2024
2024-LMPF78,unknown,{},['unknown'],"เขตป้อมปราบศัตรูพ่าย,บริษัท โทรคมนาคมแห่งชาติ จำกัด (มหาชน)",ตู้ชุมสายโทรศัพท์ไม่ได้ใช้แล้วฝากผู้รับผิดชอบดำเนินการลื้อออกด้วย,65,https://storage.googleapis.com/traffy_public_bucket/attachment/2024-09/3d540565e92b268b2bd06576d282aea030a88098.jpg,,100.51238,13.74843,วัดเทพศิรินทร์,ป้อมปราบศัตรูพ่าย,กรุงเทพมหานคร,กรุงเทพมหานคร,2024-09-01 08:34:23.100534+00:00,2024-09-02 09:47:39.092839+00:00,กำลังดำเนินการ,,0,2024
LF7V8W,road,"{ถนน,เสียงรบกวน}","['ถนน', 'เสียงรบกวน']","เขตคลองสาน,ฝ่ายเทศกิจ เขตคลองสาน,ฝ่ายสิ่งแวดล้อมฯ เขตคลองสาน","บ้านเลขที่ 63 ซอยเจริญนคร 45 ถนนเจริญนคร เขตคลองสาน
ภายในบ้านหลังดังกล่าว มีการเปิดเพลงเสียงดัง ตั้งแต่เวลา 08.00 น. รบกวนเพื่อนบ้าน ผู้ร้องต้องการให้ลดเสียงลง ขอให้เจ้าหน้าที่เข้าดำเนินการตรวจสอบและแก้ไข
#1555 #citydata",221,https://storage.googleapis.com/traffy_public_bucket/attachment/2024-10/93040606fa712058d39ae4813c9169fc.jpg,https://storage.googleapis.com/traffy_public_bucket/attachment/2024-10/655c743c05270465c3e284241b66c3b8.jpg,100.49985,13.71068,บางลำภูล่าง,คลองสาน,จังหวัดกรุงเทพมหานคร,กรุงเทพมหานคร,2024-10-06 03:55:01.774828+00:00,2024-10-21 04:35:27.682140+00:00,เสร็จสิ้น,,0,2024
EYJXAZ,road,"{ถนน,สะพาน,แสงสว่าง}","['ถนน', 'สะพาน', 'แสงสว่าง']","เขตพระนคร,สำนักการโยธา กทม.,ศูนย์เครื่องมือกล ส่วนก่อสร้างและบูรณะ 2 สำนักงานก่อสร้างและบูรณะ (สกบ.สนย.),Bangkok Smart Lighting (สำนักการโยธา กทม.)","ปัญหา: บริเวณโป๊ะท่าเรือใกล้กับอาคารยอดพิมาย ต้องการให้ติดตั้งไฟส่องสว่าง (หลอดไฟ LED รวงผึ้งสีขาวนวล) เพื่อรองรับการจัดงานในช่วงปีใหม่ ให้มีความสว่างไสวในตอนกลางคืน 
ถนน: สะพานพุทธ 
เขต: พระนคร
#1555",201,https://storage.googleapis.com/traffy_public_bucket/attachment/2024-11/6f7c361a0d1cd032e139a6d8abb1b76a.jpg,,100.49586,13.74059,วังบูรพาภิรมย์,พระนคร,จังหวัดกรุงเทพมหานคร,กรุงเทพมหานคร,2024-11-17 14:20:44.198004+00:00,2024-11-18 15:39:05.911979+00:00,กำลังดำเนินการ,,0,2024
2024-P2RK9N,road,{ถนน},['ถนน'],"เขตจอมทอง,สำนักการจราจรและขนส่ง กรุงเทพมหานคร (สจส. กทม.),สำนักงานวิศวกรรมจราจร สวจ.สจส. กทม.,กลุ่มงานเครื่องหมายจราจร 3 สวจ.สจส. กทม.",ทางข้ามม้าลาย...สีจางหายไม่ชัดเจน..ขอบพระคุณครับ❤️❤️🌻🌹,54,https://storage.googleapis.com/traffy_public_bucket/attachment/2024-12/f8968bfd7693a8125be110fd8bcf0beec64f2b67.jpg,,100.47055,13.71103,บางค้อ,จอมทอง,กรุงเทพมหานคร,กรุงเทพมหานคร,2024-12-30 04:09:51.673928+00:00,2025-01-01 07:34:10.976889+00:00,กำลังดำเนินการ,,0,2024
2024-8M8WGL,road,"{ทางเท้า,ป้าย}","['ทางเท้า', 'ป้าย']","เขตบางกอกใหญ่,ฝ่ายเทศกิจ เขตบางกอกใหญ่","จักรยานยนต์ไม่ติดแผ่นป้ายทะเบียน วิ่งบนทางเท้า ทำให้ควันรถและไอน้ำมันเข้าบ้าน
เสนอทางแก้ไข ขอให้เจ้าหน้าที่ๆมีหน้าที่รับผิดชอบ ลงพื้นที่ซุ่มจับผู้กระทำผิด โดยเฉพาะเวลา ช่วงเย็น(18:00น.) ครับ ถ้าเป็นไปได้เอาซุ้มของเทศกิจมาตั้งเพื่อป้องปรามจะดีเลยครับ",249,https://storage.googleapis.com/traffy_public_bucket/attachment/2024-11/9cfff5e6eeaa3df253777ac3f2998c671741f41c.jpg,https://storage.googleapis.com/traffy_public_bucket/attachment/2024-12/b7503441f42a76c3fa58cd6edc9b2ecf.png,100.47084,13.74028,วัดท่าพระ,บางกอกใหญ่,กรุงเทพมหานคร,กรุงเทพมหานคร,2024-11-27 11:16:44.681279+00:00,2024-12-01 13:43:44.696862+00:00,เสร็จสิ้น,,0,2024
2024-MFXKE7,road,{ถนน},['ถนน'],"เขตลาดพร้าว,สำนักการโยธา กทม.,ฝ่ายโยธา เขตลาดพร้าว,ศูนย์ก่อสร้างและบูรณะถนน 1 ส่วนก่อสร้างและบูรณะ 1 สำนักงานก่อสร้างและบูรณะ (สกบ.สนย.)",ซอยเสนา ทำการปรับฟุตบาธสวยงามน่าเดิน แต่ทำไมไม่ซ่อมถนนด้านข้างให้เสร็จเป็นหลุมเป็น เป็นบ่อ ตลอดแนว,98,https://storage.googleapis.com/traffy_public_bucket/attachment/2024-10/b1e9652f53e59bc21db341f3972273bc00cd6751.jpg,,100.60105,13.82901,ลาดพร้าว,ลาดพร้าว,กรุงเทพมหานคร,กรุงเทพมหานคร,2024-10-28 02:31:38.849325+00:00,2024-11-08 04:51:33.395179+00:00,กำลังดำเนินการ,,0,2024
2024-FECRYD,road,{ทางเท้า},['ทางเท้า'],"เขตบางกอกน้อย,สำนักการโยธา กทม.",ทางเดินพังค่ะซ่อมด้วยค่ะ,24,https://storage.googleapis.com/traffy_public_bucket/attachment/2024-02/3b562db1c43fb56603550f03d28d3542798a6e18.jpg,https://storage.googleapis.com/traffy_public_bucket/attachment/2024-02/1708474328751.jpeg,100.46912,13.75693,บางขุนศรี,บางกอกน้อย,กรุงเทพมหานคร,กรุงเทพมหานคร,2024-02-20 04:30:34.709137+00:00,2024-02-21 05:34:06.305701+00:00,เสร็จสิ้น,,0,2024
