ticket_id,std_type,district,subdistrict,province_clean,urgency,comment,comment_length,day_of_week,hour_of_day,day,month,year,lng,lat,SLA_days
2024-F4RYCY,cleaning,‡∏à‡∏ï‡∏∏‡∏à‡∏±‡∏Å‡∏£,‡∏à‡∏ï‡∏∏‡∏à‡∏±‡∏Å‡∏£,‡∏Å‡∏£‡∏∏‡∏á‡πÄ‡∏ó‡∏û‡∏°‡∏´‡∏≤‡∏ô‡∏Ñ‡∏£,mid,"‡∏Ç‡∏ì‡∏∞‡∏Ç‡∏±‡∏ö‡∏£‡∏ñ‡∏ú‡πà‡∏≤‡∏ô‡∏û‡∏ö‡πÄ‡∏à‡∏≠

1.‡∏Ç‡∏¢‡∏∞ ‡∏à‡∏≥‡∏ô‡∏ß‡∏ô‡∏°‡∏≤‡∏Å‡∏ó‡∏¥‡πâ‡∏á‡πÄ‡∏Å‡∏•‡∏∑‡πà‡∏≠‡∏ô‡∏Å‡∏•‡∏≤‡∏î‡∏£‡∏¥‡∏°‡∏ñ‡∏ô‡∏ô ‡∏ó‡∏±‡πâ‡∏á 2 ‡∏ù‡∏±‡πà‡∏á
2.‡∏ñ‡∏∏‡∏á‡∏î‡∏≥‡∏Ç‡∏ô‡∏≤‡∏î‡πÉ‡∏´‡∏ç‡πà ‡∏ö‡∏£‡∏£‡∏à‡∏∏‡∏Ç‡∏¢‡∏∞ ‡∏Å‡∏≠‡∏á‡∏≠‡∏¢‡∏π‡πà‡πÄ‡∏Å‡∏≤‡∏∞‡∏Å‡∏•‡∏≤‡∏á‡∏ñ‡∏ô‡∏ô ‡πÄ‡∏õ‡πá‡∏ô‡∏£‡∏∞‡∏¢‡∏∞

‡∏Ñ‡∏≤‡∏î‡∏ß‡πà‡∏≤‡∏Ç‡∏¢‡∏∞‡∏î‡∏±‡∏á‡∏Å‡∏•‡πà‡∏≤‡∏ß‡∏à‡∏∞‡∏°‡∏≤‡∏à‡∏≤‡∏Å‡∏£‡∏ñ‡∏ó‡∏±‡∏ß‡∏£‡πå ‡∏´‡∏£‡∏∑‡∏≠‡∏£‡∏ñ‡∏ï‡∏π‡πâ ‡∏ó‡∏µ‡πà‡∏°‡∏≤‡∏à‡∏≠‡∏î‡∏û‡∏±‡∏Å‡∏£‡∏ñ 

‡∏Ç‡∏≠‡πÉ‡∏´‡πâ‡πÄ‡∏à‡πâ‡∏≤‡∏´‡∏ô‡πâ‡∏≤‡∏ó‡∏µ‡πà‡∏ä‡πà‡∏ß‡∏¢‡∏õ‡∏£‡∏∞‡∏™‡∏≤‡∏ô‡∏Å‡∏±‡∏ö‡∏ú‡∏π‡πâ‡πÄ‡∏Å‡∏µ‡πà‡∏¢‡∏ß‡∏Ç‡πâ‡∏≠‡∏á‡∏î‡πâ‡∏ß‡∏¢‡∏Ñ‡πà‡∏∞

‡∏Ç‡∏≠‡∏ö‡∏Ñ‡∏∏‡∏ì‡∏Ñ‡πà‡∏∞",239,5,4,7,9,2024,100.54714,13.81489,11.866649166648148
2024-7D2NWC,unknown,‡∏à‡∏ï‡∏∏‡∏à‡∏±‡∏Å‡∏£,‡∏à‡∏ï‡∏∏‡∏à‡∏±‡∏Å‡∏£,‡∏Å‡∏£‡∏∏‡∏á‡πÄ‡∏ó‡∏û‡∏°‡∏´‡∏≤‡∏ô‡∏Ñ‡∏£,low,"‡πÄ‡∏à‡πâ‡∏≤‡πÄ‡∏î‡∏¥‡∏°‡πÜ ‡∏Ç‡∏≤‡∏¢‡∏Ç‡∏≠‡∏á ‡∏ö‡∏ô‡∏ñ‡∏ô‡∏ô ‡πÄ‡∏à‡πâ‡∏≤‡πÄ‡∏î‡∏¥‡∏°‡πÄ‡∏•‡∏¢ ‡∏Å‡∏ó‡∏° ‡∏à‡∏∞‡∏à‡∏±‡∏î‡∏Å‡∏≤‡∏£ ‡∏¢‡∏±‡∏á‡πÑ‡∏á‡∏î‡∏µ ‡∏Ç‡∏≠‡∏Ñ‡∏ß‡∏≤‡∏°‡∏£‡πà‡∏ß‡∏°‡∏°‡∏∑‡∏≠ ‡πÑ‡∏õ‡∏Å‡∏µ‡πà‡∏£‡∏≠‡∏ö ‡∏Å‡πá‡∏ß‡∏ô‡∏Å‡∏•‡∏±‡∏ö‡∏°‡∏≤

‡∏ï‡∏≥‡∏£‡∏ß‡∏à ‡∏™‡∏ô ‡∏ó‡∏µ‡πà‡πÄ‡∏Å‡∏µ‡πà‡∏¢‡∏ß‡∏Ç‡πâ‡∏≠‡∏á ‡∏≠‡∏¢‡πà‡∏≤‡∏á ‡∏ö‡∏≤‡∏á‡∏ã‡∏∑‡πà‡∏≠ ‡∏ï‡πâ‡∏≠‡∏á‡∏à‡∏µ‡∏ö ‡∏õ‡∏£‡∏±‡∏ö ‡∏ô‡∏∞ ‡∏Ñ‡∏ß‡∏£‡πÅ‡∏Å‡πâ‡πÑ‡∏Ç ‡∏≠‡∏¢‡πà‡∏≤‡∏á‡∏¢‡∏±‡πà‡∏á‡∏¢‡∏∑‡∏ô ‡πÑ‡∏°‡πà‡πÉ‡∏ä‡πà ‡∏Ç‡∏≠‡πÑ‡∏õ‡∏ó‡∏µ ‡∏£‡∏π‡πâ‡πÑ‡∏´‡∏°‡∏ï‡∏≠‡∏ô‡πÄ‡∏¢‡πá‡∏ô ‡∏£‡∏ñ‡∏°‡∏±‡∏ô‡∏ï‡∏¥‡∏î‡πÅ‡∏ï‡πà‡πÑ‡∏´‡∏ô ‡πÄ‡∏û‡∏£‡∏≤‡∏∞ ‡πÄ‡∏Ç‡πâ‡∏≤‡∏°‡∏≤‡∏™‡πà‡∏á‡∏Ñ‡∏ô‡πÑ‡∏°‡πà‡πÑ‡∏î‡πâ?",233,4,7,13,12,2024,100.55467,13.80388,90.06795582402778
2024-E4Z6EB,road,‡∏ö‡∏≤‡∏á‡∏£‡∏±‡∏Å,‡∏™‡∏µ‡∏•‡∏°,‡∏Å‡∏£‡∏∏‡∏á‡πÄ‡∏ó‡∏û‡∏°‡∏´‡∏≤‡∏ô‡∏Ñ‡∏£,high,‡∏î‡πà‡∏ß‡∏ô ‡∏à‡∏≠‡∏î‡∏£‡∏ñ‡∏ó‡∏±‡πâ‡∏á‡∏™‡∏≠‡∏á‡∏ù‡∏±‡πà‡∏á‡∏ñ‡∏ô‡∏ô‡∏ï‡∏¥‡∏î‡∏Ç‡∏±‡∏î‡∏°‡∏≤‡∏Å‡πÅ‡∏°‡πâ‡∏ß‡πà‡∏≤‡∏à‡∏∞‡πÄ‡∏õ‡πá‡∏ô‡∏ß‡∏±‡∏ô‡∏≠‡∏≤‡∏ó‡∏¥‡∏ï‡∏¢‡πå‡∏Å‡πá‡∏ï‡∏≤‡∏° ‡∏ï‡∏≥‡∏£‡∏ß‡∏à‡∏°‡∏≤‡∏î‡∏π‡∏´‡∏ô‡πà‡∏≠‡∏¢‡∏Ñ‡∏£‡∏±‡∏ö,79,6,4,1,9,2024,100.53512,13.72395,12.46195016349537
2024-GAHN9E,lighting,‡∏ò‡∏ô‡∏ö‡∏∏‡∏£‡∏µ,‡∏ß‡∏±‡∏î‡∏Å‡∏±‡∏•‡∏¢‡∏≤‡∏ì‡πå,‡∏Å‡∏£‡∏∏‡∏á‡πÄ‡∏ó‡∏û‡∏°‡∏´‡∏≤‡∏ô‡∏Ñ‡∏£,high,‡πÑ‡∏ü‡∏™‡πà‡∏≠‡∏á‡∏™‡∏ß‡πà‡∏≤‡∏á‡∏ï‡∏≠‡∏ô‡∏Å‡∏•‡∏≤‡∏á‡∏Ñ‡∏∑‡∏ô‡∏°‡∏∑‡∏î‡∏°‡∏≤‡∏Å ‡∏ï‡∏£‡∏á‡∏Ç‡πâ‡∏≤‡∏° ‡∏£‡∏£.‡∏®‡∏∂‡∏Å‡∏©‡∏≤‡∏ô‡∏≤‡∏£‡∏µ ‡∏ï‡∏£‡∏á‡∏ß‡∏á‡πÄ‡∏ß‡∏µ‡∏¢‡∏ô‡∏ô‡∏≤‡∏¨‡∏¥‡∏Å‡∏≤‡∏™‡∏ô‡∏á.‡πÄ‡∏Ç‡∏ï‡∏Ñ‡∏•‡∏≠‡∏á‡∏™‡∏≤‡∏ô,79,3,23,29,8,2024,100.49571,13.73448,73.68319893052893
2025-DQMZP7,road,‡∏£‡∏≤‡∏ä‡πÄ‡∏ó‡∏ß‡∏µ,‡∏°‡∏±‡∏Å‡∏Å‡∏∞‡∏™‡∏±‡∏ô,‡∏Å‡∏£‡∏∏‡∏á‡πÄ‡∏ó‡∏û‡∏°‡∏´‡∏≤‡∏ô‡∏Ñ‡∏£,high,"‡∏ß‡∏±‡∏ô‡∏û‡∏∏‡∏ò‡∏ó‡∏µ‡πà 8 ‡∏°.‡∏Ñ.. ‡∏ä‡πà‡∏ß‡∏á‡πÄ‡∏ó‡∏µ‡πà‡∏¢‡∏á   12:35
‡∏ñ‡∏ô‡∏ô ‡∏ô‡∏≤‡∏ô‡∏≤‡πÄ‡∏´‡∏ô‡∏∑‡∏≠ ‡∏û‡∏ö‡∏£‡∏ñ 3 ‡∏Ñ‡∏±‡∏ô  ‡∏ù‡πà‡∏≤‡∏ù‡∏∑‡∏ô‡∏à‡∏≠‡∏î‡∏ä‡πà‡∏≠‡∏á‡∏ã‡πâ‡∏≤‡∏¢‡πÉ‡∏ô‡πÄ‡∏Ç‡∏ï‡∏û‡∏∑‡πâ‡∏ô‡∏ó‡∏µ‡πà‡πÉ‡∏ä‡πâ‡∏ö‡∏±‡∏á‡∏Ñ‡∏±‡∏ö ‡∏•‡πâ‡∏≠ ‡∏ï‡∏•‡∏≠‡∏î‡πÄ‡∏ß‡∏•‡∏≤  1 ‡∏à‡∏≤‡∏Å 4 ‡∏ä‡πà‡∏≠‡∏á‡∏à‡∏£‡∏≤‡∏à‡∏£‡πÉ‡∏ä‡πâ‡πÑ‡∏°‡πà‡πÑ‡∏î‡πâ 25%,  ‡∏£‡∏ñ‡∏ï‡∏¥‡∏î‡∏°‡∏≤‡∏Å ‡πÄ‡∏•‡∏µ‡πâ‡∏¢‡∏ß‡∏ã‡πâ‡∏≤‡∏¢‡πÑ‡∏°‡πà‡∏ú‡πà‡∏≤‡∏ô‡∏ï‡∏•‡∏≠‡∏î ‡∏Ç‡∏≠‡πÄ‡∏à‡πâ‡∏≤‡∏´‡∏ô‡πâ‡∏≤‡∏ó‡∏µ‡πà ‡∏°‡∏≤ ‡∏ä‡πà‡∏ß‡∏á‡πÄ‡∏¢‡πá‡∏ô‡πÜ  ‡∏à‡∏±‡∏ö‡∏õ‡∏£‡∏±‡∏ö ‡∏ï‡∏≤‡∏° ‡∏û‡∏£‡∏ö ‡∏à‡∏£‡∏≤‡∏à‡∏£‡∏ó‡∏≤‡∏á‡∏ö‡∏Å ‡∏û.‡∏®.2567 ‡∏Ñ‡πà‡∏∞",247,2,7,8,1,2025,100.55437,13.74904,12.46195016349537
2024-37U7ZG,road,‡∏™‡∏≤‡∏¢‡πÑ‡∏´‡∏°,‡∏≠‡∏≠‡πÄ‡∏á‡∏¥‡∏ô,‡∏Å‡∏£‡∏∏‡∏á‡πÄ‡∏ó‡∏û‡∏°‡∏´‡∏≤‡∏ô‡∏Ñ‡∏£,high,‡∏ñ‡∏ô‡∏ô‡πÄ‡∏õ‡πá‡∏ô‡∏´‡∏•‡∏∏‡∏° ‡∏£‡∏ñ‡∏ú‡∏°‡πÄ‡∏™‡∏µ‡∏¢‡∏´‡∏≤‡∏¢‡∏ï‡πâ‡∏≠‡∏á‡πÄ‡∏õ‡∏•‡∏µ‡πà‡∏¢‡∏ô‡∏¢‡∏≤‡∏á‡πÉ‡∏´‡∏°‡πà,41,1,10,13,8,2024,100.6912,13.89659,12.46195016349537
2024-H3YL2F,road,‡∏•‡∏≤‡∏î‡∏Å‡∏£‡∏∞‡∏ö‡∏±‡∏á,‡∏•‡∏≥‡∏õ‡∏•‡∏≤‡∏ó‡∏¥‡∏ß,‡∏Å‡∏£‡∏∏‡∏á‡πÄ‡∏ó‡∏û‡∏°‡∏´‡∏≤‡∏ô‡∏Ñ‡∏£,high,"‡πÅ‡∏à‡πâ‡∏á‡∏ô‡πâ‡∏≥‡∏ó‡πà‡∏ß‡∏°‡∏Ç‡∏±‡∏á‡∏ö‡∏£‡∏¥‡πÄ‡∏ß‡∏ì‡∏ñ‡∏ô‡∏ô‡∏â‡∏•‡∏≠‡∏á‡∏Å‡∏£‡∏∏‡∏á ‡∏ù‡∏±‡πà‡∏á‡∏ï‡∏£‡∏á‡∏Ç‡πâ‡∏≤‡∏°‡πÄ‡∏¢‡∏∑‡πâ‡∏≠‡∏á‡πÜ‡∏ã‡∏≠‡∏¢‡∏â‡∏•‡∏≠‡∏á‡∏Å‡∏£‡∏∏‡∏á2  ‡πÄ‡∏ß‡∏•‡∏≤‡∏ó‡∏µ‡πà‡∏ù‡∏ô‡∏ï‡∏Å‡∏ó‡∏∏‡∏Å‡∏Ñ‡∏£‡∏±‡πâ‡∏á‡∏à‡∏∞‡∏°‡∏µ‡∏ô‡πâ‡∏≥‡∏ó‡πà‡∏ß‡∏°‡∏Ç‡∏±‡∏á‡∏ö‡∏£‡∏¥‡πÄ‡∏ß‡∏ì2 ‡∏ä‡πà‡∏≠‡∏á‡∏à‡∏£‡∏≤‡∏à‡∏£‡∏î‡πâ‡∏≤‡∏ô‡∏Ç‡∏ß‡∏≤ ‡∏à‡∏∂‡∏á ‡∏¢‡∏≤‡∏Å‡∏à‡∏∞‡∏Ç‡∏≠‡πÉ‡∏´‡πâ‡∏ó‡∏≤‡∏á‡πÄ‡∏Ç‡∏ï‡∏•‡∏≤‡∏î‡∏Å‡∏£‡∏∞‡∏ö‡∏±‡∏á ‡∏ä‡πà‡∏ß‡∏¢‡∏î‡∏≥‡πÄ‡∏ô‡∏¥‡∏ô‡∏Å‡∏≤‡∏£‡πÅ‡∏Å‡πâ‡πÑ‡∏Ç‡∏õ‡∏±‡∏ç‡∏´‡∏≤‡∏ô‡πâ‡∏≥‡∏ó‡πà‡∏ß‡∏°‡∏Ç‡∏±‡∏á‡∏ö‡∏£‡∏¥‡πÄ‡∏ß‡∏ì‡∏î‡∏±‡∏á‡∏Å‡∏•‡πà‡∏≤‡∏ß‡∏î‡πâ‡∏ß‡∏¢‡∏Ñ‡∏£‡∏±‡∏ö
‡∏Ç‡∏≠‡∏ö‡∏Ñ‡∏∏‡∏ì‡∏°‡∏≤‡∏Å‡∏Ñ‡∏£‡∏±‡∏ö ‡∏Ñ‡∏ß‡∏≤‡∏°‡∏™‡∏π‡∏á‡∏£‡∏∞‡∏î‡∏±‡∏ö‡∏Ç‡πâ‡∏≠‡πÄ‡∏ó‡πâ‡∏≤ ‡∏ô‡πâ‡∏≥‡∏ó‡πà‡∏ß‡∏°‡∏°‡∏≤‡πÅ‡∏•‡πâ‡∏ß‡∏ô‡πâ‡∏≠‡∏¢‡∏Å‡∏ß‡πà‡∏≤ 3 ‡∏ä‡∏±‡πà‡∏ß‡πÇ‡∏°‡∏á",273,2,2,21,8,2024,100.78908,13.73732,12.46195016349537
2024-6Q3WQP,unknown,‡∏õ‡∏ó‡∏∏‡∏°‡∏ß‡∏±‡∏ô,‡∏£‡∏≠‡∏á‡πÄ‡∏°‡∏∑‡∏≠‡∏á,‡∏Å‡∏£‡∏∏‡∏á‡πÄ‡∏ó‡∏û‡∏°‡∏´‡∏≤‡∏ô‡∏Ñ‡∏£,low,‡∏ï‡∏¥‡∏î‡∏ï‡∏≤‡∏° ‡πÄ‡∏£‡∏∑‡πà‡∏≠‡∏á‡∏Ç‡∏≠‡∏Ñ‡∏±‡∏î‡∏ñ‡πà‡∏≤‡∏¢‡∏™‡∏≥‡πÄ‡∏ô‡∏≤‡∏´‡∏ô‡∏±‡∏á‡∏™‡∏∑‡∏≠‡∏Ñ‡∏±‡∏î‡∏Ñ‡πâ‡∏≤‡∏ô‡πÇ‡∏Ñ‡∏£‡∏á‡∏Å‡∏≤‡∏£‡∏Å‡πà‡∏≠‡∏™‡∏£‡πâ‡∏≤‡∏á‡∏ó‡∏µ‡πà‡∏û‡∏±‡∏Å‡∏≠‡∏≤‡∏®‡∏±‡∏¢‡∏°‡∏≤‡∏£‡∏∏‡∏à‡∏∏‡∏¨‡∏≤ ‡∏ã‡∏∂‡πà‡∏á‡∏ó‡∏≤‡∏á‡∏ú‡∏π‡πâ‡∏Ñ‡πâ‡∏î‡∏Ñ‡πâ‡∏≤‡∏ô‡πÑ‡∏î‡πâ‡∏¢‡∏µ‡πà‡∏ô‡πÄ‡∏£‡∏∑‡πà‡∏≠‡∏á‡πÑ‡∏ß‡πâ‡πÅ‡∏•‡πâ‡∏ß,113,0,9,9,12,2024,100.52096,13.74047,90.06795582402778
2024-NUH6VV,flood,‡∏à‡∏ï‡∏∏‡∏à‡∏±‡∏Å‡∏£,‡∏à‡∏±‡∏ô‡∏ó‡∏£‡πÄ‡∏Å‡∏©‡∏°,‡∏Å‡∏£‡∏∏‡∏á‡πÄ‡∏ó‡∏û‡∏°‡∏´‡∏≤‡∏ô‡∏Ñ‡∏£,high,‡∏ó‡πà‡∏≠‡∏£‡∏∞‡∏ö‡∏≤‡∏¢‡∏ô‡πâ‡∏≥‡∏≠‡∏∏‡∏î‡∏ï‡∏±‡∏ô‡∏°‡∏µ‡∏ô‡πâ‡∏≥‡∏ó‡πà‡∏ß‡∏°‡∏Ç‡∏±‡∏á‡∏ö‡∏ô‡∏ú‡∏¥‡∏ß‡∏ó‡∏≤‡∏á ‡∏ñ‡∏ô‡∏ô‡∏•‡∏∑‡πà‡∏ô ‡∏≠‡∏±‡∏ô‡∏ï‡∏£‡∏≤‡∏¢‡∏°‡∏≤‡∏Å,56,2,0,4,12,2024,100.58118,13.80923,11.670945969684022
2024-7D9CFX,lighting,‡∏•‡∏≤‡∏î‡∏û‡∏£‡πâ‡∏≤‡∏ß,‡∏•‡∏≤‡∏î‡∏û‡∏£‡πâ‡∏≤‡∏ß,‡∏Å‡∏£‡∏∏‡∏á‡πÄ‡∏ó‡∏û‡∏°‡∏´‡∏≤‡∏ô‡∏Ñ‡∏£,high,‡πÄ‡∏õ‡∏•‡∏µ‡πà‡∏¢‡∏ô‡∏´‡∏•‡∏≠‡∏î‡πÑ‡∏ü‡∏£‡∏¥‡∏°‡∏ñ‡∏ô‡∏ô‡∏î‡πâ‡∏ß‡∏¢‡∏Ñ‡∏£‡∏±‡∏ö ‡πÄ‡∏™‡∏≤ ‡∏à 147 ‡πÇ‡∏ä‡∏Ñ‡∏ä‡∏±‡∏¢4 ‡∏ã‡∏≠‡∏¢ 43,52,0,14,16,9,2024,100.59633,13.81168,73.68319893052893
2024-NXP3L8,unknown,‡∏î‡∏¥‡∏ô‡πÅ‡∏î‡∏á,‡∏î‡∏¥‡∏ô‡πÅ‡∏î‡∏á,‡∏Å‡∏£‡∏∏‡∏á‡πÄ‡∏ó‡∏û‡∏°‡∏´‡∏≤‡∏ô‡∏Ñ‡∏£,low,18/11/67 ‡πÄ‡∏£‡∏∑‡πà‡∏≠‡∏á‡∏ú‡∏¥‡∏ß‡∏à‡∏£‡∏≤‡∏à‡∏£ ‡πÅ‡∏à‡πâ‡∏á‡πÑ‡∏õ‡∏õ‡∏µ‡∏Å‡∏ß‡πà‡∏≤‡πÅ‡∏•‡πâ‡∏ß‡πÑ‡∏°‡πà‡∏Ñ‡∏∑‡∏ö‡∏´‡∏ô‡πâ‡∏≤‡πÄ‡∏•‡∏¢ ‡∏ï‡πâ‡∏≠‡∏á‡πÉ‡∏´‡πâ‡∏°‡∏µ ‡∏≠‡∏ö. ‡∏Å‡πà‡∏≠‡∏ô‡πÑ‡∏´‡∏°‡∏Ñ‡∏£‡∏±‡∏ö ‡∏™‡∏ô‡∏¢.,84,0,15,18,11,2024,100.57345,13.77497,90.06795582402778
R6M42R,road,‡∏ö‡∏≤‡∏á‡πÅ‡∏Ñ,‡∏ö‡∏≤‡∏á‡πÅ‡∏Ñ‡πÄ‡∏´‡∏ô‡∏∑‡∏≠,‡∏Å‡∏£‡∏∏‡∏á‡πÄ‡∏ó‡∏û‡∏°‡∏´‡∏≤‡∏ô‡∏Ñ‡∏£,high,"‡∏õ‡∏±‡∏ç‡∏´‡∏≤: ‡∏ö‡∏£‡∏¥‡πÄ‡∏ß‡∏ì‡∏™‡∏∏‡∏î‡∏ã‡∏≠‡∏¢‡∏î‡∏±‡∏á‡∏Å‡∏•‡πà‡∏≤‡∏ß ‡∏ô‡πâ‡∏≥‡πÉ‡∏ô‡∏Ñ‡∏•‡∏≠‡∏á‡∏ö‡∏≤‡∏á‡∏Ç‡∏µ‡πâ‡πÄ‡∏Å‡πâ‡∏á ‡∏°‡∏µ‡∏•‡∏±‡∏Å‡∏©‡∏ì‡∏∞‡πÄ‡∏õ‡πá‡∏ô‡∏™‡∏µ‡∏î‡∏≥‡πÅ‡∏•‡∏∞‡∏°‡∏µ‡∏Å‡∏•‡∏¥‡πà‡∏ô‡πÄ‡∏ô‡πà‡∏≤‡πÄ‡∏´‡∏°‡πá‡∏ô ‡∏û‡∏ö‡πÄ‡∏´‡πá‡∏ô‡∏°‡∏≤‡∏õ‡∏£‡∏∞‡∏°‡∏≤‡∏ì 1 ‡∏™‡∏±‡∏õ‡∏î‡∏≤‡∏´‡πå‡πÅ‡∏•‡πâ‡∏ß
‡∏ã‡∏≠‡∏¢: ‡∏û‡∏∏‡∏ó‡∏ò‡∏°‡∏ì‡∏ë‡∏•‡∏™‡∏≤‡∏¢ 2 ‡∏ó‡∏µ‡πà 7
‡∏ñ‡∏ô‡∏ô: ‡∏û‡∏∏‡∏ó‡∏ò‡∏°‡∏ì‡∏ë‡∏•‡∏™‡∏≤‡∏¢ 2 
‡πÄ‡∏Ç‡∏ï: ‡∏ö‡∏≤‡∏á‡πÅ‡∏Ñ
#1555",175,0,3,1,4,2024,100.39434,13.72269,12.46195016349537
2024-P7U4Q2,road,‡∏´‡∏•‡∏±‡∏Å‡∏™‡∏µ‡πà,‡∏ó‡∏∏‡πà‡∏á‡∏™‡∏≠‡∏á‡∏´‡πâ‡∏≠‡∏á,‡∏Å‡∏£‡∏∏‡∏á‡πÄ‡∏ó‡∏û‡∏°‡∏´‡∏≤‡∏ô‡∏Ñ‡∏£,high,‡∏≠‡∏¢‡∏≤‡∏Å‡∏ó‡∏£‡∏≤‡∏ö‡∏ß‡πà‡∏≤‡∏ñ‡∏ô‡∏ô‡πÅ‡∏à‡πâ‡∏á‡∏ß‡∏±‡∏í‡∏ô‡∏∞‡∏≠‡∏¢‡∏π‡πà‡πÉ‡∏ô‡∏Ñ‡∏ß‡∏≤‡∏°‡∏£‡∏±‡∏ö‡∏ú‡∏¥‡∏î‡∏ä‡∏≠‡∏ö‡∏Ç‡∏≠‡∏á‡∏´‡∏ô‡πà‡∏ß‡∏¢‡∏á‡∏≤‡∏ô‡πÉ‡∏î ‡πÄ‡∏ô‡∏∑‡πà‡∏≠‡∏á‡∏à‡∏≤‡∏Å‡∏ñ‡∏ô‡∏ô‡πÅ‡∏à‡πâ‡∏á‡∏ß‡∏±‡∏í‡∏ô‡∏∞‡πÄ‡∏õ‡πá‡∏ô‡∏ñ‡∏ô‡∏ô‡∏ó‡∏µ‡πà‡∏ú‡πà‡∏≤‡∏ô‡∏®‡∏π‡∏ô‡∏¢‡πå‡∏£‡∏≤‡∏ä‡∏Å‡∏≤‡∏£‡∏ó‡∏µ‡πà‡∏™‡∏≥‡∏Ñ‡∏±‡∏ç‡πÅ‡∏ï‡πà‡∏™‡∏†‡∏≤‡∏û‡∏ñ‡∏ô‡∏ô‡∏ó‡∏±‡πâ‡∏á‡πÄ‡∏™‡πâ‡∏ô‡πÄ‡∏•‡∏ß‡∏£‡πâ‡∏≤‡∏¢‡∏°‡∏≤‡∏Å ‡πÅ‡∏¢‡πà‡∏¢‡∏¥‡πà‡∏á‡∏Å‡∏ß‡πà‡∏≤‡∏ñ‡∏ô‡∏ô‡∏£.‡∏û.‡∏ä ‡∏ï‡πà‡∏≤‡∏á‡∏à‡∏±‡∏á‡∏´‡∏ß‡∏±‡∏î‡πÄ‡∏™‡∏µ‡∏¢‡∏≠‡∏µ‡∏Å ‡∏ä‡πà‡∏ß‡∏á‡∏•‡πà‡∏≤‡∏á‡∏£‡∏ñ‡∏¢‡∏ô‡∏ï‡πå‡∏Ç‡∏≠‡∏á‡∏õ‡∏£‡∏∞‡∏ä‡∏≤‡∏ä‡∏ô‡πÄ‡∏™‡∏µ‡∏¢‡∏´‡∏≤‡∏¢‡πÑ‡∏õ‡πÑ‡∏°‡πà‡∏£‡∏π‡πâ‡πÄ‡∏ó‡πà‡∏≤‡πÑ‡∏£ ‡πÄ‡∏õ‡πá‡∏ô‡∏™‡∏†‡∏≤‡∏û‡∏ô‡∏µ‡πâ‡∏°‡∏≤‡∏ô‡∏≤‡∏ô‡∏°‡∏≤‡∏Å‡∏Å‡πá‡πÑ‡∏°‡πà‡∏°‡∏µ‡∏Å‡∏≤‡∏£‡πÅ‡∏Å‡πâ‡πÑ‡∏Ç,258,0,6,6,5,2024,100.56836,13.89026,12.46195016349537
2024-G3Y4KU,road,‡∏ö‡∏≤‡∏á‡∏û‡∏•‡∏±‡∏î,‡∏ö‡∏≤‡∏á‡∏û‡∏•‡∏±‡∏î,‡∏Å‡∏£‡∏∏‡∏á‡πÄ‡∏ó‡∏û‡∏°‡∏´‡∏≤‡∏ô‡∏Ñ‡∏£,high,‡∏ß‡∏¥‡∏ô‡∏°‡∏≠‡πÑ‡∏ã‡∏î‡πå‡πÄ‡∏ñ‡∏∑‡∏≠‡∏ô ‡∏à‡∏≠‡∏î‡∏ö‡∏ô‡∏ü‡∏∏‡∏ï‡∏ö‡∏≤‡∏ó ‡∏´‡∏ô‡πâ‡∏≤‡∏Ñ‡∏≠‡∏ô‡πÇ‡∏î ideo charan 70,51,2,1,18,12,2024,100.50303,13.78979,12.46195016349537
2024-6UF7NM,road,‡∏´‡∏ô‡∏≠‡∏á‡πÅ‡∏Ç‡∏°,‡∏´‡∏ô‡∏≠‡∏á‡πÅ‡∏Ç‡∏°,‡∏Å‡∏£‡∏∏‡∏á‡πÄ‡∏ó‡∏û‡∏°‡∏´‡∏≤‡∏ô‡∏Ñ‡∏£,high,‡∏ñ‡∏ô‡∏ô‡∏û‡∏±‡∏á‡πÅ‡∏à‡πâ‡∏á‡πÄ‡∏õ‡πá‡∏ô‡∏ä‡∏≤‡∏ï‡∏¥.,19,3,8,29,8,2024,100.34252,13.68943,12.46195016349537
2025-3VLCCB,cleaning,‡∏†‡∏≤‡∏©‡∏µ‡πÄ‡∏à‡∏£‡∏¥‡∏ç,‡∏õ‡∏≤‡∏Å‡∏Ñ‡∏•‡∏≠‡∏á‡∏†‡∏≤‡∏©‡∏µ‡πÄ‡∏à‡∏£‡∏¥‡∏ç,‡∏Å‡∏£‡∏∏‡∏á‡πÄ‡∏ó‡∏û‡∏°‡∏´‡∏≤‡∏ô‡∏Ñ‡∏£,mid,‡∏ä‡πà‡∏ß‡∏¢‡πÄ‡∏Å‡πá‡∏ö‡∏Ç‡∏¢‡∏∞‡∏ä‡∏¥‡πâ‡∏ô‡πÉ‡∏´‡∏ç‡πà,19,0,5,13,1,2025,100.46365,13.7195,11.866649166648148
2024-AB9TYZ,unknown,‡∏ö‡∏≤‡∏á‡∏£‡∏±‡∏Å,‡∏ö‡∏≤‡∏á‡∏£‡∏±‡∏Å,‡∏Å‡∏£‡∏∏‡∏á‡πÄ‡∏ó‡∏û‡∏°‡∏´‡∏≤‡∏ô‡∏Ñ‡∏£,low,"‡∏£‡∏ñ‡πÄ‡∏°‡∏• ‡∏™‡∏≤‡∏¢ 77. ‡∏£‡∏≠‡∏ô‡∏≤‡∏ô‡∏°‡∏≤‡∏Å
‡∏ï‡∏±‡πâ‡∏á‡πÅ‡∏ï‡πà 20:00. ‡∏à‡∏ô‡∏ï‡∏≠‡∏ô‡∏ô‡∏µ‡πâ. 20:45 ‡∏¢‡∏±‡∏á‡πÑ‡∏°‡πà‡∏°‡∏≤",62,2,13,13,11,2024,100.51514,13.71975,90.06795582402778
2024-MCRUE6,road,‡∏†‡∏≤‡∏©‡∏µ‡πÄ‡∏à‡∏£‡∏¥‡∏ç,‡∏ö‡∏≤‡∏á‡∏´‡∏ß‡πâ‡∏≤,‡∏Å‡∏£‡∏∏‡∏á‡πÄ‡∏ó‡∏û‡∏°‡∏´‡∏≤‡∏ô‡∏Ñ‡∏£,high,‡πÄ‡∏°‡∏∑‡πà‡∏≠‡πÉ‡∏´‡∏£‡πà‡∏û‡∏ß‡∏Å‡∏ó‡πà‡∏≤‡∏ô‡∏à‡∏∞‡πÅ‡∏Å‡πâ‡∏õ‡∏±‡∏ç‡∏´‡∏≤‡πÅ‡∏ó‡πä‡∏Å‡∏ã‡∏µ‡πà‡∏à‡∏≠‡∏î‡πÅ‡∏ä‡πà‡πÑ‡∏î‡πâ‡∏Ñ‡∏£‡∏±‡∏ö. ‡∏°‡∏µ‡∏Å‡∏≤‡∏£‡∏à‡πà‡∏≤‡∏¢‡∏™‡πà‡∏ß‡∏¢‡∏Å‡∏±‡∏ô‡∏´‡∏£‡∏∑‡∏≠‡πÑ‡∏°‡πà ‡∏ó‡∏∏‡∏Å‡πÜ‡∏ß‡∏±‡∏ô‡πÄ‡∏´‡πá‡∏ô‡∏à‡∏≠‡∏î‡πÑ‡∏°‡πà‡∏°‡∏µ‡πÉ‡∏Ñ‡∏£‡∏°‡∏≤‡∏à‡∏±‡∏î‡∏Å‡∏≤‡∏£. ‡∏ó‡∏≥‡πÉ‡∏´‡πâ‡∏Å‡∏≤‡∏£‡∏à‡∏£‡∏≤‡∏à‡∏£‡∏ï‡∏¥‡∏î‡∏Ç‡∏±‡∏î‡∏ï‡∏£‡∏á‡∏ô‡∏µ‡πâ‡∏°‡∏≤‡∏Å‡πÜ  ‡πÉ‡∏Ñ‡∏£‡∏à‡∏∞‡πÄ‡∏õ‡πá‡∏ô‡∏Ñ‡∏ô‡∏°‡∏µ‡∏Ñ‡∏ß‡∏≤‡∏°‡∏™‡∏≤‡∏°‡∏≤‡∏£‡∏ñ‡πÅ‡∏Å‡πâ‡∏Ñ‡∏£‡∏±‡∏ö. ‡∏ó‡∏±‡πâ‡∏á ‡∏™‡∏ô. ‡πÅ‡∏•‡∏∞‡πÄ‡∏Ç‡∏ï ‡πÅ‡∏Å‡πâ‡πÑ‡∏°‡πà‡πÑ‡∏î‡πâ‡∏´‡∏£‡∏∑‡∏≠‡πÉ‡∏ô‡πÄ‡∏°‡∏∑‡πà‡∏≠‡πÅ‡∏à‡πâ‡∏á‡πÑ‡∏õ‡∏´‡∏•‡∏≤‡∏¢‡∏Ñ‡∏£‡∏±‡πâ‡∏á,218,1,15,25,6,2024,100.45759,13.72038,12.46195016349537
2024-MEPLAL,unknown,‡∏õ‡∏ó‡∏∏‡∏°‡∏ß‡∏±‡∏ô,‡∏•‡∏∏‡∏°‡∏û‡∏¥‡∏ô‡∏µ,‡∏Å‡∏£‡∏∏‡∏á‡πÄ‡∏ó‡∏û‡∏°‡∏´‡∏≤‡∏ô‡∏Ñ‡∏£,low,‡∏£‡∏ñ‡∏™‡∏≤‡∏°‡∏•‡πâ‡∏≠‡∏Å‡∏±‡∏ö‡πÅ‡∏ó‡πä‡∏Å‡∏ã‡∏µ‡πà‡∏Å‡πá‡∏¢‡∏±‡∏á‡∏≠‡∏¢‡∏π‡πà‡πÄ‡∏´‡∏°‡∏∑‡∏≠‡∏ô‡πÄ‡∏î‡∏¥‡∏°,37,4,12,30,8,2024,100.54058,13.74424,90.06795582402778
2024-L6CF9Y,unknown,‡∏ß‡∏±‡∏í‡∏ô‡∏≤,‡∏Ñ‡∏•‡∏≠‡∏á‡πÄ‡∏ï‡∏¢‡πÄ‡∏´‡∏ô‡∏∑‡∏≠,‡∏Å‡∏£‡∏∏‡∏á‡πÄ‡∏ó‡∏û‡∏°‡∏´‡∏≤‡∏ô‡∏Ñ‡∏£,low,‡∏ï‡∏π‡πâ‡πÄ‡∏´‡∏•‡πá‡∏Å‡πÇ‡∏î‡∏ô‡∏Ç‡∏µ‡∏î‡πÄ‡∏Ç‡∏µ‡∏¢‡∏ô‡∏û‡πà‡∏ô‡∏™‡∏µ‡πÄ‡∏•‡∏≠‡∏∞‡πÄ‡∏ó‡∏≠‡∏∞‡∏≠‡∏¢‡∏≤‡∏Å‡πÉ‡∏´‡πâ‡πÄ‡∏à‡πâ‡∏≤‡∏´‡∏ô‡πâ‡∏≤‡∏ó‡∏µ‡πà‡∏°‡∏≤‡∏ó‡∏≤‡∏™‡∏µ‡πÄ‡∏´‡∏°‡∏∑‡∏≠‡∏ô‡∏™‡∏µ‡πÄ‡∏î‡∏¥‡∏°‡∏õ‡∏£‡∏±‡∏ö‡∏õ‡∏£‡∏∏‡∏á,76,0,7,26,8,2024,100.56183,13.73892,90.06795582402778
2024-34EFVM,road,‡∏û‡∏£‡∏∞‡∏ô‡∏Ñ‡∏£,‡∏ß‡∏±‡∏á‡∏ö‡∏π‡∏£‡∏û‡∏≤‡∏†‡∏¥‡∏£‡∏°‡∏¢‡πå,‡∏Å‡∏£‡∏∏‡∏á‡πÄ‡∏ó‡∏û‡∏°‡∏´‡∏≤‡∏ô‡∏Ñ‡∏£,high,‡∏Ç‡∏≠‡πÄ‡∏û‡∏¥‡πà‡∏°‡∏à‡∏∏‡∏î‡∏£‡∏±‡∏ö‡∏™‡πà‡∏á ‡∏õ‡πâ‡∏≤‡∏¢‡∏£‡∏ñ‡πÄ‡∏°‡∏•‡πå ‡∏ñ‡∏ô‡∏ô‡πÄ‡∏à‡∏£‡∏¥‡∏ç‡∏Å‡∏£‡∏∏‡∏á ‡∏ï‡∏£‡∏á‡∏Ç‡πâ‡∏≤‡∏°‡∏£‡∏ñ‡πÑ‡∏ü‡∏ü‡πâ‡∏≤‡∏™‡∏ñ‡∏≤‡∏ô‡∏µ‡∏™‡∏≤‡∏°‡∏¢‡∏≠‡∏î,66,0,5,16,12,2024,100.50166,13.74696,12.46195016349537
2024-FKGKZB,road,‡∏ß‡∏±‡∏í‡∏ô‡∏≤,‡∏Ñ‡∏•‡∏≠‡∏á‡πÄ‡∏ï‡∏¢‡πÄ‡∏´‡∏ô‡∏∑‡∏≠,‡∏Å‡∏£‡∏∏‡∏á‡πÄ‡∏ó‡∏û‡∏°‡∏´‡∏≤‡∏ô‡∏Ñ‡∏£,high,‡πÅ‡∏°‡πà‡∏Ñ‡πâ‡∏≤‡∏ï‡∏±‡πâ‡∏á‡πÇ‡∏ï‡πä‡∏∞‡πÄ‡∏Å‡πâ‡∏≤‡∏≠‡∏µ‡πâ‡∏Å‡∏µ‡∏î‡∏Ç‡∏ß‡∏≤‡∏á‡∏ö‡∏ô‡∏ó‡∏≤‡∏á‡πÄ‡∏ó‡πâ‡∏≤,37,5,20,28,12,2024,100.56214,13.73599,12.46195016349537
2024-CCYTV7,lighting,‡∏ö‡∏≤‡∏á‡∏Ç‡∏∏‡∏ô‡πÄ‡∏ó‡∏µ‡∏¢‡∏ô,‡πÅ‡∏™‡∏°‡∏î‡∏≥,‡∏Å‡∏£‡∏∏‡∏á‡πÄ‡∏ó‡∏û‡∏°‡∏´‡∏≤‡∏ô‡∏Ñ‡∏£,high,5/6/67 ‡πÑ‡∏ü‡∏™‡∏≤‡∏ò‡∏≤‡∏£‡∏ì‡∏∞‡πÄ‡∏™‡∏µ‡∏¢ ‡∏û‡∏£‡∏∞‡∏£‡∏≤‡∏°2 ‡∏ã‡∏≠‡∏¢50 ‡πÅ‡∏¢‡∏Å3-10 ‡πÄ‡∏™‡∏≤‡πÑ‡∏ü‡∏ï‡πâ‡∏ô ‡∏ó1,54,2,3,5,6,2024,100.43928,13.66698,73.68319893052893
48FPK7,road,‡∏ò‡∏ô‡∏ö‡∏∏‡∏£‡∏µ,‡∏ï‡∏•‡∏≤‡∏î‡∏û‡∏•‡∏π,‡∏Å‡∏£‡∏∏‡∏á‡πÄ‡∏ó‡∏û‡∏°‡∏´‡∏≤‡∏ô‡∏Ñ‡∏£,high,"‡πÄ‡∏ö‡∏™‡∏ó‡πå ‡∏õ‡∏≤‡∏Å‡∏ã‡∏≠‡∏¢‡∏£‡∏±‡∏ä‡∏î‡∏≤-‡∏ó‡πà‡∏≤‡∏û‡∏£‡∏∞15(‡∏£‡∏¥‡∏°‡∏ñ‡∏ô‡∏ô) ‡∏ñ‡∏ô‡∏ô‡∏£‡∏±‡∏ä‡∏î‡∏≤-‡∏ó‡πà‡∏≤‡∏û‡∏£‡∏∞  ‡πÄ‡∏Ç‡∏ï‡∏ò‡∏ô‡∏ö‡∏∏‡∏£‡∏µ
‡∏û‡∏ö‡∏ù‡∏≤‡∏ó‡πà‡∏≠‡∏£‡∏∞‡∏ö‡∏≤‡∏¢‡∏ô‡πâ‡∏≥‡∏ä‡∏≥‡∏£‡∏∏‡∏î‡∏ö‡∏ô‡∏ú‡∏¥‡∏ß‡∏à‡∏£‡∏≤‡∏à‡∏£ ‡∏Ç‡∏≠‡πÉ‡∏´‡πâ‡∏î‡∏≥‡πÄ‡∏ô‡∏¥‡∏ô‡∏Å‡∏≤‡∏£‡πÅ‡∏Å‡πâ‡πÑ‡∏Ç
#1555 #citydata",129,1,13,5,11,2024,100.47516,13.71262,12.46195016349537
2024-KF47K3,canal,‡∏´‡πâ‡∏ß‡∏¢‡∏Ç‡∏ß‡∏≤‡∏á,‡∏ö‡∏≤‡∏á‡∏Å‡∏∞‡∏õ‡∏¥,‡∏Å‡∏£‡∏∏‡∏á‡πÄ‡∏ó‡∏û‡∏°‡∏´‡∏≤‡∏ô‡∏Ñ‡∏£,mid,‡∏à‡∏≠‡πÅ‡∏™‡∏î‡∏á‡∏Ç‡πâ‡∏≠‡∏°‡∏π‡∏•‡πÄ‡∏£‡∏∑‡∏≠‡∏Ñ‡∏•‡∏≠‡∏á‡πÅ‡∏™‡∏ô‡πÅ‡∏™‡∏ö‡∏´‡∏≤‡∏¢,29,1,5,2,4,2024,100.57353,13.74599,32.95179462729631
2024-C7TW44,road,‡∏à‡∏ï‡∏∏‡∏à‡∏±‡∏Å‡∏£,‡∏à‡∏ï‡∏∏‡∏à‡∏±‡∏Å‡∏£,‡∏Å‡∏£‡∏∏‡∏á‡πÄ‡∏ó‡∏û‡∏°‡∏´‡∏≤‡∏ô‡∏Ñ‡∏£,high,"‡∏Ç‡∏≠‡πÉ‡∏´‡πâ‡∏ï‡∏¥‡∏î‡∏ï‡∏±‡πâ‡∏á‡∏õ‡πâ‡∏≤‡∏¢‡πÄ‡∏ï‡∏∑‡∏≠‡∏ô‡∏´‡∏±‡∏ß‡πÄ‡∏Å‡∏≤‡∏∞ (‡∏õ‡πâ‡∏≤‡∏¢‡∏Å‡πâ‡∏≤‡∏á‡∏õ‡∏•‡∏≤ ‡πÄ‡∏´‡∏•‡∏∑‡∏≠‡∏á‡∏î‡∏≥) ‡∏ö‡∏ô ‡∏ñ.‡∏ß‡∏¥‡∏†‡∏≤‡∏ß‡∏î‡∏µ ‡∏ù‡∏±‡πà‡∏á‡∏Ç‡∏≤‡πÄ‡∏Ç‡πâ‡∏≤ ‡∏ï‡∏£‡∏á‡∏´‡∏±‡∏ß‡πÄ‡∏Å‡∏≤‡∏∞‡∏™‡∏≤‡∏°‡πÄ‡∏´‡∏•‡∏µ‡πà‡∏¢‡∏° ‡∏´‡∏±‡∏ß‡∏°‡∏∏‡∏°‡∏™‡∏ß‡∏ô‡∏™‡∏°‡πÄ‡∏î‡πá‡∏à‡∏¢‡πà‡∏≤ ‡∏ä‡πà‡∏≠‡∏á‡∏ó‡∏≤‡∏á‡∏à‡∏∞‡πÄ‡∏•‡∏µ‡πâ‡∏¢‡∏ß‡∏ã‡πâ‡∏≤‡∏¢‡πÑ‡∏õ ‡∏•‡∏≤‡∏î‡∏û‡∏£‡πâ‡∏≤‡∏ß ‚Äì ‡∏ö‡∏≤‡∏á‡πÄ‡∏Ç‡∏ô
.
‡∏ù‡∏≤‡∏Å‡∏™‡πà‡∏á‡∏ï‡πà‡∏≠‡πÉ‡∏´‡πâ ‡∏Å‡∏£‡∏°‡∏ó‡∏≤‡∏á‡∏´‡∏•‡∏ß‡∏á ‡∏î‡πâ‡∏ß‡∏¢",186,4,3,15,11,2024,100.55974,13.81392,12.46195016349537
2024-F8GKXF,safety,‡∏û‡∏ç‡∏≤‡πÑ‡∏ó,‡∏™‡∏≤‡∏°‡πÄ‡∏™‡∏ô‡πÉ‡∏ô,‡∏Å‡∏£‡∏∏‡∏á‡πÄ‡∏ó‡∏û‡∏°‡∏´‡∏≤‡∏ô‡∏Ñ‡∏£,high,‡∏à‡∏∏‡∏î‡πÄ‡∏ß‡πâ‡∏ô‡πÄ‡∏û‡∏∑‡πà‡∏≠‡∏Å‡∏•‡∏±‡∏ö‡∏£‡∏ñ‡∏™‡∏≤‡∏¢‡πÑ‡∏ü‡∏´‡πâ‡∏≠‡∏¢‡πÇ‡∏ï‡∏á‡πÄ‡∏ï‡∏á‡∏£‡∏ñ‡∏Å‡∏•‡∏±‡∏ö‡πÑ‡∏°‡πà‡πÑ‡∏î‡πâ‡∏ä‡πà‡∏ß‡∏¢‡∏°‡∏≤‡∏à‡∏±‡∏î‡∏£‡∏∞‡πÄ‡∏ö‡∏µ‡∏¢‡∏ö‡∏™‡∏≤‡∏¢‡πÑ‡∏ü‡πÉ‡∏´‡πâ‡∏£‡∏ñ‡∏™‡∏≤‡∏°‡∏≤‡∏£‡∏ñ‡πÄ‡∏Ç‡πâ‡∏≤‡πÑ‡∏õ‡∏¢‡∏±‡∏á‡∏û‡∏∑‡πâ‡∏ô‡∏ó‡∏µ‡πà‡πÄ‡∏û‡∏∑‡πà‡∏≠‡∏™‡πà‡∏á‡∏Ç‡∏≠‡∏á‡∏£‡∏ß‡∏°‡∏ñ‡∏∂‡∏á‡∏Å‡∏•‡∏±‡∏ö‡∏£‡∏ñ‡πÑ‡∏î‡πâ‡πÅ‡∏•‡∏∞‡∏õ‡πâ‡∏≠‡∏á‡∏Å‡∏±‡∏ô‡∏≠‡∏±‡∏ô‡∏ï‡∏£‡∏≤‡∏¢‡∏™‡∏≤‡∏¢‡πÑ‡∏ü‡∏ó‡∏µ‡πà‡πÄ‡∏≠‡∏∑‡πâ‡∏≠‡∏°‡∏ñ‡∏∂‡∏á‡πÅ‡∏•‡∏∞‡∏≠‡∏∏‡∏ö‡∏±‡∏ï‡∏¥‡πÄ‡∏´‡∏ï‡∏∏‡∏ó‡∏µ‡πà‡πÄ‡∏Å‡∏¥‡∏î‡∏Ç‡∏∂‡πâ‡∏ô‡∏ó‡∏µ‡πà‡∏à‡∏∞‡πÄ‡∏Å‡∏¥‡∏î‡∏Ç‡∏∂‡πâ‡∏ô,190,5,9,14,12,2024,100.55981,13.78767,14.08306067712731
2024-FLDNG9,road,‡∏ö‡∏≤‡∏á‡∏Å‡∏≠‡∏Å‡∏ô‡πâ‡∏≠‡∏¢,‡∏≠‡∏£‡∏∏‡∏ì‡∏≠‡∏°‡∏£‡∏¥‡∏ô‡∏ó‡∏£‡πå,‡∏Å‡∏£‡∏∏‡∏á‡πÄ‡∏ó‡∏û‡∏°‡∏´‡∏≤‡∏ô‡∏Ñ‡∏£,high,‡∏ñ‡∏ô‡∏ô‡πÄ‡πÄ‡∏ï‡∏Å‡∏Ç‡∏£‡∏∏‡∏Ç‡∏£‡∏∞‡πÑ‡∏°‡πà‡πÄ‡∏£‡∏µ‡∏¢‡∏ö,21,6,9,9,6,2024,100.47711,13.77821,12.46195016349537
2024-ABBZ2U,road,‡∏†‡∏≤‡∏©‡∏µ‡πÄ‡∏à‡∏£‡∏¥‡∏ç,‡∏ö‡∏≤‡∏á‡∏´‡∏ß‡πâ‡∏≤,‡∏Å‡∏£‡∏∏‡∏á‡πÄ‡∏ó‡∏û‡∏°‡∏´‡∏≤‡∏ô‡∏Ñ‡∏£,high,‡∏Ç‡∏≤‡∏¢‡∏Ç‡∏≠‡∏á‡∏ö‡∏ô‡∏ó‡∏≤‡∏á‡πÄ‡∏ó‡πâ‡∏≤ ‡πÅ‡∏•‡∏∞‡∏°‡∏µ‡∏≠‡∏µ‡∏Å‡∏´‡∏ä‡∏≤‡∏ô‡∏à‡∏∏‡∏î‡∏ö‡∏£‡∏¥‡πÄ‡∏ß‡∏ì‡∏ô‡∏±‡πâ‡∏ô ‡∏ñ‡πà‡∏≤‡∏ô‡∏°‡∏≤‡πÑ‡∏°‡πà‡∏ó‡∏±‡∏ô‡∏Ñ‡∏£‡∏±‡∏ö,58,2,4,5,6,2024,100.4499,13.71705,12.46195016349537
2024-DDXRZR,road,‡∏î‡∏≠‡∏ô‡πÄ‡∏°‡∏∑‡∏≠‡∏á,‡∏î‡∏≠‡∏ô‡πÄ‡∏°‡∏∑‡∏≠‡∏á,‡∏Å‡∏£‡∏∏‡∏á‡πÄ‡∏ó‡∏û‡∏°‡∏´‡∏≤‡∏ô‡∏Ñ‡∏£,high,‡∏ñ‡∏ô‡∏ô‡πÉ‡∏ô‡∏ã‡∏≠‡∏¢‡∏ô‡∏µ‡πâ‡πÅ‡∏Ñ‡∏ö‡∏≠‡∏¢‡∏π‡πà‡πÅ‡∏•‡πâ‡∏ß‡∏¢‡∏≤‡∏Å‡∏ï‡πà‡∏≠‡∏Å‡∏≤‡∏£‡∏™‡∏±‡∏ç‡∏à‡∏£ ‡πÅ‡∏ï‡πà‡∏°‡∏£‡∏Å‡∏≤‡∏£‡∏ó‡∏≥‡∏ö‡∏±‡∏ô‡πÑ‡∏î‡∏ö‡∏ô‡∏ñ‡∏ô‡∏ô ‡πÅ‡∏•‡∏∞‡∏ß‡∏≤‡∏á‡∏Å‡∏£‡∏∞‡∏ñ‡∏≤‡∏á‡∏ï‡πâ‡∏ô‡πÑ‡∏°‡πâ‡∏ö‡∏ô‡∏ñ‡∏ô‡∏ô ‡∏™‡πà‡∏ß‡∏ô‡∏≠‡∏µ‡∏Å‡∏ù‡∏±‡πà‡∏á‡∏£‡∏ñ‡∏à‡∏≠‡∏î ‡∏¢‡∏∑‡πà‡∏á‡∏ó‡∏≥‡πÉ‡∏´‡πâ‡∏Å‡∏≤‡∏£‡∏™‡∏±‡∏ç‡∏à‡∏£‡∏¢‡∏≤‡∏Å‡∏°‡∏≤‡∏Å‡πÜ,123,2,0,3,1,2024,100.5993,13.92125,12.46195016349537
FXBT9F,road,‡∏™‡∏≤‡∏¢‡πÑ‡∏´‡∏°,‡∏Ñ‡∏•‡∏≠‡∏á‡∏ñ‡∏ô‡∏ô,‡∏Å‡∏£‡∏∏‡∏á‡πÄ‡∏ó‡∏û‡∏°‡∏´‡∏≤‡∏ô‡∏Ñ‡∏£,high,"‡∏ö‡πâ‡∏≤‡∏ô‡πÄ‡∏•‡∏Ç‡∏ó‡∏µ‡πà50/77 ‡∏´‡∏°‡∏π‡πà‡∏ö‡πâ‡∏≤‡∏ô‡πÄ‡∏≠‡∏∑‡πâ‡∏≠‡∏≠‡∏≤‡∏ó‡∏£ ‡∏ã‡∏≠‡∏¢‡∏û‡∏´‡∏•‡πÇ‡∏¢‡∏ò‡∏¥‡∏ô 52 ‡∏ñ‡∏ô‡∏ô‡∏û‡∏´‡∏•‡πÇ‡∏¢‡∏ò‡∏¥‡∏ô ‡πÄ‡∏Ç‡∏ï‡∏™‡∏≤‡∏¢‡πÑ‡∏´‡∏°
‡∏ö‡∏£‡∏¥‡πÄ‡∏ß‡∏ì‡∏´‡∏ô‡πâ‡∏≤‡∏ö‡πâ‡∏≤‡∏ô‡∏î‡∏±‡∏á‡∏Å‡∏•‡πà‡∏≤‡∏ß ‡∏û‡∏ö‡∏î‡∏ß‡∏á‡πÑ‡∏ü‡∏ü‡πâ‡∏≤‡∏™‡πà‡∏≠‡∏á‡∏™‡∏ß‡πà‡∏≤‡∏á‡∏ó‡∏≤‡∏á‡∏î‡∏±‡∏ö‡∏ä‡∏≥‡∏£‡∏∏‡∏î ‡∏´‡∏•‡∏≤‡∏¢‡∏ß‡∏±‡∏ô‡πÅ‡∏•‡πâ‡∏ß ‡∏ó‡∏≥‡πÉ‡∏´‡πâ‡∏°‡∏∑‡∏î‡∏°‡∏≤‡∏Å ‡∏Ç‡∏≠‡πÉ‡∏´‡πâ‡πÅ‡∏Å‡πâ‡πÑ‡∏Ç
#1555 #citydata",176,1,14,15,10,2024,100.61072,13.89652,12.46195016349537
2024-H7WCER,lighting,‡∏õ‡∏£‡∏∞‡πÄ‡∏ß‡∏®,‡∏õ‡∏£‡∏∞‡πÄ‡∏ß‡∏®,‡∏Å‡∏£‡∏∏‡∏á‡πÄ‡∏ó‡∏û‡∏°‡∏´‡∏≤‡∏ô‡∏Ñ‡∏£,high,‡πÑ‡∏ü‡πÄ‡∏Å‡∏≤‡∏∞‡∏Å‡∏•‡∏≤‡∏á‡∏ñ‡∏ô‡∏ô‡πÑ‡∏°‡πà‡∏ï‡∏¥‡∏î ‡∏ñ‡∏ô‡∏ô‡∏°‡∏∑‡∏î‡∏°‡∏≤‡∏Å ‡∏™‡∏∞‡∏û‡∏≤‡∏ô‡∏Ç‡πâ‡∏≤‡∏°‡∏ñ‡∏ô‡∏ô‡∏≠‡πà‡∏≠‡∏ô‡∏ô‡∏∏‡∏ä ‡∏û‡∏±‡∏í‡∏ô‡∏≤‡∏Å‡∏£‡∏ï‡∏±‡∏î‡πÉ‡∏´‡∏°‡πà,64,1,13,17,12,2024,100.66212,13.71307,73.68319893052893
2024-7H3LKC,unknown,‡∏ö‡∏≤‡∏á‡∏Å‡∏≠‡∏Å‡πÉ‡∏´‡∏ç‡πà,‡∏ß‡∏±‡∏î‡∏ó‡πà‡∏≤‡∏û‡∏£‡∏∞,‡∏Å‡∏£‡∏∏‡∏á‡πÄ‡∏ó‡∏û‡∏°‡∏´‡∏≤‡∏ô‡∏Ñ‡∏£,low,‡∏°‡∏≤‡∏à‡∏≤‡∏Å‡∏Ñ‡∏•‡∏¥‡∏õ‡∏ô‡∏µ‡πâ,12,2,2,13,3,2024,100.47794,13.72271,90.06795582402778
2024-3KGTBV,road,‡∏£‡∏≤‡∏ä‡πÄ‡∏ó‡∏ß‡∏µ,‡∏°‡∏±‡∏Å‡∏Å‡∏∞‡∏™‡∏±‡∏ô,‡∏Å‡∏£‡∏∏‡∏á‡πÄ‡∏ó‡∏û‡∏°‡∏´‡∏≤‡∏ô‡∏Ñ‡∏£,high,‡∏ö‡∏£‡∏¥‡πÄ‡∏ß‡∏ì‡∏£‡∏¥‡∏°‡∏ñ‡∏ô‡∏ô‡πÄ‡∏û‡∏ä‡∏£‡∏ö‡∏∏‡∏£‡∏µ ‡∏Ç‡πâ‡∏≤‡∏á‡∏≠‡∏≤‡∏Ñ‡∏≤‡∏£‡∏ß‡∏≤‡∏ô‡∏¥‡∏ä ‡∏°‡∏µ‡∏£‡∏ñ‡∏¢‡∏ô‡∏ï‡πå‡πÅ‡∏•‡∏∞‡∏à‡∏±‡∏Å‡∏£‡∏¢‡∏≤‡∏ô‡∏¢‡∏ô‡∏ï‡πå ‡∏à‡∏≠‡∏î‡πÄ‡∏•‡∏ô‡∏ã‡πâ‡∏≤‡∏¢ ‡∏•‡∏±‡∏Å‡∏©‡∏ì‡∏∞‡∏ú‡∏¥‡∏î‡∏Å‡∏é‡∏´‡∏°‡∏≤‡∏¢‡∏´‡∏•‡∏≤‡∏¢‡∏™‡∏¥‡∏ö‡∏Ñ‡∏±‡∏ô ‡∏ó‡∏≥‡πÉ‡∏´‡πâ‡∏ä‡πà‡∏ß‡∏á‡∏ô‡∏±‡πâ‡∏ô‡∏Å‡∏•‡∏≤‡∏¢‡πÄ‡∏õ‡πá‡∏ô‡∏Ñ‡∏≠‡∏Ç‡∏ß‡∏î‡∏£‡∏ñ‡∏ó‡∏µ‡πà‡∏°‡∏≤‡∏ó‡∏≤‡∏á‡∏ï‡∏£‡∏á ‡∏ï‡πâ‡∏≠‡∏á‡πÄ‡∏ö‡∏µ‡πà‡∏¢‡∏á‡∏´‡∏•‡∏ö ‡∏£‡∏ñ‡∏ï‡∏¥‡∏î ‡∏≠‡∏≤‡∏à‡πÄ‡∏Å‡∏¥‡∏î‡∏≠‡∏∏‡∏ö‡∏±‡∏ï‡∏¥‡πÄ‡∏´‡∏ï‡∏∏,173,0,1,25,3,2024,100.54783,13.7496,12.46195016349537
2024-L4UUKT,road,‡∏™‡∏ß‡∏ô‡∏´‡∏•‡∏ß‡∏á,‡∏™‡∏ß‡∏ô‡∏´‡∏•‡∏ß‡∏á,‡∏Å‡∏£‡∏∏‡∏á‡πÄ‡∏ó‡∏û‡∏°‡∏´‡∏≤‡∏ô‡∏Ñ‡∏£,high,‡∏°‡∏µ‡∏´‡∏•‡∏∏‡∏°‡∏ö‡∏ô‡∏û‡∏∑‡πâ‡∏ô‡∏ñ‡∏ô‡∏ô,15,5,5,3,8,2024,100.64166,13.72827,12.46195016349537
2024-PAYQEY,animal,‡∏ö‡∏≤‡∏á‡∏ö‡∏≠‡∏ô,‡∏ö‡∏≤‡∏á‡∏ö‡∏≠‡∏ô‡πÉ‡∏ï‡πâ,‡∏Å‡∏£‡∏∏‡∏á‡πÄ‡∏ó‡∏û‡∏°‡∏´‡∏≤‡∏ô‡∏Ñ‡∏£,low,‡πÇ‡∏î‡∏ô‡∏™‡∏∏‡∏ô‡∏±‡∏Ç‡πÅ‡∏°‡πà‡∏•‡∏π‡∏Å‡∏≠‡πà‡∏≠‡∏ô‡∏Å‡∏±‡∏î ‡πÇ‡∏î‡∏¢‡∏ñ‡∏≤‡∏°‡∏Ñ‡∏ô‡πÅ‡∏ñ‡∏ß‡∏ô‡∏±‡πâ‡∏ô‡πÅ‡∏•‡πâ‡∏ß‡∏ß‡πà‡∏≤‡∏™‡∏∏‡∏ô‡∏±‡∏Ç‡∏Ç‡∏≠‡∏á‡πÉ‡∏Ñ‡∏£ ‡∏Ñ‡∏ô‡πÅ‡∏ñ‡∏ß‡∏ô‡∏±‡πâ‡∏ô‡πÅ‡∏à‡πâ‡∏á‡∏ß‡πà‡∏≤ ‡∏™‡∏∏‡∏ô‡∏±‡∏Ç‡∏°‡∏≤‡∏à‡∏≤‡∏Å‡∏ó‡∏µ‡πà‡∏≠‡∏∑‡πà‡∏ô‡∏°‡∏µ‡∏ô‡∏¥‡∏™‡∏±‡∏¢‡∏î‡∏∏‡∏£‡πâ‡∏≤‡∏¢ ‡∏à‡∏∂‡∏á‡∏£‡∏ö‡∏Å‡∏ß‡∏ô‡∏ó‡∏≤‡∏á‡∏™‡∏≥‡∏ô‡∏±‡∏Å‡∏á‡∏≤‡∏ô‡πÄ‡∏Ç‡∏ï‡∏°‡∏≤‡∏ä‡πà‡∏ß‡∏¢‡∏à‡∏±‡∏ö‡∏î‡πâ‡∏ß‡∏¢,139,1,13,24,12,2024,100.38059,13.64149,72.86693309369213
2024-68N9EL,road,‡∏•‡∏≤‡∏î‡∏û‡∏£‡πâ‡∏≤‡∏ß,‡∏•‡∏≤‡∏î‡∏û‡∏£‡πâ‡∏≤‡∏ß,‡∏Å‡∏£‡∏∏‡∏á‡πÄ‡∏ó‡∏û‡∏°‡∏´‡∏≤‡∏ô‡∏Ñ‡∏£,high,‡∏à‡∏∏‡∏î‡∏Å‡∏•‡∏±‡∏ö‡∏£‡∏ñ‡πÉ‡∏ï‡πâ‡∏™‡∏∞‡∏û‡∏≤‡∏ô‡∏•‡∏≠‡∏¢‡πÑ‡∏°‡πà‡∏î‡∏µ‡πÄ‡∏ß‡∏•‡∏≤‡∏Å‡∏•‡∏±‡∏ö‡πÄ‡∏õ‡πá‡∏ô‡∏°‡∏∏‡∏°‡∏≠‡∏±‡∏ö ‡∏°‡∏≠‡∏á‡πÑ‡∏°‡πà‡πÄ‡∏´‡πá‡∏ô‡∏£‡∏ñ‡∏ó‡∏µ‡πà‡∏ß‡∏¥‡πà‡∏á‡∏°‡∏≤‡∏î‡πâ‡∏≤‡∏ô‡∏ã‡πâ‡∏≤‡∏¢‡πÄ‡∏û‡∏£‡∏≤‡∏∞‡πÑ‡∏´‡∏•‡πà‡∏ó‡∏≤‡∏á‡∏î‡πâ‡∏≤‡∏ô‡∏Ç‡∏ß‡∏≤ ‡∏õ‡∏≤‡∏î ‡∏≠‡∏á‡∏®‡∏≤‡πÑ‡∏°‡πà‡πÄ‡∏û‡∏µ‡∏¢‡∏á‡∏û‡∏≠ ‡πÄ‡∏Å‡∏¥‡∏î‡∏≠‡∏∏‡∏ö‡∏±‡∏ï‡∏¥‡πÄ‡∏´‡∏ï‡∏∏‡∏ö‡πà‡∏≠‡∏¢‡∏Ñ‡∏£‡∏±‡πâ‡∏á ‡∏£‡∏ß‡∏°‡∏ñ‡∏∂‡∏á‡∏Å‡∏≤‡∏£‡∏´‡∏±‡∏Å‡∏´‡∏•‡∏ö‡∏ä‡∏ô‡πÄ‡∏Å‡∏≤‡∏∞‡∏î‡πâ‡∏ß‡∏¢ ‡∏î‡∏π‡∏£‡∏π‡∏õ‡∏ô‡∏∞‡∏Ñ‡∏£‡∏±‡∏ö ‡∏ß‡πà‡∏≤‡∏ó‡∏≥‡πÑ‡∏°‡πÄ‡∏Å‡∏≤‡∏∞‡∏ñ‡∏ô‡∏ô‡∏°‡∏±‡∏ô‡∏ñ‡∏∂‡∏á‡πÑ‡∏î‡πâ‡∏û‡∏±‡∏á,200,3,15,29,8,2024,100.62817,13.8252,12.46195016349537
2025-EXDKXL,lighting,‡∏Ñ‡∏•‡∏≠‡∏á‡πÄ‡∏ï‡∏¢,‡∏û‡∏£‡∏∞‡πÇ‡∏Ç‡∏ô‡∏á,‡∏Å‡∏£‡∏∏‡∏á‡πÄ‡∏ó‡∏û‡∏°‡∏´‡∏≤‡∏ô‡∏Ñ‡∏£,high,‡πÑ‡∏ü‡∏ñ‡∏ô‡∏ô‡∏î‡∏±‡∏ö,8,1,15,7,1,2025,100.5773,13.71482,73.68319893052893
2025-7B8GD8,lighting,‡∏´‡πâ‡∏ß‡∏¢‡∏Ç‡∏ß‡∏≤‡∏á,‡∏ö‡∏≤‡∏á‡∏Å‡∏∞‡∏õ‡∏¥,‡∏Å‡∏£‡∏∏‡∏á‡πÄ‡∏ó‡∏û‡∏°‡∏´‡∏≤‡∏ô‡∏Ñ‡∏£,high,‡∏ó‡∏≤‡∏á‡∏£‡∏¥‡∏°‡∏Ñ‡∏•‡∏≠‡∏á‡∏°‡∏∑‡∏î‡∏°‡∏≤‡∏Å,16,4,11,10,1,2025,100.60032,13.7475,73.68319893052893
2024-BT8MC2,road,‡∏õ‡∏ó‡∏∏‡∏°‡∏ß‡∏±‡∏ô,‡∏•‡∏∏‡∏°‡∏û‡∏¥‡∏ô‡∏µ,‡∏Å‡∏£‡∏∏‡∏á‡πÄ‡∏ó‡∏û‡∏°‡∏´‡∏≤‡∏ô‡∏Ñ‡∏£,high,‡∏ó‡∏≤‡∏á‡πÄ‡∏î‡∏¥‡∏ô‡πÄ‡∏ó‡πâ‡∏≤‡∏ï‡∏£‡∏á‡∏õ‡πâ‡∏≤‡∏¢‡∏£‡∏ñ‡πÄ‡∏°‡∏•‡πå‡∏ö‡πà‡∏≠‡∏ô‡πÑ‡∏Å‡πà ‡∏ó‡∏≤‡∏á‡πÄ‡∏ó‡πâ‡∏≤‡πÄ‡∏•‡∏∞‡πÄ‡∏ó‡∏∞ ‡πÄ‡∏Å‡∏∑‡∏≠‡∏ö‡∏™‡∏∞‡∏î‡∏∏‡∏î‡∏•‡πâ‡∏°‡∏´‡∏•‡∏≤‡∏¢‡∏Ñ‡∏ô‡πÅ‡∏•‡πâ‡∏ß ‡πÅ‡∏à‡πâ‡∏á‡πÑ‡∏õ‡∏•‡∏∞‡∏Å‡πá‡πÄ‡∏á‡∏µ‡∏¢‡∏ö,85,0,1,18,11,2024,100.54934,13.72435,12.46195016349537
2024-E2D9Z9,unknown,‡∏ö‡∏≤‡∏á‡∏ö‡∏≠‡∏ô,‡∏ö‡∏≤‡∏á‡∏ö‡∏≠‡∏ô‡πÄ‡∏´‡∏ô‡∏∑‡∏≠,‡∏Å‡∏£‡∏∏‡∏á‡πÄ‡∏ó‡∏û‡∏°‡∏´‡∏≤‡∏ô‡∏Ñ‡∏£,low,‡∏£‡∏ñ‡∏™‡∏¥‡∏ö‡∏•‡πâ‡∏≠‡∏Ç‡∏≠‡∏á‡∏£‡πâ‡∏≤‡∏ô‡∏Ñ‡πâ‡∏≤‡∏Ç‡∏≠‡∏á‡πÄ‡∏Å‡πà‡∏≤‡∏à‡∏≠‡∏î‡∏õ‡∏¥‡∏î‡πÄ‡∏•‡∏ô‡∏™‡πå 1‡πÄ‡∏•‡∏ô‡∏Å‡πà‡∏≠‡∏ô‡∏ñ‡∏∂‡∏á‡∏ó‡∏≤‡∏á‡πÄ‡∏Ç‡πâ‡∏≤‡πÄ‡∏Ç‡∏ï‡∏ö‡∏≤‡∏á‡∏ö‡∏≠‡∏ô‡πÄ‡∏õ‡πá‡∏ô‡∏õ‡∏£‡∏∞‡∏à‡∏≥,73,3,0,25,7,2024,100.36909,13.636,90.06795582402778
2024-7MWCYN,road,‡∏î‡∏≠‡∏ô‡πÄ‡∏°‡∏∑‡∏≠‡∏á,‡∏î‡∏≠‡∏ô‡πÄ‡∏°‡∏∑‡∏≠‡∏á,‡∏Å‡∏£‡∏∏‡∏á‡πÄ‡∏ó‡∏û‡∏°‡∏´‡∏≤‡∏ô‡∏Ñ‡∏£,high,‡πÑ‡∏°‡πà‡πÄ‡∏Ñ‡∏≤‡∏£‡∏û‡∏Å‡∏è‡∏à‡∏£‡∏≤‡∏à‡∏£ 7:40 ‡∏ô./11/7/2567 ‡∏û‡∏∑‡πâ‡∏ô‡∏ó‡∏µ‡πà‡∏ñ.‡∏™‡∏£‡∏á‡∏õ‡∏£‡∏∞‡∏†‡∏≤ ‡πÄ‡∏Ç‡∏ï‡∏î‡∏≠‡∏ô‡πÄ‡∏°‡∏∑‡∏≠‡∏á ‡∏Å‡∏ó‡∏°.,68,3,0,11,7,2024,100.5935,13.9252,12.46195016349537
2024-MBYYTG,noise,‡∏ö‡∏≤‡∏á‡∏ô‡∏≤,‡∏ö‡∏≤‡∏á‡∏ô‡∏≤‡πÄ‡∏´‡∏ô‡∏∑‡∏≠,‡∏Å‡∏£‡∏∏‡∏á‡πÄ‡∏ó‡∏û‡∏°‡∏´‡∏≤‡∏ô‡∏Ñ‡∏£,mid,‡∏£‡πâ‡∏≤‡∏ô‡∏≠‡∏≤‡∏´‡∏≤‡∏£‡∏£‡∏±‡∏ä‡∏î‡∏≤‡∏Ñ‡∏≤‡πÄ‡∏ü‡πà ‡πÄ‡∏õ‡∏¥‡∏î‡πÄ‡∏û‡∏•‡∏á‡πÄ‡∏™‡∏µ‡∏¢‡∏á‡∏î‡∏±‡∏á‡∏´‡∏•‡∏±‡∏á‡πÄ‡∏ó‡∏µ‡πà‡∏¢‡∏á‡∏Ñ‡∏∑‡∏ô‡∏¢‡∏≤‡∏ß‡∏ñ‡∏∂‡∏á‡∏ï‡∏µ‡∏™‡∏µ‡πà (‡∏ä‡πà‡∏ß‡∏á‡πÄ‡∏ß‡∏•‡∏≤‡∏Å‡πà‡∏≠‡∏ô‡πÄ‡∏ó‡∏µ‡πà‡∏¢‡∏á‡∏Ñ‡∏∑‡∏ô‡πÑ‡∏°‡πà‡∏î‡∏±‡∏á) ‡πÇ‡∏î‡∏¢‡πÄ‡∏â‡∏û‡∏≤‡∏∞‡∏Ñ‡∏∑‡∏ô‡∏ß‡∏±‡∏ô‡∏®‡∏∏‡∏Å‡∏£‡πå‡πÅ‡∏•‡∏∞‡πÄ‡∏™‡∏≤‡∏£‡πå‡∏à‡∏∞‡∏î‡∏±‡∏á‡∏°‡∏≤‡∏Å,126,6,2,4,8,2024,100.6372,13.6736,28.791555815460676
2024-L9QW2K,cleaning,‡∏ö‡∏≤‡∏á‡∏Å‡∏∞‡∏õ‡∏¥,‡∏Ñ‡∏•‡∏≠‡∏á‡∏à‡∏±‡πà‡∏ô,‡∏Å‡∏£‡∏∏‡∏á‡πÄ‡∏ó‡∏û‡∏°‡∏´‡∏≤‡∏ô‡∏Ñ‡∏£,mid,"üì£üîâüîäüëÄ‡∏û‡∏ö‡∏õ‡πâ‡∏≤‡∏¢‡πÇ‡∏Ü‡∏©‡∏ì‡∏≤‡∏ó‡∏µ‡πà‡∏£‡∏∏‡∏Å‡∏•‡πâ‡∏≥‡∏ó‡∏µ‡πà‡∏™‡∏≤‡∏ò‡∏≤‡∏£‡∏ì‡∏∞ 
üì∏
üìå‡∏£‡πâ‡∏≤‡∏ô‡πÇ‡∏à‡πä‡∏Å
üõ£Ô∏è ‡∏•‡∏≤‡∏î‡∏û‡∏£‡πâ‡∏≤‡∏ß 101 ‡∏Ç‡∏≤‡πÄ‡∏Ç‡πâ‡∏≤
üôèüë∑üë©‚Äçüîß ‡∏Ç‡∏≠‡∏Ç‡∏≠‡∏ö‡∏Ñ‡∏∏‡∏ì‡πÄ‡∏à‡πâ‡∏≤‡∏´‡∏ô‡πâ‡∏≤‡∏ó‡∏µ‡πà‡∏ó‡∏∏‡∏Å‡∏ó‡πà‡∏≤‡∏ô ‡πÉ‡∏ô‡∏Å‡∏≤‡∏£‡∏à‡∏±‡∏î‡∏Å‡∏≤‡∏£‡∏õ‡∏±‡∏ç‡∏´‡∏≤‡∏ô‡∏µ‡πâ ‚úåÔ∏è‚úåÔ∏èüí™üëèüëèüëè
üí•‡∏Å‡∏≤‡∏£‡∏ï‡∏¥‡∏î‡∏ï‡∏±‡πâ‡∏á‡∏õ‡πâ‡∏≤‡∏¢‡πÇ‡∏Ü‡∏©‡∏ì‡∏≤‡πÉ‡∏ô‡∏ó‡∏µ‡πà‡∏™‡∏≤‡∏ò‡∏≤‡∏£‡∏ì‡∏∞ #‡∏ú‡∏¥‡∏î‡∏Å‡∏é‡∏´‡∏°‡∏≤‡∏¢ ‡∏´‡∏≤‡∏Å‡πÉ‡∏î‡∏ú‡∏π‡πâ‡∏•‡∏±‡∏Å‡∏•‡∏≠‡∏ö‡∏ï‡∏¥‡∏î‡∏õ‡πâ‡∏≤‡∏¢‡πÇ‡∏Ü‡∏©‡∏ì‡∏≤‡πÉ‡∏ô‡∏ó‡∏≤‡∏á‡∏™‡∏≤‡∏ò‡∏≤‡∏£‡∏ì‡∏∞‡πÇ‡∏î‡∏¢‡πÑ‡∏°‡πà‡πÑ‡∏î‡πâ‡∏£‡∏±‡∏ö‡∏≠‡∏ô‡∏∏‡∏ç‡∏≤‡∏ï‡∏à‡∏∞‡∏°‡∏µ‡∏Ñ‡∏ß‡∏≤‡∏°‡∏ú‡∏¥‡∏î‡∏ï‡∏≤‡∏°‡∏°‡∏≤‡∏ï‡∏£‡∏≤ 10 ‡∏Ç‡∏≠‡∏á‡∏û‡∏£‡∏∞‡∏£‡∏≤‡∏ä‡∏ö‡∏±‡∏ç‡∏ç‡∏±‡∏ï‡∏¥‡∏£‡∏±‡∏Å‡∏©‡∏≤‡∏Ñ‡∏ß‡∏≤‡∏°‡∏™‡∏∞‡∏≠‡∏≤‡∏î‡πÅ‡∏•‡∏∞‡∏Ñ‡∏ß‡∏≤‡∏°‡πÄ‡∏õ‡πá‡∏ô‡∏£‡∏∞‡πÄ‡∏ö‡∏µ‡∏¢‡∏ö‡πÄ‡∏£‡∏µ‡∏¢‡∏ö‡∏£‡πâ‡∏≠‡∏¢‡∏Ç‡∏≠‡∏á‡∏ö‡πâ‡∏≤‡∏ô‡πÄ‡∏°‡∏∑‡∏≠‡∏á ‡∏û.‡∏®.2535 ‡πÅ‡∏•‡∏∞‡∏ó‡∏µ‡πà‡πÅ‡∏Å‡πâ‡πÑ‡∏Ç‡πÄ‡∏û‡∏¥‡πà‡∏°‡πÄ‡∏ï‡∏¥‡∏° ‡∏â‡∏ö‡∏±‡∏ö‡∏ó‡∏µ‡πà 2 ‡∏û.‡∏®.2560

1. ‡∏´‡πâ‡∏≤‡∏°‡∏ï‡∏¥‡∏î‡∏ï‡∏±‡πâ‡∏á‡∏õ‡πâ‡∏≤‡∏¢‡πÇ‡∏Ü‡∏©‡∏ì‡∏≤‡∏´‡∏£‡∏∑‡∏≠‡∏™‡∏¥‡πà‡∏á‡∏≠‡∏∑‡πà‡∏ô‡πÉ‡∏î‡∏£‡∏∏‡∏Å‡∏•‡πâ‡∏≥‡∏ó‡∏µ‡πà‡∏´‡∏£‡∏∑‡∏≠‡∏ó‡∏≤‡∏á‡∏™‡∏≤‡∏ò‡∏≤‡∏£‡∏ì‡∏∞

2. ‡∏´‡πâ‡∏≤‡∏°‡πÇ‡∏Ü‡∏©‡∏ì‡∏≤‡∏î‡πâ‡∏ß‡∏¢‡∏Å‡∏≤‡∏£‡∏õ‡∏¥‡∏î ‡∏ó‡∏¥‡πâ‡∏á ‡∏´‡∏£‡∏∑‡∏≠‡πÇ‡∏õ‡∏£‡∏¢‡πÅ‡∏ú‡πà‡∏ô‡∏õ‡∏£‡∏∞‡∏Å‡∏≤‡∏®‡∏´‡∏£‡∏∑‡∏≠‡πÉ‡∏ö‡∏õ‡∏•‡∏¥‡∏ß‡πÉ‡∏ô‡∏ó‡∏µ‡πà‡∏™‡∏≤‡∏ò‡∏≤‡∏£‡∏ì‡∏∞ ‡∏Å‡πà‡∏≠‡∏ô‡πÑ‡∏î‡πâ‡∏£‡∏±‡∏ö‡∏≠‡∏ô‡∏∏‡∏ç‡∏≤‡∏ï #‡∏õ‡∏£‡∏±‡∏ö‡πÑ‡∏°‡πà‡πÄ‡∏Å‡∏¥‡∏ô 5000 ‡∏ö‡∏≤‡∏ó

3. ‡∏´‡πâ‡∏≤‡∏°‡∏°‡∏¥‡πÉ‡∏´‡πâ‡∏ú‡∏π‡πâ‡πÉ‡∏î‡∏ï‡∏¥‡∏î‡∏ï‡∏±‡πâ‡∏á ‡∏ï‡∏≤‡∏Å ‡∏ß‡∏≤‡∏á ‡∏´‡∏£‡∏∑‡∏≠‡πÅ‡∏Ç‡∏ß‡∏ô‡∏™‡∏¥‡πà‡∏á‡πÉ‡∏î‡πÜ ‡πÉ‡∏ô‡∏ó‡∏µ‡πà‡∏™‡∏≤‡∏ò‡∏≤‡∏£‡∏ì‡∏∞‡∏Å‡πà‡∏≠‡∏ô‡πÑ‡∏î‡πâ‡∏£‡∏±‡∏ö‡∏≠‡∏ô‡∏∏‡∏ç‡∏≤‡∏ï #‡∏õ‡∏£‡∏±‡∏ö‡πÑ‡∏°‡πà‡πÄ‡∏Å‡∏¥‡∏ô5000‡∏ö‡∏≤‡∏ó

üí¢‡∏ù‡πà‡∏≤‡∏ù‡∏∑‡∏ô‡∏°‡∏µ‡∏Å‡∏≤‡∏£‡∏î‡∏≥‡πÄ‡∏ô‡∏¥‡∏ô‡∏Ñ‡∏î‡∏µ‡∏ï‡∏≤‡∏°‡∏û.‡∏£.‡∏ö.‡∏£‡∏±‡∏Å‡∏©‡∏≤‡∏Ñ‡∏ß‡∏≤‡∏°‡∏™‡∏∞‡∏≠‡∏≤‡∏î‡πÅ‡∏•‡∏∞‡∏Ñ‡∏ß‡∏≤‡∏°‡πÄ‡∏õ‡πá‡∏ô‡∏£‡∏∞‡πÄ‡∏ö‡∏µ‡∏¢‡∏ö‡πÄ‡∏£‡∏µ‡∏¢‡∏ö‡∏£‡πâ‡∏≠‡∏¢‡∏Ç‡∏≠‡∏á‡∏ö‡πâ‡∏≤‡∏ô‡πÄ‡∏°‡∏∑‡∏≠‡∏á 2535 ‡πÅ‡∏•‡∏∞‡∏â‡∏ö‡∏±‡∏ö‡πÅ‡∏Å‡πâ‡πÑ‡∏Ç‡πÄ‡∏û‡∏¥‡πà‡∏°‡πÄ‡∏ï‡∏¥‡∏° 2560 ‡∏û.‡∏£.‡∏ö.‡∏Ñ‡∏ß‡∏ö‡∏Ñ‡∏∏‡∏°‡∏≠‡∏≤‡∏Ñ‡∏≤‡∏£‡∏´‡∏£‡∏∑‡∏≠‡∏Å‡∏é‡∏´‡∏°‡∏≤‡∏¢‡∏≠‡∏∑‡πà‡∏ô‡πÜ ‡∏ó‡∏µ‡πà‡πÄ‡∏Å‡∏µ‡πà‡∏¢‡∏ß‡∏Ç‡πâ‡∏≠‡∏á ‡πÅ‡∏•‡πâ‡∏ß‡πÅ‡∏ï‡πà‡∏Å‡∏£‡∏ì‡∏µ‡πÉ‡∏ô‡∏≠‡∏±‡∏ï‡∏£‡∏≤‡πÇ‡∏ó‡∏©‡∏™‡∏π‡∏á‡∏™‡∏∏‡∏î
üí•‡∏õ‡∏£‡∏±‡∏ö‡πÄ‡∏õ‡πá‡∏ô‡∏û‡∏¥‡∏ô‡∏±‡∏¢ ‡∏Ñ‡πà‡∏≤‡∏õ‡∏£‡∏±‡∏ö‡πÄ‡∏õ‡πá‡∏ô‡∏û‡∏¥‡∏ô‡∏±‡∏¢ ‡∏Ñ‡∏∑‡∏≠ ‡πÄ‡∏á‡∏¥‡∏ô‡∏Ñ‡πà‡∏≤‡∏õ‡∏£‡∏±‡∏ö‡∏ó‡∏µ‡πà‡∏ï‡πâ‡∏≠‡∏á‡∏ä‡∏≥‡∏£‡∏∞‡πÉ‡∏´‡πâ‡πÅ‡∏Å‡πà‡∏£‡∏±‡∏ê ‡∏ã‡∏∂‡πà‡∏á‡πÄ‡∏õ‡πá‡∏ô‡∏°‡∏≤‡∏ï‡∏£‡∏Å‡∏≤‡∏£‡∏ó‡∏≤‡∏á‡∏Å‡∏é‡∏´‡∏°‡∏≤‡∏¢‡∏ó‡∏µ‡πà‡∏à‡∏∞‡∏ô‡∏≥‡∏°‡∏≤‡πÉ‡∏ä‡πâ ‡πÅ‡∏ó‡∏ô‡πÇ‡∏ó‡∏©‡∏ó‡∏≤‡∏á‡∏≠‡∏≤‡∏ç‡∏≤‡∏™‡∏≥‡∏´‡∏£‡∏±‡∏ö‡∏ú‡∏π‡πâ‡∏Å‡∏£‡∏∞‡∏ó‡∏≥‡∏Ñ‡∏ß‡∏≤‡∏°‡∏ú‡∏¥‡∏î‡πÑ‡∏°‡πà‡∏£‡πâ‡∏≤‡∏¢‡πÅ‡∏£‡∏á‡πÅ‡∏•‡∏∞‡πÇ‡∏î‡∏¢‡∏™‡∏†‡∏≤‡∏û‡πÑ‡∏°‡πà‡∏Å‡∏£‡∏∞‡∏ó‡∏ö‡∏ï‡πà‡∏≠‡∏Ñ‡∏ß‡∏≤‡∏°‡∏™‡∏á‡∏ö‡πÄ‡∏£‡∏µ‡∏¢‡∏ö‡∏£‡πâ‡∏≠‡∏¢‡∏´‡∏£‡∏∑‡∏≠ ‡∏®‡∏µ‡∏•‡∏ò‡∏£‡∏£‡∏°‡∏≠‡∏±‡∏ô‡∏î‡∏µ‡∏Ç‡∏≠‡∏á‡∏õ‡∏£‡∏∞‡∏ä‡∏≤‡∏ä‡∏ô‡∏≠‡∏¢‡πà‡∏≤‡∏á‡∏£‡πâ‡∏≤‡∏¢‡πÅ‡∏£‡∏á‡∏´‡∏£‡∏∑‡∏≠‡πÑ‡∏°‡πà‡∏Å‡∏£‡∏∞‡∏ó‡∏ö‡∏ï‡πà‡∏≠‡∏™‡πà‡∏ß‡∏ô‡∏£‡∏ß‡∏°‡∏≠‡∏¢‡πà‡∏≤‡∏á‡∏Å‡∏ß‡πâ‡∏≤‡∏á‡∏Ç‡∏ß‡∏≤‡∏á",1098,3,10,19,9,2024,100.62803,13.79259,11.866649166648148
PJ8ZXG,road,‡∏õ‡∏ó‡∏∏‡∏°‡∏ß‡∏±‡∏ô,‡∏•‡∏∏‡∏°‡∏û‡∏¥‡∏ô‡∏µ,‡∏Å‡∏£‡∏∏‡∏á‡πÄ‡∏ó‡∏û‡∏°‡∏´‡∏≤‡∏ô‡∏Ñ‡∏£,high,"‡∏õ‡∏±‡∏ç‡∏´‡∏≤: ‡∏ö‡∏£‡∏¥‡πÄ‡∏ß‡∏ì‡∏´‡∏ô‡πâ‡∏≤‡∏Å‡∏≤‡∏£‡πÑ‡∏ü‡∏ü‡πâ‡∏≤‡∏ô‡∏Ñ‡∏£‡∏´‡∏•‡∏ß‡∏á‡πÄ‡∏û‡∏•‡∏¥‡∏ô‡∏à‡∏¥‡∏ï‡∏ï‡∏£‡∏á‡∏Ç‡πâ‡∏≤‡∏°‡πÇ‡∏£‡∏á‡πÄ‡∏£‡∏µ‡∏¢‡∏ô‡∏°‡∏≤‡πÅ‡∏ï‡∏£‡πå ‡∏û‡∏ö‡πÄ‡∏´‡πá‡∏ô‡∏ù‡∏≤‡∏ó‡πà‡∏≠‡∏£‡πâ‡∏≠‡∏¢‡∏™‡∏≤‡∏¢‡πÇ‡∏ó‡∏£‡∏®‡∏±‡∏û‡∏ó‡πå‡∏•‡∏±‡∏Å‡∏©‡∏ì‡∏∞‡∏ù‡∏≤‡∏ó‡πà‡∏≠‡πÄ‡∏´‡∏•‡πá‡∏Å‡∏Å‡∏•‡∏°‡πÑ‡∏°‡πà‡πÄ‡∏£‡∏µ‡∏¢‡∏ö‡πÄ‡∏™‡∏°‡∏≠‡∏û‡∏∑‡πâ‡∏ô‡∏ú‡∏¥‡∏ß‡∏ñ‡∏ô‡∏ô
‡∏õ‡∏£‡∏∞‡∏ä‡∏≤‡∏ä‡∏ô‡∏≠‡∏¢‡∏≤‡∏Å‡πÉ‡∏´‡πâ‡∏ä‡πà‡∏ß‡∏¢‡πÄ‡∏£‡πà‡∏á‡∏î‡∏≥‡πÄ‡∏ô‡∏¥‡∏ô‡∏Å‡∏≤‡∏£‡∏õ‡∏£‡∏±‡∏ö‡∏õ‡∏£‡∏∏‡∏á‡πÅ‡∏Å‡πâ‡πÑ‡∏Ç‡πÉ‡∏´‡πâ‡∏î‡πâ‡∏ß‡∏¢

 
‡∏ñ‡∏ô‡∏ô: ‡πÄ‡∏û‡∏•‡∏¥‡∏ô‡∏à‡∏¥‡∏ï
‡∏à‡∏∏‡∏î‡∏™‡∏±‡∏á‡πÄ‡∏Å‡∏ï: ‡∏Ç‡∏≤‡∏≠‡∏≠‡∏Å‡∏Å‡πà‡∏≠‡∏ô‡∏ñ‡∏∂‡∏á‡πÅ‡∏¢‡∏Å‡∏ä‡∏¥‡∏î‡∏•‡∏°
‡πÄ‡∏Ç‡∏ï: ‡∏õ‡∏ó‡∏∏‡∏°‡∏ß‡∏±‡∏ô
#1555",250,1,10,3,12,2024,100.54346,13.7441,12.46195016349537
2024-HEC3F7,unknown,‡∏ö‡∏≤‡∏á‡∏ô‡∏≤,‡∏ö‡∏≤‡∏á‡∏ô‡∏≤‡πÉ‡∏ï‡πâ,‡∏Å‡∏£‡∏∏‡∏á‡πÄ‡∏ó‡∏û‡∏°‡∏´‡∏≤‡∏ô‡∏Ñ‡∏£,low,‡∏£‡∏ñ‡∏ö‡∏±‡∏™‡∏£‡∏±‡∏ö‡∏à‡πâ‡∏≤‡∏á ‡∏ó‡∏∞‡πÄ‡∏ö‡∏µ‡∏¢‡∏ô 32-6692 ‡∏õ‡∏•‡πà‡∏≠‡∏¢‡∏Ñ‡∏ß‡∏±‡∏ô‡∏î‡∏≥‡∏°‡∏≤‡∏Å‡πÄ‡∏°‡∏∑‡πà‡∏≠‡πÄ‡∏£‡πà‡∏á‡πÄ‡∏Ñ‡∏£‡∏∑‡πà‡∏≠‡∏á,59,1,23,9,7,2024,100.60222,13.66241,90.06795582402778
JF8VC9,road,‡∏î‡∏≠‡∏ô‡πÄ‡∏°‡∏∑‡∏≠‡∏á,‡∏î‡∏≠‡∏ô‡πÄ‡∏°‡∏∑‡∏≠‡∏á,‡∏Å‡∏£‡∏∏‡∏á‡πÄ‡∏ó‡∏û‡∏°‡∏´‡∏≤‡∏ô‡∏Ñ‡∏£,high,"‡∏õ‡∏±‡∏ç‡∏´‡∏≤: ‡∏ö‡∏£‡∏¥‡πÄ‡∏ß‡∏ì‡∏õ‡∏≤‡∏Å‡∏ã‡∏≠‡∏¢‡∏î‡∏±‡∏á‡∏Å‡∏•‡πà‡∏≤‡∏ß ‡∏û‡∏ö‡∏õ‡πâ‡∏≤‡∏¢‡∏ö‡∏≠‡∏Å‡∏ä‡∏∑‡πà‡∏≠‡∏ã‡∏≠‡∏¢‡∏°‡∏µ‡∏•‡∏±‡∏Å‡∏©‡∏ì‡∏∞‡∏°‡∏≠‡∏á‡πÑ‡∏°‡πà‡πÄ‡∏´‡πá‡∏ô‡πÄ‡∏î‡πà‡∏ô‡∏ä‡∏±‡∏î ‡πÄ‡∏ô‡∏∑‡πà‡∏≠‡∏á‡∏à‡∏≤‡∏Å‡∏°‡∏µ‡πÄ‡∏™‡∏≤‡πÑ‡∏ü‡∏ü‡πâ‡∏≤‡∏ö‡∏î‡∏ö‡∏±‡∏á‡∏õ‡πâ‡∏≤‡∏¢ ‡∏Ç‡∏≠‡πÉ‡∏´‡πâ‡πÄ‡∏à‡πâ‡∏≤‡∏´‡∏ô‡πâ‡∏≤‡∏ó‡∏µ‡πà‡πÅ‡∏Å‡πâ‡πÑ‡∏Ç‡πÄ‡∏Ñ‡∏•‡∏∑‡πà‡∏≠‡∏ô‡∏¢‡πâ‡∏≤‡∏¢‡∏õ‡πâ‡∏≤‡∏¢‡∏≠‡∏≠‡∏Å‡∏°‡∏≤ ‡πÑ‡∏°‡πà‡πÉ‡∏´‡πâ‡πÄ‡∏™‡∏≤‡∏ö‡∏î‡∏ö‡∏±‡∏á
‡∏ã‡∏≠‡∏¢: ‡∏õ‡∏£‡∏∞‡∏ä‡∏≤‡∏≠‡∏∏‡∏ó‡∏¥‡∏® 4
‡∏ñ‡∏ô‡∏ô: ‡∏õ‡∏£‡∏∞‡∏ä‡∏≤‡∏≠‡∏∏‡∏ó‡∏¥‡∏®
‡πÄ‡∏Ç‡∏ï: ‡∏î‡∏≠‡∏ô‡πÄ‡∏°‡∏∑‡∏≠‡∏á
#1555",210,0,7,1,7,2024,100.58512,13.92352,12.46195016349537
2024-GCEWK7,road,‡∏ß‡∏±‡∏í‡∏ô‡∏≤,‡∏Ñ‡∏•‡∏≠‡∏á‡∏ï‡∏±‡∏ô‡πÄ‡∏´‡∏ô‡∏∑‡∏≠,‡∏Å‡∏£‡∏∏‡∏á‡πÄ‡∏ó‡∏û‡∏°‡∏´‡∏≤‡∏ô‡∏Ñ‡∏£,high,‡∏°‡∏≤‡∏à‡∏≠‡∏î‡∏£‡∏ñ‡∏Å‡∏£‡∏∞‡∏ö‡∏∞‡πÄ‡∏´‡∏¢‡∏µ‡∏¢‡∏ö‡∏ù‡∏≤‡∏ö‡πà‡∏≠‡πÅ‡∏ï‡∏Å‡∏Ñ‡∏£‡∏±‡∏ö‡∏ï‡πâ‡∏≠‡∏á‡πÉ‡∏´‡πâ‡∏£‡∏±‡∏ö‡∏ú‡∏¥‡∏î‡∏ä‡∏≠‡∏ö‡∏ã‡πà‡∏≠‡∏°‡∏ù‡∏≤‡∏ö‡πà‡∏≠‡∏î‡πâ‡∏ß‡∏¢‡∏Ñ‡∏£‡∏±‡∏ö‡πÅ‡∏•‡∏∞‡∏Ñ‡∏ß‡∏£‡∏≠‡∏≠‡∏Å‡πÉ‡∏ö‡∏™‡∏±‡πà‡∏á‡∏î‡πâ‡∏ß‡∏¢‡∏Ç‡∏≠‡∏á‡∏ó‡∏≤‡∏á‡πÄ‡∏ó‡∏®‡∏™‡∏∞‡∏Å‡∏¥‡∏î‡πÄ‡∏û‡∏£‡∏≤‡∏∞‡πÄ‡∏õ‡πá‡∏ô‡∏û‡∏∑‡πâ‡∏ô‡∏ó‡∏µ‡πà‡∏Ç‡∏≠‡∏á‡∏Å‡∏ó‡∏°. ‡∏Å‡πá‡∏Ñ‡∏∑‡∏≠‡∏ü‡∏∏‡∏ï‡∏ö‡∏≤‡∏ó‡πÑ‡∏°‡πà‡πÉ‡∏ä‡πà‡∏ñ‡∏ô‡∏ô,140,5,7,23,11,2024,100.59814,13.73626,12.46195016349537
,unknown,‡∏ö‡∏≤‡∏á‡∏£‡∏±‡∏Å,‡∏™‡∏∏‡∏£‡∏¥‡∏¢‡∏ß‡∏á‡∏®‡πå,‡∏Å‡∏£‡∏∏‡∏á‡πÄ‡∏ó‡∏û‡∏°‡∏´‡∏≤‡∏ô‡∏Ñ‡∏£,low,,0,0,11,8,1,2024,100.52283,13.72462,90.06795582402778
2024-AYGGDZ,cleaning,‡∏ß‡∏±‡∏í‡∏ô‡∏≤,‡∏û‡∏£‡∏∞‡πÇ‡∏Ç‡∏ô‡∏á‡πÄ‡∏´‡∏ô‡∏∑‡∏≠,‡∏Å‡∏£‡∏∏‡∏á‡πÄ‡∏ó‡∏û‡∏°‡∏´‡∏≤‡∏ô‡∏Ñ‡∏£,mid,‡∏ï‡∏≤‡∏°‡∏ó‡∏µ‡πà‡πÑ‡∏î‡πâ‡πÅ‡∏à‡πâ‡∏á‡∏ú‡πà‡∏≤‡∏ô‡πÑ‡∏•‡∏ô‡πå‡∏ó‡∏£‡∏±‡∏ü‡πÄ‡∏ü‡∏¥‡∏•‡∏ü‡∏≠‡∏á‡∏î‡∏π‡∏Ç‡∏≠‡πÉ‡∏´‡πâ‡πÅ‡∏Å‡πâ‡πÑ‡∏Ç‡∏õ‡∏±‡∏ç‡∏´‡∏≤‡∏Ç‡∏¢‡∏∞‡∏ö‡∏£‡∏¥‡πÄ‡∏ß‡∏ì‡∏Ç‡πâ‡∏≤‡∏á‡∏ö‡πâ‡∏≤‡∏ô‡πÉ‡∏´‡πà‡πâ ‡πÄ‡∏ß‡∏•‡∏≤‡∏ô‡∏µ‡πâ‡πÑ‡∏î‡πâ‡∏£‡∏±‡∏ö‡∏Å‡∏≤‡∏£‡πÅ‡∏Å‡πâ‡πÑ‡∏Ç‡πÅ‡∏•‡πâ‡∏ß ‡∏ï‡πâ‡∏≠‡∏á‡∏Ç‡∏≠‡∏Ç‡∏≠‡∏ö‡∏Ñ‡∏∏‡∏ì‡∏ó‡∏∏‡∏Å‡∏´‡∏ô‡πà‡∏ß‡∏¢‡∏á‡∏≤‡∏ô‡∏ó‡∏µ‡πà‡πÄ‡∏Å‡∏µ‡πà‡∏¢‡∏ß‡∏Ç‡πâ‡∏≠‡∏á‡∏ó‡∏µ‡πà‡∏ó‡∏≥‡πÉ‡∏´‡πâ‡∏û‡∏ß‡∏Å‡πÄ‡∏£‡∏≤‡∏°‡∏µ‡∏™‡∏¥‡πà‡∏á‡πÅ‡∏ß‡∏î‡∏•‡πâ‡∏≠‡∏°‡∏ó‡∏µ‡πà‡∏î‡∏µ ‡∏™‡∏ß‡∏¢‡∏á‡∏≤‡∏° ‡∏´‡∏•‡∏±‡∏á‡∏à‡∏≤‡∏Å‡∏ó‡∏µ‡πà‡∏ï‡πâ‡∏≠‡∏á‡∏≠‡∏¢‡∏π‡πà‡∏Å‡∏±‡∏ö‡∏Ç‡∏¢‡∏∞‡∏°‡∏≤‡∏ô‡∏≤‡∏ô‡∏´‡∏•‡∏≤‡∏¢‡∏™‡∏¥‡∏ö‡∏õ‡∏µ‡πÅ‡∏•‡πâ‡∏ß##‡∏£‡∏∞‡∏´‡∏ß‡πà‡∏≤‡∏á‡πÄ‡∏ß‡∏•‡∏≤‡∏ó‡∏µ‡πà‡πÄ‡∏£‡πà‡∏á‡∏£‡∏±‡∏î‡πÉ‡∏´‡πâ‡∏ä‡πà‡∏ß‡∏¢‡πÅ‡∏Å‡πâ‡πÑ‡∏Ç‡∏õ‡∏±‡∏ç‡∏´‡∏≤‡∏£‡∏µ‡∏ö‡∏î‡πà‡∏ß‡∏ô‡∏ô‡∏±‡πâ‡∏ô ‡πÑ‡∏î‡πâ‡πÉ‡∏ä‡πâ‡∏™‡∏≤‡∏¢‡∏î‡πà‡∏ß‡∏ô1550‡∏Ç‡∏≠‡∏á‡∏Å‡∏ó‡∏°‡πÉ‡∏´‡πâ‡∏ä‡πà‡∏ß‡∏¢‡∏ï‡∏¥‡∏î‡∏ï‡∏≤‡∏°‡πÄ‡∏£‡πà‡∏á‡∏£‡∏±‡∏î‡πÉ‡∏´‡πâ‡∏î‡πâ‡∏ß‡∏¢##‡∏õ‡∏£‡∏≤‡∏Å‡∏é‡∏ß‡πà‡∏≤‡∏ô‡∏±‡∏ö‡∏ï‡∏±‡πâ‡∏á‡πÅ‡∏ï‡πà‡∏ô‡∏±‡πâ‡∏ô‡∏°‡∏≤ ‡∏ï‡∏≤‡∏°‡∏´‡∏°‡∏≤‡∏¢‡πÄ‡∏•‡∏Ç‡πÇ‡∏ó‡∏£‡∏®‡∏±‡∏û‡∏ó‡πå‡∏ó‡∏µ‡πà‡πÉ‡∏ä‡πâ‡∏Ñ‡∏∑‡∏≠086-033-0976 ‡πÑ‡∏°‡πà‡∏™‡∏≤‡∏°‡∏≤‡∏£‡∏ñ‡πÉ‡∏ä‡πâ‡πÇ‡∏ó‡∏£1550‡πÑ‡∏î‡πâ‡∏≠‡∏µ‡∏Å‡πÄ‡∏•‡∏¢ ‡πÉ‡∏ä‡πà‡πÄ‡∏õ‡πá‡∏ô‡πÄ‡∏û‡∏£‡∏≤‡∏∞‡∏ñ‡∏π‡∏Å‡∏ö‡∏•‡πá‡∏≠‡∏Å‡∏Å‡∏≤‡∏£‡πÇ‡∏ó‡∏£‡πÄ‡∏Ç‡πâ‡∏≤1550‡∏´‡∏£‡∏∑‡∏≠‡πÑ‡∏°‡πà‡∏≠‡∏¢‡πà‡∏≤‡∏á‡πÑ‡∏£? ##‡∏Ç‡∏≠‡πÉ‡∏´‡πâ‡πÅ‡∏Å‡πâ‡πÑ‡∏Ç‡πÉ‡∏´‡πâ‡πÉ‡∏ä‡πâ‡∏á‡∏≤‡∏ô1550‡πÑ‡∏î‡πâ‡∏≠‡∏µ‡∏Å##,496,1,3,22,10,2024,100.58931,13.71948,11.866649166648148
2024-GNWYLA,road,‡∏ö‡∏≤‡∏á‡∏û‡∏•‡∏±‡∏î,‡∏ö‡∏≤‡∏á‡∏ö‡∏≥‡∏´‡∏£‡∏∏,‡∏Å‡∏£‡∏∏‡∏á‡πÄ‡∏ó‡∏û‡∏°‡∏´‡∏≤‡∏ô‡∏Ñ‡∏£,high,‡πÅ‡∏à‡πâ‡∏á‡πÄ‡∏Ç‡∏ï‡∏ä‡πà‡∏ß‡∏¢‡∏°‡∏≤‡∏ï‡∏£‡∏ß‡∏à‡∏™‡∏≠‡∏ö ‡∏™‡∏≥‡∏£‡∏ß‡∏à ‡πÉ‡∏ô‡∏ã‡∏≠‡∏¢‡∏à‡∏£‡∏±‡∏ç 65  ‡∏ï‡∏±‡πâ‡∏á‡πÅ‡∏ï‡πà‡πÅ‡∏¢‡∏Å 1  ‡∏ñ‡∏∂‡∏á ‡πÅ‡∏¢‡∏Å 12  ‡∏û‡∏∑‡πâ‡∏ô‡∏ó‡∏≤‡∏á‡πÄ‡∏î‡∏¥‡∏ô‡∏ñ‡∏ô‡∏ô‡∏ï‡∏£‡∏á‡πÑ‡∏´‡∏•‡πà‡∏ó‡∏≤‡∏á‡∏ó‡∏±‡πâ‡∏á‡∏™‡∏≠‡∏á‡∏Ç‡πâ‡∏≤‡∏á‡∏ñ‡∏ô‡∏ô‡∏ã‡πâ‡∏≤‡∏¢‡∏Ç‡∏ß‡∏≤ ‡∏ä‡∏≥‡∏£‡∏∏‡∏î ‡πÅ‡∏ï‡∏Å ‡∏Å‡∏£‡πà‡∏≠‡∏ô ‡∏£‡πà‡∏≠‡∏ô ‡πÄ‡∏õ‡πá‡∏ô‡∏Å‡πâ‡∏≠‡∏ô‡πÜ   ‡πÅ‡∏•‡∏∞‡∏°‡∏µ‡πÇ‡∏û‡∏£‡∏á‡πÄ‡∏õ‡πá‡∏ô‡∏ö‡πà‡∏≠ ‡∏´‡∏•‡∏∏‡∏° ‡∏ä‡πà‡∏ß‡∏¢‡πÄ‡∏Ç‡πâ‡∏≤‡∏°‡∏≤‡∏î‡∏≥‡πÄ‡∏ô‡∏¥‡∏ô‡∏Å‡∏≤‡∏£‡πÄ‡∏ó‡∏¢‡∏≤‡∏ß‡πÉ‡∏´‡πâ‡πÄ‡∏£‡∏µ‡∏¢‡∏ö‡πÄ‡∏™‡∏°‡∏≠‡∏ï‡∏•‡∏≠‡∏î‡πÄ‡∏™‡πâ‡∏ô ‡∏ã‡∏∂‡πà‡∏á‡∏ã‡∏≠‡∏¢‡∏ô‡∏µ‡πâ‡∏Ñ‡∏ô‡πÄ‡∏î‡∏¥‡∏ô‡∏Å‡πá‡πÄ‡∏¢‡∏≠‡∏∞ ‡∏£‡∏ñ‡∏ß‡∏¥‡πà‡∏á‡∏™‡∏ß‡∏ô‡∏ó‡∏≤‡∏á‡∏Å‡πá‡πÄ‡∏¢‡∏≠‡∏∞ ‡πÄ‡∏Ç‡πâ‡∏≤‡∏≠‡∏≠‡∏Å ‡∏°‡∏µ‡πÄ‡∏î‡πá‡∏Å ‡∏ú‡∏π‡πâ‡∏™‡∏π‡∏á‡∏≠‡∏≤‡∏¢‡∏∏‡∏´‡∏£‡∏∑‡∏≠‡∏Ñ‡∏ô‡∏ó‡∏µ‡πà‡πÄ‡∏î‡∏¥‡∏ô‡πÑ‡∏°‡πà‡πÑ‡∏î‡πâ‡∏°‡∏≠‡∏á ‡∏ï‡∏Å‡∏´‡∏•‡πà‡∏ô‡πÑ‡∏õ ‡∏´‡∏£‡∏∑‡∏≠‡∏™‡∏∞‡∏î‡∏∏‡∏î‡∏´‡∏Å‡∏•‡πâ‡∏°‡∏≠‡∏±‡∏ô‡∏ï‡∏£‡∏≤‡∏¢‡∏°‡∏≤‡∏Å  ‡∏ó‡πà‡∏≠‡πÑ‡∏´‡∏ô‡∏¢‡∏∏‡∏ö‡∏•‡∏á‡πÑ‡∏õ ‡∏Å‡πá‡∏ä‡πà‡∏ß‡∏¢‡∏á‡∏±‡∏î‡∏Ç‡∏∂‡πâ‡∏ô‡∏°‡∏≤ ‡∏ä‡πà‡∏ß‡∏¢‡πÄ‡∏Ç‡πâ‡∏≤‡∏°‡∏≤‡πÄ‡∏ó‡∏û‡∏∑‡πâ‡∏ô‡πÉ‡∏ô‡∏ã‡∏≠‡∏¢‡πÉ‡∏´‡πâ‡πÄ‡∏£‡∏µ‡∏¢‡∏ö‡πÄ‡∏™‡∏°‡∏≠ ‡πÄ‡∏û‡∏∑‡πà‡∏≠‡∏Ñ‡∏ß‡∏≤‡∏°‡∏õ‡∏•‡∏≠‡∏î‡∏†‡∏±‡∏¢,418,6,0,8,12,2024,100.49062,13.78322,12.46195016349537
2025-LP2N3L,road,‡∏ß‡∏±‡∏í‡∏ô‡∏≤,‡∏Ñ‡∏•‡∏≠‡∏á‡πÄ‡∏ï‡∏¢‡πÄ‡∏´‡∏ô‡∏∑‡∏≠,‡∏Å‡∏£‡∏∏‡∏á‡πÄ‡∏ó‡∏û‡∏°‡∏´‡∏≤‡∏ô‡∏Ñ‡∏£,high,‡∏£‡πâ‡∏≤‡∏ô‡∏ï‡∏±‡πâ‡∏á‡∏´‡∏ô‡πâ‡∏≤‡∏£‡πâ‡∏≤‡∏ô‡∏ñ‡∏≤‡∏ß‡∏£‡∏ö‡∏ô‡∏ó‡∏≤‡∏á‡πÄ‡∏ó‡πâ‡∏≤ ‡∏û‡∏≠‡πÄ‡∏õ‡∏¥‡∏î‡∏£‡πâ‡∏≤‡∏ô‡∏ä‡πà‡∏ß‡∏á‡πÄ‡∏¢‡πá‡∏ô‡∏Å‡πá‡∏ï‡∏±‡πâ‡∏á‡πÇ‡∏ï‡πä‡∏∞‡πÄ‡∏Å‡πâ‡∏≤‡∏≠‡∏µ‡πâ‡πÄ‡∏û‡∏¥‡πà‡∏°‡∏ö‡∏ô‡∏ó‡∏≤‡∏á‡πÄ‡∏ó‡πâ‡∏≤‡∏à‡∏ô‡πÑ‡∏°‡πà‡∏°‡∏µ‡∏ó‡∏≤‡∏á‡πÄ‡∏î‡∏¥‡∏ô,93,1,0,7,1,2025,100.56402,13.73868,12.46195016349537
2024-KWD6LB,road,‡∏û‡∏£‡∏∞‡πÇ‡∏Ç‡∏ô‡∏á,‡∏ö‡∏≤‡∏á‡∏à‡∏≤‡∏Å,‡∏Å‡∏£‡∏∏‡∏á‡πÄ‡∏ó‡∏û‡∏°‡∏´‡∏≤‡∏ô‡∏Ñ‡∏£,high,‡∏ñ‡∏ô‡∏ô‡∏™‡∏∏‡∏Ç‡∏∏‡∏°‡∏ß‡∏¥‡∏ó‡∏ä‡πà‡∏ß‡∏á‡∏ö‡∏≤‡∏á‡∏à‡∏≤‡∏Å‡∏ñ‡∏∂‡∏á‡∏õ‡∏∏‡∏ì‡∏ì‡∏ß‡∏¥‡∏ñ‡∏µ ‡πÑ‡∏î‡πâ‡∏Å‡∏•‡∏¥‡πà‡∏ô‡∏Ç‡∏¢‡∏∞‡πÄ‡∏õ‡∏µ‡∏¢‡∏Å‡πÄ‡∏´‡∏°‡πá‡∏ô‡πÄ‡∏´‡∏°‡∏∑‡∏≠‡∏ô‡∏£‡∏ñ‡∏Ç‡∏¢‡∏∞‡∏Ñ‡∏ß‡πà‡∏≥ ‡∏Å‡∏•‡∏¥‡πà‡∏ô‡πÅ‡∏£‡∏á‡∏°‡∏≤‡∏Å‡∏ï‡∏≠‡∏ô‡∏Ñ‡πà‡∏≥‡πÜ‡∏î‡∏∂‡∏Å‡πÜ‡∏Å‡∏•‡∏¥‡πà‡∏ô‡∏ä‡∏±‡∏î ‡∏ä‡πà‡∏ß‡∏á‡∏ô‡∏µ‡πâ‡πÑ‡∏î‡πâ‡∏Å‡∏•‡∏¥‡πà‡∏ô‡∏ó‡∏∏‡∏Å‡∏ß‡∏±‡∏ô‡πÄ‡∏•‡∏¢‡∏Ñ‡πà‡∏∞ ‡πÑ‡∏°‡πà‡πÅ‡∏ô‡πà‡πÉ‡∏à‡πÄ‡∏Å‡∏¥‡∏î‡∏õ‡∏±‡∏ç‡∏´‡∏≤‡∏≠‡∏∞‡πÑ‡∏£ ‡∏ù‡∏≤‡∏Å‡πÅ‡∏Å‡πâ‡πÑ‡∏Ç‡∏î‡πâ‡∏ß‡∏¢‡∏ô‡∏∞‡∏Ñ‡∏∞,167,3,14,12,12,2024,100.6092,13.68938,12.46195016349537
2025-84T6EM,road,‡∏£‡∏≤‡∏ä‡πÄ‡∏ó‡∏ß‡∏µ,‡∏ñ‡∏ô‡∏ô‡πÄ‡∏û‡∏ä‡∏£‡∏ö‡∏∏‡∏£‡∏µ,‡∏Å‡∏£‡∏∏‡∏á‡πÄ‡∏ó‡∏û‡∏°‡∏´‡∏≤‡∏ô‡∏Ñ‡∏£,high,‡∏Å‡∏¥‡πà‡∏á‡πÑ‡∏°‡πâ‡∏¢‡∏∑‡πà‡∏ô‡∏ö‡∏±‡∏á‡πÄ‡∏™‡∏≤‡πÑ‡∏ü‡πÅ‡∏•‡∏∞‡πÉ‡∏ö‡πÑ‡∏°‡πâ‡∏£‡πà‡∏ß‡∏á‡∏•‡∏á‡∏ó‡∏≤‡∏á‡πÄ‡∏î‡∏¥‡∏ô‡πÅ‡∏•‡∏∞‡∏û‡∏∑‡πâ‡∏ô‡∏ó‡∏µ‡πà‡∏£‡∏≠‡∏ö‡πÜ,54,1,9,14,1,2025,100.52094,13.75561,12.46195016349537
VHC8LW,road,‡∏û‡∏£‡∏∞‡∏ô‡∏Ñ‡∏£,‡∏ö‡∏ß‡∏£‡∏ô‡∏¥‡πÄ‡∏ß‡∏®,‡∏Å‡∏£‡∏∏‡∏á‡πÄ‡∏ó‡∏û‡∏°‡∏´‡∏≤‡∏ô‡∏Ñ‡∏£,high,"‡∏õ‡∏±‡∏ç‡∏´‡∏≤: ‡πÄ‡∏ö‡∏™‡∏ó‡πå ‡∏ö‡∏ô‡∏ñ‡∏ô‡∏ô‡∏î‡∏±‡∏á‡∏Å‡∏•‡πà‡∏≤‡∏ß ‡∏ä‡πà‡∏ß‡∏á‡∏à‡∏∏‡∏î‡∏ï‡∏±‡∏î‡∏Å‡∏±‡∏ö‡∏ñ‡∏ô‡∏ô‡∏ï‡∏∞‡∏ô‡∏≤‡∏ß ‡πÉ‡∏Å‡∏•‡πâ‡∏õ‡πâ‡∏≠‡∏°‡∏ï‡∏≥‡∏£‡∏ß‡∏à‡∏à‡∏£‡∏≤‡∏à‡∏£ ‡∏ù‡∏±‡πà‡∏á‡∏°‡∏∏‡πà‡∏á‡∏´‡∏ô‡πâ‡∏≤‡πÑ‡∏õ‡∏≠‡∏ô‡∏∏‡πÄ‡∏™‡∏≤‡∏ß‡∏£‡∏µ‡∏¢‡πå‡∏õ‡∏£‡∏∞‡∏ä‡∏≤‡∏ò‡∏¥‡∏õ‡πÑ‡∏ï‡∏¢ ‡∏û‡∏ö‡∏ù‡∏≤‡∏ó‡πà‡∏≠‡∏£‡∏∞‡∏ö‡∏≤‡∏¢‡∏ô‡πâ‡∏≥(‡∏•‡∏±‡∏Å‡∏©‡∏ì‡∏∞‡∏ù‡∏≤‡∏ï‡∏∞‡πÅ‡∏Å‡∏£‡∏á‡πÄ‡∏´‡∏•‡πá‡∏Å‡∏™‡∏µ‡πà‡πÄ‡∏´‡∏•‡∏µ‡πà‡∏¢‡∏°)‡∏ä‡∏≥‡∏£‡∏∏‡∏î‡πÄ‡∏õ‡∏¥‡∏î‡πÄ‡∏ú‡∏¢‡∏≠‡πÄ‡∏´‡∏ô‡∏∑‡∏≠‡∏ú‡∏¥‡∏ß‡∏Å‡∏≤‡∏£‡∏à‡∏£‡∏≤‡∏à‡∏£ ‡∏à‡∏≥‡∏ô‡∏ß‡∏ô 1 ‡∏ù‡∏≤ ‡∏ö‡∏ô‡∏ú‡∏¥‡∏ß‡∏Å‡∏≤‡∏£‡∏à‡∏£‡∏≤‡∏à‡∏£
‡∏ñ‡∏ô‡∏ô: ‡∏£‡∏≤‡∏ä‡∏î‡∏≥‡πÄ‡∏ô‡∏¥‡∏ô‡∏Å‡∏•‡∏≤‡∏á
‡πÄ‡∏Ç‡∏ï: ‡∏û‡∏£‡∏∞‡∏ô‡∏Ñ‡∏£
#1555",243,6,11,7,1,2024,100.49899,13.75719,12.46195016349537
2024-K4HEZY,road,‡∏ß‡∏±‡∏í‡∏ô‡∏≤,‡∏Ñ‡∏•‡∏≠‡∏á‡∏ï‡∏±‡∏ô‡πÄ‡∏´‡∏ô‡∏∑‡∏≠,‡∏Å‡∏£‡∏∏‡∏á‡πÄ‡∏ó‡∏û‡∏°‡∏´‡∏≤‡∏ô‡∏Ñ‡∏£,high,‡∏õ‡πâ‡∏≤‡∏¢‡∏Å‡∏µ‡∏î‡∏Ç‡∏ß‡∏≤‡∏á‡∏ó‡∏≤‡∏á‡πÄ‡∏î‡∏¥‡∏ô ‡πÅ‡∏•‡∏∞‡∏ö‡∏±‡∏á‡∏°‡∏∏‡∏°‡∏°‡∏≠‡∏á‡∏£‡∏ñ‡∏≠‡∏≠‡∏Å‡∏à‡∏≤‡∏Å‡∏ã‡∏≠‡∏¢,42,3,2,26,12,2024,100.5741,13.73658,12.46195016349537
2024-DMKEAE,lighting,‡∏û‡∏ç‡∏≤‡πÑ‡∏ó,‡∏™‡∏≤‡∏°‡πÄ‡∏™‡∏ô‡πÉ‡∏ô,‡∏Å‡∏£‡∏∏‡∏á‡πÄ‡∏ó‡∏û‡∏°‡∏´‡∏≤‡∏ô‡∏Ñ‡∏£,high,‡πÅ‡∏ó‡πä‡∏Å‡∏ã‡∏µ‡πà‡πÄ‡∏õ‡∏¥‡∏î‡πÑ‡∏ü‡∏ß‡πà‡∏≤‡∏á‡πÑ‡∏°‡πà‡∏£‡∏±‡∏ö ‡∏ú‡∏î‡∏™,27,3,13,8,2,2024,100.54015,13.79149,73.68319893052893
2024-GC42LQ,safety,‡∏Ñ‡∏•‡∏≠‡∏á‡∏™‡∏≤‡∏ô,‡∏Ñ‡∏•‡∏≠‡∏á‡∏ï‡πâ‡∏ô‡πÑ‡∏ó‡∏£,‡∏Å‡∏£‡∏∏‡∏á‡πÄ‡∏ó‡∏û‡∏°‡∏´‡∏≤‡∏ô‡∏Ñ‡∏£,high,‡πÇ‡∏õ‡πä‡∏∞‡πÄ‡∏£‡∏∑‡∏≠‡∏ä‡∏≥‡∏£‡∏∏‡∏î ‡∏°‡∏µ‡∏ô‡πâ‡∏≥‡∏£‡∏±‡πà‡∏ß‡πÄ‡∏Ç‡πâ‡∏≤‡∏î‡πâ‡∏≤‡∏ô‡πÉ‡∏ô‡πÇ‡∏õ‡πä‡∏∞ ‡∏£‡∏ö‡∏Å‡∏ß‡∏ô‡∏ï‡∏£‡∏ß‡∏à‡∏™‡∏≠‡∏ö‡∏î‡πâ‡∏ß‡∏¢‡∏Ñ‡∏£‡∏±‡∏ö ‡πÄ‡∏Å‡∏£‡∏á‡∏ß‡πà‡∏≤‡∏à‡∏∞‡πÄ‡∏Å‡∏¥‡∏ô‡∏≠‡∏±‡∏ô‡∏ï‡∏£‡∏≤‡∏¢ ‡∏ï‡πà‡∏≠‡πÄ‡∏î‡πá‡∏Å‡πÅ‡∏•‡∏∞‡∏õ‡∏£‡∏∞‡∏ä‡∏≤‡∏ä‡∏ô ‡∏ã‡∏≠‡∏¢‡πÄ‡∏à‡∏£‡∏¥‡∏ç‡∏ô‡∏Ñ‡∏£ 7 (‡∏°‡∏±‡∏™‡∏¢‡∏¥‡∏î‡∏™‡∏∏‡∏ß‡∏£‡∏£‡∏ì‡∏†‡∏π‡∏°‡∏¥),130,2,8,21,8,2024,100.51188,13.72484,14.08306067712731
2024-79XQXA,road,‡∏ö‡∏≤‡∏á‡∏û‡∏•‡∏±‡∏î,‡∏ö‡∏≤‡∏á‡∏ö‡∏≥‡∏´‡∏£‡∏∏,‡∏Å‡∏£‡∏∏‡∏á‡πÄ‡∏ó‡∏û‡∏°‡∏´‡∏≤‡∏ô‡∏Ñ‡∏£,high,‡∏≠‡∏¢‡∏∏‡πà‡πÄ‡∏´‡∏°‡∏∑‡∏≠‡∏ô‡πÄ‡∏î‡∏¥‡∏°‡∏ó‡∏µ‡πà‡πÄ‡∏î‡∏¥‡∏° ‡∏Ç‡∏µ‡πâ ‡πÄ‡∏¢‡∏µ‡πà‡∏¢‡∏ß ‡∏Å‡∏¥‡∏ô‡πÄ‡∏´‡∏•‡πâ‡∏≤ ‡πÄ‡∏´‡∏°‡∏∑‡∏≠‡∏ô‡πÄ‡∏î‡∏¥‡∏°,52,6,12,14,1,2024,100.48729,13.78002,12.46195016349537
2024-8KBF62,noise,‡∏ö‡∏≤‡∏á‡∏ö‡∏≠‡∏ô,‡∏ö‡∏≤‡∏á‡∏ö‡∏≠‡∏ô‡πÉ‡∏ï‡πâ,‡∏Å‡∏£‡∏∏‡∏á‡πÄ‡∏ó‡∏û‡∏°‡∏´‡∏≤‡∏ô‡∏Ñ‡∏£,mid,‡∏Ç‡∏≠‡πÅ‡∏à‡πâ‡∏á‡πÄ‡∏£‡∏∑‡πà‡∏≠‡∏á‡πÄ‡∏î‡∏¥‡∏°‡πÄ‡∏õ‡πá‡∏ô‡∏Ñ‡∏£‡∏±‡πâ‡∏á‡∏ó‡∏µ‡πà2 ‡πÄ‡∏£‡∏∑‡πà‡∏≠‡∏á‡∏´‡πâ‡∏≠‡∏á‡∏≠‡∏≤‡∏ö‡∏ô‡πâ‡∏≥‡∏ä‡∏≤‡∏¢‡∏ó‡∏µ‡πà‡πÑ‡∏°‡πà‡∏™‡∏≤‡∏°‡∏≤‡∏£‡∏ñ‡πÉ‡∏ä‡πâ‡∏á‡∏≤‡∏ô‡πÑ‡∏î‡πâ ‡πÅ‡∏•‡∏∞‡πÉ‡∏ä‡πâ‡πÑ‡∏°‡πà‡πÑ‡∏î‡πâ‡∏°‡∏≤‡∏ô‡∏≤‡∏ô‡πÅ‡∏•‡πâ‡∏ß ‡∏ó‡∏∏‡∏Å‡∏≠‡∏¢‡πà‡∏≤‡∏á‡∏¢‡∏±‡∏á‡∏ô‡∏¥‡πà‡∏á‡πÄ‡∏´‡∏°‡∏∑‡∏≠‡∏ô‡πÄ‡∏î‡∏¥‡∏°‡∏Ñ‡∏£‡∏±‡∏ö ‡∏ï‡∏¥‡∏î‡∏ó‡∏µ‡πà‡∏´‡∏ô‡πà‡∏ß‡∏¢‡∏á‡∏≤‡∏ô‡πÄ‡∏î‡∏µ‡∏¢‡∏ß‡∏Ñ‡∏∑‡∏≠ '‡∏Å‡∏≤‡∏£‡∏õ‡∏£‡∏∞‡∏õ‡∏≤' ‡∏≠‡∏¢‡∏≤‡∏Å‡πÉ‡∏´‡πâ‡∏ú‡∏π‡πâ‡∏°‡∏µ‡∏≠‡∏≥‡∏ô‡∏≤‡∏à‡∏ä‡πà‡∏ß‡∏¢‡∏Å‡∏£‡∏∞‡∏ï‡∏∏‡πâ‡∏ô‡πÄ‡∏ï‡∏∑‡∏≠‡∏ô‡∏´‡∏ô‡πà‡∏ß‡∏¢‡∏á‡∏≤‡∏ô‡∏ô‡∏µ‡πâ‡∏î‡πâ‡∏ß‡∏¢‡∏Ñ‡∏£‡∏±‡∏ö ‡∏Ç‡∏≠‡∏ö‡∏Ñ‡∏∏‡∏ì‡∏Ñ‡∏£‡∏±‡∏ö,220,1,10,15,10,2024,100.39644,13.64449,28.791555815460676
2024-7WNK4M,road,‡∏™‡∏≤‡∏¢‡πÑ‡∏´‡∏°,‡∏™‡∏≤‡∏¢‡πÑ‡∏´‡∏°,‡∏Å‡∏£‡∏∏‡∏á‡πÄ‡∏ó‡∏û‡∏°‡∏´‡∏≤‡∏ô‡∏Ñ‡∏£,high,‡∏ñ‡∏ô‡∏ô‡πÅ‡∏•‡∏∞‡∏ü‡∏∏‡∏ï‡∏ö‡∏≤‡∏•‡∏ä‡∏≥‡∏£‡∏∏‡∏î‡πÄ‡∏õ‡πá‡∏ô‡∏´‡∏•‡∏∏‡∏°‡∏Ç‡∏ô‡∏≤‡∏î‡∏Å‡∏ß‡πâ‡∏≤‡∏á‡πÅ‡∏•‡∏∞‡∏ü‡∏∏‡∏ï‡∏ö‡∏≤‡∏ó‡πÄ‡∏õ‡πá‡∏ô‡∏´‡∏•‡∏∏‡∏°‡πÉ‡∏´‡∏ç‡πà,55,0,23,30,9,2024,100.62301,13.9479,12.46195016349537
YRND8V,cleaning,‡∏™‡∏∞‡∏û‡∏≤‡∏ô‡∏™‡∏π‡∏á,‡∏™‡∏∞‡∏û‡∏≤‡∏ô‡∏™‡∏π‡∏á,‡∏Å‡∏£‡∏∏‡∏á‡πÄ‡∏ó‡∏û‡∏°‡∏´‡∏≤‡∏ô‡∏Ñ‡∏£,mid,"‡∏õ‡∏±‡∏ç‡∏´‡∏≤: ‡∏õ‡∏≤‡∏Å‡∏ã‡∏≠‡∏¢‡∏î‡∏±‡∏á‡∏Å‡∏•‡πà‡∏≤‡∏ß ‡πÄ‡∏•‡∏ô‡∏Ç‡∏ß‡∏≤‡∏™‡∏∏‡∏î ‡∏ö‡∏£‡∏¥‡πÄ‡∏ß‡∏ì‡πÑ‡∏ã‡∏ï‡πå‡∏á‡∏≤‡∏ô‡∏Å‡πà‡∏≠‡∏™‡∏£‡πâ‡∏≤‡∏á‡∏£‡∏ñ‡πÑ‡∏ü‡∏ü‡πâ‡∏≤ ‡∏û‡∏ö‡∏°‡∏µ‡∏ô‡πâ‡∏≥‡πÑ‡∏´‡∏•‡∏•‡∏á‡∏°‡∏≤‡∏ö‡∏ô‡∏ú‡∏¥‡∏ß‡∏Å‡∏≤‡∏£‡∏à‡∏£‡∏≤‡∏à‡∏£‡∏î‡πâ‡∏≤‡∏ô‡∏•‡πà‡∏≤‡∏á ‡πÄ‡∏õ‡πá‡∏ô‡∏à‡∏≥‡∏ô‡∏ß‡∏ô‡∏°‡∏≤‡∏Å ‡∏ó‡∏≥‡πÉ‡∏´‡πâ‡∏ú‡∏¥‡∏ß‡∏Å‡∏≤‡∏£‡∏à‡∏£‡∏≤‡∏à‡∏£‡∏•‡∏∑‡πà‡∏ô ‡πÄ‡∏Å‡∏£‡∏á‡∏≠‡∏≤‡∏à‡πÄ‡∏õ‡πá‡∏ô‡∏≠‡∏±‡∏ô‡∏ï‡∏£‡∏≤‡∏¢‡∏Å‡∏±‡∏ö‡∏£‡∏ñ‡∏ó‡∏µ‡πà‡∏™‡∏±‡∏ç‡∏à‡∏£‡∏ú‡πà‡∏≤‡∏ô‡πÑ‡∏õ-‡∏°‡∏≤

‡∏´‡∏°‡∏≤‡∏¢‡πÄ‡∏´‡∏ï‡∏∏ ‡∏®‡∏π‡∏ô‡∏¢‡πå‡∏Å‡∏ó‡∏°.1555 ‡πÇ‡∏ó‡∏£‡∏õ‡∏£‡∏∞‡∏™‡∏≤‡∏ô‡∏™‡∏≥‡∏ô‡∏±‡∏Å‡∏á‡∏≤‡∏ô‡πÄ‡∏Ç‡∏ï‡∏™‡∏∞‡∏û‡∏≤‡∏ô‡∏™‡∏π‡∏á ‡∏ù‡πà‡∏≤‡∏¢‡∏£‡∏±‡∏Å‡∏©‡∏≤‡∏Ñ‡∏ß‡∏≤‡∏°‡∏™‡∏∞‡∏≠‡∏≤‡∏î‡πÅ‡∏•‡∏∞‡∏™‡∏ß‡∏ô‡∏™‡∏≤‡∏ò‡∏≤‡∏£‡∏ì‡∏∞ ‡∏´‡∏°‡∏≤‡∏¢‡πÄ‡∏•‡∏Ç  023722918 ‡πÄ‡∏à‡πâ‡∏≤‡∏´‡∏ô‡πâ‡∏≤‡∏ó‡∏µ‡πà‡∏Ñ‡∏∏‡∏ì‡∏™‡∏ñ‡∏≤‡∏û‡∏£ ‡∏£‡∏±‡∏ö‡πÄ‡∏£‡∏∑‡πà‡∏≠‡∏á‡∏õ‡∏£‡∏∞‡∏™‡∏≤‡∏ô‡πÅ‡∏à‡πâ‡∏á‡∏´‡∏±‡∏ß‡∏´‡∏ô‡πâ‡∏≤‡∏á‡∏≤‡∏ô‡πÉ‡∏´‡πâ ‡πÄ‡∏°‡∏∑‡πà‡∏≠‡∏ß‡∏±‡∏ô‡∏ó‡∏µ‡πà  2/4/2024 ‡πÄ‡∏ß‡∏•‡∏≤  10:09:16  (‡∏ò‡∏¥‡∏î‡∏≤‡∏£‡∏±‡∏ï‡∏ô‡πå/‡∏õ‡∏£‡∏∞‡∏™‡∏≤‡∏ô)
‡∏ã‡∏≠‡∏¢: ‡∏£‡∏≤‡∏°‡∏Ñ‡∏≥‡πÅ‡∏´‡∏á 140
‡∏ñ‡∏ô‡∏ô: ‡∏£‡∏≤‡∏°‡∏Ñ‡∏≥‡πÅ‡∏´‡∏á
‡πÄ‡∏Ç‡∏ï: ‡∏™‡∏∞‡∏û‡∏≤‡∏ô‡∏™‡∏π‡∏á
#1555",438,1,3,2,4,2024,100.68874,13.7848,11.866649166648148
2024-CBGWUQ,unknown,‡∏•‡∏≤‡∏î‡∏Å‡∏£‡∏∞‡∏ö‡∏±‡∏á,‡∏•‡∏≤‡∏î‡∏Å‡∏£‡∏∞‡∏ö‡∏±‡∏á,‡∏Å‡∏£‡∏∏‡∏á‡πÄ‡∏ó‡∏û‡∏°‡∏´‡∏≤‡∏ô‡∏Ñ‡∏£,low,‡∏£‡∏ñ‡∏ü‡∏±‡∏ô‡∏î‡∏≥‡∏°‡∏≤‡∏Å‡∏î‡∏≥‡∏ï‡∏•‡∏≠‡∏î‡πÄ‡∏ß‡∏•‡∏≤‡∏ó‡∏∞‡πÄ‡∏ö‡∏µ‡∏¢‡∏ô‡∏Å‡∏£‡∏∏‡∏á‡πÄ‡∏ó‡∏û‡∏°‡∏´‡∏≤‡∏ô‡∏Ñ‡∏£,40,3,10,17,10,2024,100.7424,13.72215,90.06795582402778
2024-BCW9ND,road,‡∏ö‡∏≤‡∏á‡∏ô‡∏≤,‡∏ö‡∏≤‡∏á‡∏ô‡∏≤‡πÉ‡∏ï‡πâ,‡∏Å‡∏£‡∏∏‡∏á‡πÄ‡∏ó‡∏û‡∏°‡∏´‡∏≤‡∏ô‡∏Ñ‡∏£,high,‡∏ó‡∏≤‡∏á‡πÄ‡∏ó‡πâ‡∏≤‡πÄ‡πÄ‡∏ï‡∏Å‡∏Ç‡∏£‡∏∏‡∏Ç‡∏£‡∏∞‡∏´‡∏¢‡∏∏‡∏ö,21,4,4,14,6,2024,100.6053,13.66156,12.46195016349537
2024-3P9K6X,unknown,‡∏ß‡∏±‡∏á‡∏ó‡∏≠‡∏á‡∏´‡∏•‡∏≤‡∏á,‡∏û‡∏•‡∏±‡∏ö‡∏û‡∏•‡∏≤,‡∏Å‡∏£‡∏∏‡∏á‡πÄ‡∏ó‡∏û‡∏°‡∏´‡∏≤‡∏ô‡∏Ñ‡∏£,low,"‡πÄ‡∏£‡∏∑‡πà‡∏≠‡∏á 2023-9PCGQR ‡∏¢‡∏±‡∏á‡πÑ‡∏°‡πà‡πÑ‡∏î‡πâ‡∏£‡∏±‡∏ö‡∏Å‡∏≤‡∏£‡πÅ‡∏Å‡πâ‡πÑ‡∏Ç
‡πÑ‡∏°‡πà‡∏°‡∏µ‡∏Ñ‡∏ß‡∏≤‡∏°‡∏Ñ‡∏∑‡∏ö‡∏´‡∏ô‡πâ‡∏≤",56,5,3,13,1,2024,100.62241,13.77745,90.06795582402778
2024-GE4TQV,animal,‡∏ö‡∏≤‡∏á‡∏ô‡∏≤,‡∏ö‡∏≤‡∏á‡∏ô‡∏≤‡πÄ‡∏´‡∏ô‡∏∑‡∏≠,‡∏Å‡∏£‡∏∏‡∏á‡πÄ‡∏ó‡∏û‡∏°‡∏´‡∏≤‡∏ô‡∏Ñ‡∏£,low,‡∏°‡∏µ‡∏Ñ‡∏ô‡πÉ‡∏´‡πâ‡∏Ç‡πâ‡∏≤‡∏ß‡∏´‡∏°‡∏≤‡πÅ‡∏•‡πâ‡∏ß‡∏´‡∏°‡∏≤‡∏î‡∏∏‡πÑ‡∏•‡πà‡πÄ‡∏´‡πà‡∏≤‡∏Å‡∏±‡∏î‡∏Ñ‡∏ô‡πÅ‡∏•‡∏∞‡∏™‡∏±‡∏ï‡∏ß‡πå ‡∏´‡∏°‡∏≤‡∏≠‡∏¢‡∏π‡πà‡πÅ‡∏ü‡∏•‡∏ï7 ‡∏ï‡∏±‡∏ß‡∏™‡∏µ‡∏î‡∏≥,64,2,2,11,12,2024,100.6403,13.6615,72.86693309369213
NJE796,road,‡∏ö‡∏≤‡∏á‡∏Å‡∏∞‡∏õ‡∏¥,‡∏Ñ‡∏•‡∏≠‡∏á‡∏à‡∏±‡πà‡∏ô,‡∏Å‡∏£‡∏∏‡∏á‡πÄ‡∏ó‡∏û‡∏°‡∏´‡∏≤‡∏ô‡∏Ñ‡∏£,high,"‡∏õ‡∏±‡∏ç‡∏´‡∏≤: ‡∏ö‡∏£‡∏¥‡πÄ‡∏ß‡∏ì‡∏ñ‡∏ô‡∏ô‡πÉ‡∏ô‡∏ã‡∏≠‡∏¢‡∏î‡∏±‡∏á‡∏Å‡∏•‡πà‡∏≤‡∏ß ‡∏°‡∏µ‡∏Å‡∏≤‡∏£‡∏Ç‡∏∏‡∏î‡πÄ‡∏à‡∏≤‡∏∞‡∏ñ‡∏ô‡∏ô‡πÄ‡∏™‡∏µ‡∏¢‡∏á‡∏î‡∏±‡∏á‡∏ó‡∏±‡πâ‡∏á‡∏Ñ‡∏∑‡∏ô ‡∏û‡∏ö‡πÄ‡∏´‡πá‡∏ô‡∏°‡∏≤1‡∏™‡∏±‡∏õ‡∏î‡∏≤‡∏´‡πå‡πÅ‡∏•‡πâ‡∏ß ‡∏ó‡∏≥‡πÉ‡∏´‡πâ‡∏õ‡∏£‡∏∞‡∏ä‡∏≤‡∏ä‡∏ô‡πÑ‡∏°‡πà‡∏™‡∏≤‡∏°‡∏≤‡∏£‡∏ñ‡∏û‡∏±‡∏Å‡∏ú‡πà‡∏≠‡∏ô‡πÑ‡∏î‡πâ

‡∏ã‡∏≠‡∏¢: ‡πÇ‡∏û‡∏ò‡∏¥‡πå‡πÅ‡∏Å‡πâ‡∏ß 3
‡∏ñ‡∏ô‡∏ô: ‡πÇ‡∏û‡∏ò‡∏¥‡πå‡πÅ‡∏Å‡πâ‡∏ß
‡πÄ‡∏Ç‡∏ï: ‡∏ö‡∏≤‡∏á‡∏Å‡∏∞‡∏õ‡∏¥
#1555",166,3,16,8,2,2024,100.63254,13.80514,12.46195016349537
2024-NXDWVT,unknown,‡∏î‡∏∏‡∏™‡∏¥‡∏ï,‡∏™‡∏µ‡πà‡πÅ‡∏¢‡∏Å‡∏°‡∏´‡∏≤‡∏ô‡∏≤‡∏Ñ,‡∏Å‡∏£‡∏∏‡∏á‡πÄ‡∏ó‡∏û‡∏°‡∏´‡∏≤‡∏ô‡∏Ñ‡∏£,low,‡∏°‡∏µ‡πÄ‡∏´‡∏•‡πá‡∏Å‡∏°‡∏≤‡∏ß‡∏≤‡∏á‡πÑ‡∏ß‡πâ‡∏Å‡∏±‡πâ‡∏ô,19,0,1,24,6,2024,100.51876,13.75582,90.06795582402778
2025-8XCKA4,road,‡∏ò‡∏ô‡∏ö‡∏∏‡∏£‡∏µ,‡∏î‡∏≤‡∏ß‡∏Ñ‡∏∞‡∏ô‡∏≠‡∏á,‡∏Å‡∏£‡∏∏‡∏á‡πÄ‡∏ó‡∏û‡∏°‡∏´‡∏≤‡∏ô‡∏Ñ‡∏£,high,‡∏£‡∏ñ‡∏ï‡∏¥‡∏î‡∏°‡∏≤‡∏Å‡πÄ‡∏ô‡∏∑‡πà‡∏≠‡∏á‡∏à‡∏≤‡∏Å‡∏°‡∏µ‡∏Å‡∏≤‡∏£‡∏Å‡πà‡∏≠‡∏™‡∏£‡πâ‡∏≤‡∏á‡πÅ‡∏•‡∏∞‡πÑ‡∏°‡πà‡∏°‡∏µ‡πÄ‡∏à‡πâ‡∏≤‡∏´‡∏ô‡πâ‡∏≤‡∏ó‡∏µ‡πà‡∏°‡∏≤‡∏Ñ‡∏≠‡∏¢‡∏î‡∏π‡πÅ‡∏•,58,1,23,7,1,2025,100.4828,13.69802,12.46195016349537
2024-DMG2WB,road,‡∏´‡πâ‡∏ß‡∏¢‡∏Ç‡∏ß‡∏≤‡∏á,‡∏ö‡∏≤‡∏á‡∏Å‡∏∞‡∏õ‡∏¥,‡∏Å‡∏£‡∏∏‡∏á‡πÄ‡∏ó‡∏û‡∏°‡∏´‡∏≤‡∏ô‡∏Ñ‡∏£,high,"‡∏á‡∏á‡∏™‡∏±‡∏ç‡∏ç‡∏≤‡∏ì‡πÅ‡∏•‡∏∞‡∏õ‡πâ‡∏≤‡∏¢‡∏ï‡∏£‡∏á‡∏ô‡∏µ‡πâ‡∏°‡∏≤‡∏Å‡∏Ñ‡πà‡∏∞ ‡∏£‡∏ö‡∏Å‡∏ß‡∏ô‡∏Ç‡∏≠‡∏Ñ‡∏≥‡∏≠‡∏ò‡∏¥‡∏ö‡∏≤‡∏¢‡πÑ‡∏î‡πâ‡πÑ‡∏´‡∏°‡∏Ñ‡∏∞ ‡∏™‡∏£‡∏∏‡∏õ‡πÄ‡∏•‡∏µ‡πâ‡∏¢‡∏ß‡∏ã‡πâ‡∏≤‡∏¢‡∏ú‡πà‡∏≤‡∏ô‡∏ï‡∏•‡∏≠‡∏î‡∏´‡∏£‡∏∑‡∏≠‡∏£‡∏≠‡∏™‡∏±‡∏ç‡∏ç‡∏≤‡∏ì‡πÑ‡∏ü
‡∏´‡∏£‡∏∑‡∏≠‡πÅ‡∏Ñ‡πà‡πÄ‡∏•‡∏ô‡∏ã‡πâ‡∏≤‡∏¢‡∏™‡∏∏‡∏î‡πÄ‡∏•‡∏µ‡πâ‡∏¢‡∏ß‡∏ã‡πâ‡∏≤‡∏¢‡∏ú‡πà‡∏≤‡∏ô‡∏ï‡∏•‡∏≠‡∏î‡πÑ‡∏°‡πà‡∏ï‡πâ‡∏≠‡∏á‡∏î‡∏π‡∏™‡∏±‡∏ç‡∏ç‡∏≤‡∏ì‡πÑ‡∏ü‡∏Ñ‡∏∞ ‡πÑ‡∏°‡πà‡∏≠‡∏¢‡∏≤‡∏Å‡∏ó‡∏≥‡∏ú‡∏¥‡∏î‡∏Å‡∏é‡∏à‡∏£‡∏≤‡∏à‡∏£‡πÇ‡∏î‡∏ô‡∏ï‡∏≥‡∏£‡∏ß‡∏à‡∏à‡∏±‡∏ö/‡∏õ‡∏£‡∏±‡∏ö‡∏Ñ‡πà‡∏∞ ‡∏£‡∏ö‡∏Å‡∏ß‡∏ô‡∏î‡πâ‡∏ß‡∏¢‡∏Ñ‡πà‡∏∞",195,6,8,15,12,2024,100.59137,13.74308,12.46195016349537
2024-DEYFKZ,road,‡∏™‡∏±‡∏°‡∏û‡∏±‡∏ô‡∏ò‡∏ß‡∏á‡∏®‡πå,‡∏™‡∏±‡∏°‡∏û‡∏±‡∏ô‡∏ò‡∏ß‡∏á‡∏®‡πå,‡∏Å‡∏£‡∏∏‡∏á‡πÄ‡∏ó‡∏û‡∏°‡∏´‡∏≤‡∏ô‡∏Ñ‡∏£,high,‡∏ï‡∏∏‡πä‡∏Å‡∏ï‡∏∏‡πä‡∏Å ‡πÅ‡∏ó‡πä‡∏Å‡∏ã‡∏µ‡πâ‡∏à‡∏≠‡∏î 2‡∏ä‡πà‡∏≠‡∏á‡∏ó‡∏≤‡∏á‡∏à‡∏£‡∏≤‡∏à‡∏£,33,2,14,8,5,2024,100.51106,13.73962,12.46195016349537
2024-7MFR67,road,‡∏û‡∏£‡∏∞‡πÇ‡∏Ç‡∏ô‡∏á,‡∏ö‡∏≤‡∏á‡∏à‡∏≤‡∏Å,‡∏Å‡∏£‡∏∏‡∏á‡πÄ‡∏ó‡∏û‡∏°‡∏´‡∏≤‡∏ô‡∏Ñ‡∏£,high,‡∏õ‡πâ‡∏≤‡∏¢‡πÄ‡∏Å‡πà‡∏≤‡∏ó‡∏µ‡πà‡πÅ‡∏¢‡∏Å‡∏ô‡∏µ‡πâ‡∏´‡∏±‡∏Å ‡∏¢‡∏±‡∏á‡πÑ‡∏°‡πà‡∏°‡∏µ‡∏õ‡πâ‡∏≤‡∏¢‡πÉ‡∏´‡∏°‡πà‡∏ï‡∏£‡∏á‡πÅ‡∏¢‡∏Å 4 ‡∏ï‡πâ‡∏≠‡∏á‡∏Å‡∏≤‡∏£‡πÉ‡∏´‡πâ‡∏ô‡∏≥‡∏õ‡πâ‡∏≤‡∏¢‡πÉ‡∏´‡∏°‡πà‡∏°‡∏≤‡∏ï‡∏¥‡∏î,71,1,5,10,9,2024,100.6043,13.69521,12.46195016349537
2024-GEQVFB,unknown,‡∏õ‡∏ó‡∏∏‡∏°‡∏ß‡∏±‡∏ô,‡∏•‡∏∏‡∏°‡∏û‡∏¥‡∏ô‡∏µ,‡∏Å‡∏£‡∏∏‡∏á‡πÄ‡∏ó‡∏û‡∏°‡∏´‡∏≤‡∏ô‡∏Ñ‡∏£,low,brail block ‡∏™‡∏µ‡πÄ‡∏´‡∏•‡∏∑‡∏≠‡∏á‡∏ï‡∏£‡∏á‡∏ô‡∏µ‡πâ‡πÄ‡∏Ç‡πâ‡∏≤‡πÑ‡∏õ‡∏ä‡∏ô‡πÄ‡∏™‡∏≤‡πÑ‡∏ü‡∏ü‡πâ‡∏≤‡πÄ‡∏•‡∏¢‡∏Ñ‡∏£‡∏±‡∏ö ‡∏ï‡πâ‡∏≠‡∏á‡∏ó‡∏≥‡∏ï‡∏±‡∏ß‡πÄ‡∏ï‡∏∑‡∏≠‡∏ô‡∏ó‡∏µ‡πà‡πÄ‡∏õ‡πá‡∏ô‡∏õ‡∏∏‡πà‡∏°‡πÜ‡πÄ‡∏û‡∏∑‡πà‡∏≠‡∏ó‡∏µ‡πà‡∏Ñ‡∏ô‡∏û‡∏¥‡∏Å‡∏≤‡∏£‡∏£‡∏π‡πâ‡∏ß‡πà‡∏≤‡∏Ç‡πâ‡∏≤‡∏á‡∏´‡∏ô‡πâ‡∏≤‡∏°‡∏µ‡∏≠‡∏∏‡∏õ‡∏™‡∏£‡∏£‡∏Ñ,114,4,9,9,8,2024,100.5436,13.743,90.06795582402778
2024-KGB26P,lighting,‡∏û‡∏ç‡∏≤‡πÑ‡∏ó,‡∏™‡∏≤‡∏°‡πÄ‡∏™‡∏ô‡πÉ‡∏ô,‡∏Å‡∏£‡∏∏‡∏á‡πÄ‡∏ó‡∏û‡∏°‡∏´‡∏≤‡∏ô‡∏Ñ‡∏£,high,‡πÑ‡∏ü‡∏™‡πà‡∏≠‡∏á‡∏™‡∏ß‡πà‡∏≤‡∏á ‡πÉ‡∏ï‡πâ‡∏ó‡∏≤‡∏á‡∏î‡πà‡∏ß‡∏ô‡πÄ‡∏™‡∏µ‡∏¢,26,4,10,24,5,2024,100.53392,13.77104,73.68319893052893
3V3EJT,road,‡∏î‡∏≠‡∏ô‡πÄ‡∏°‡∏∑‡∏≠‡∏á,‡∏™‡∏ô‡∏≤‡∏°‡∏ö‡∏¥‡∏ô,‡∏Å‡∏£‡∏∏‡∏á‡πÄ‡∏ó‡∏û‡∏°‡∏´‡∏≤‡∏ô‡∏Ñ‡∏£,high,"‡∏õ‡∏±‡∏ç‡∏´‡∏≤: ‡∏†‡∏≤‡∏¢‡πÉ‡∏ô‡∏ã‡∏≠‡∏¢‡∏î‡∏±‡∏á‡∏Å‡∏•‡πà‡∏≤‡∏ß ‡∏û‡∏ö‡∏°‡∏µ‡∏ô‡πâ‡∏≥‡∏ó‡πà‡∏ß‡∏°‡∏Ç‡∏±‡∏á ‡πÄ‡∏ô‡∏∑‡πà‡∏≠‡∏á‡∏à‡∏≤‡∏Å‡∏ù‡∏ô‡∏ï‡∏Å‡∏´‡∏ô‡∏±‡∏Å ‡∏õ‡∏±‡∏à‡∏à‡∏∏‡∏ö‡∏±‡∏ô‡πÄ‡∏ß‡∏•‡∏≤ 18.15 ‡∏ô. ‡∏ù‡∏ô‡∏¢‡∏±‡∏á‡∏Ñ‡∏á‡∏ï‡∏Å‡∏≠‡∏¢‡∏π‡πà‡∏à‡∏∂‡∏á‡∏Ç‡∏≠‡πÉ‡∏´‡πâ‡πÄ‡∏à‡πâ‡∏≤‡∏´‡∏ô‡πâ‡∏≤‡∏ó‡∏µ‡πà‡πÄ‡∏Ç‡πâ‡∏≤‡∏°‡∏≤‡πÄ‡∏õ‡∏¥‡∏î‡∏õ‡∏£‡∏∞‡∏ï‡∏π‡∏£‡∏∞‡∏ö‡∏≤‡∏¢‡∏ô‡πâ‡∏≥
‡∏ã‡∏≠‡∏¢: ‡∏ß‡∏¥‡∏†‡∏≤‡∏ß‡∏î‡∏µ‡∏£‡∏±‡∏á‡∏™‡∏¥‡∏ï 43/1
‡∏ñ‡∏ô‡∏ô: ‡∏ß‡∏¥‡∏†‡∏≤‡∏ß‡∏î‡∏µ‡∏£‡∏±‡∏á‡∏™‡∏¥‡∏ï
‡πÄ‡∏Ç‡∏ï: ‡∏î‡∏≠‡∏ô‡πÄ‡∏°‡∏∑‡∏≠‡∏á
#1555",198,4,11,20,9,2024,100.61538,13.94526,12.46195016349537
2024-C39KGL,road,‡∏ï‡∏•‡∏¥‡πà‡∏á‡∏ä‡∏±‡∏ô,‡∏â‡∏¥‡∏°‡∏û‡∏•‡∏µ,‡∏Å‡∏£‡∏∏‡∏á‡πÄ‡∏ó‡∏û‡∏°‡∏´‡∏≤‡∏ô‡∏Ñ‡∏£,high,"‡∏Ç‡∏≠‡πÉ‡∏´‡πâ‡∏ã‡πà‡∏≠‡∏°‡πÅ‡∏ã‡∏°‡∏û‡∏∑‡πâ‡∏ô‡∏ó‡∏µ‡πà‡∏ñ‡∏ô‡∏ô‡πÄ‡∏ô‡∏∑‡πà‡∏≠‡∏á‡∏à‡∏≤‡∏Å‡∏°‡∏µ‡∏´‡∏•‡∏∏‡∏°‡∏Ç‡∏ô‡∏≤‡∏î‡πÉ‡∏´‡∏ç‡πà ‡πÅ‡∏•‡∏∞‡∏ú‡∏¥‡∏ß‡∏ñ‡∏ô‡∏ô‡πÑ‡∏°‡πà‡πÄ‡∏£‡∏µ‡∏¢‡∏ö ‡∏ö‡∏£‡∏¥‡πÄ‡∏ß‡∏ì‡∏ó‡∏≤‡∏á‡∏•‡∏á‡∏ó‡∏≤‡∏á‡∏Å‡∏•‡∏±‡∏ö‡∏£‡∏ñ‡∏°‡∏≤‡∏à‡∏≤‡∏Å‡∏ö‡∏≤‡∏á‡πÅ‡∏Ñ‡∏°‡∏∏‡πà‡∏á‡∏´‡∏ô‡πâ‡∏≤‡∏°‡∏≤‡∏ñ‡∏ô‡∏ô‡∏â‡∏¥‡∏°‡∏û‡∏•‡∏µ ‡∏≠‡∏≠‡∏Å‡∏ñ‡∏ô‡∏ô‡∏™‡∏ß‡∏ô‡∏ú‡∏±‡∏Å
‡πÅ‡∏à‡πâ‡∏á‡∏´‡∏•‡∏≤‡∏¢‡∏£‡∏≠‡∏ö‡πÑ‡∏°‡πà‡πÑ‡∏î‡πâ‡∏£‡∏±‡∏ö‡∏Å‡∏≤‡∏£‡∏õ‡∏£‡∏±‡∏ö‡∏õ‡∏£‡∏∏‡∏á‡πÅ‡∏Å‡πâ‡πÑ‡∏Ç",163,1,5,12,11,2024,100.41215,13.79982,12.46195016349537
2024-A9XG9D,safety,‡∏ö‡∏≤‡∏á‡∏ã‡∏∑‡πà‡∏≠,‡∏ß‡∏á‡∏®‡πå‡∏™‡∏ß‡πà‡∏≤‡∏á,‡∏Å‡∏£‡∏∏‡∏á‡πÄ‡∏ó‡∏û‡∏°‡∏´‡∏≤‡∏ô‡∏Ñ‡∏£,high,‡∏Ç‡∏≠‡πÉ‡∏´‡πâ‡∏î‡∏≥‡πÄ‡∏ô‡∏¥‡∏ô‡∏Å‡∏≤‡∏£‡πÅ‡∏Å‡πâ‡πÑ‡∏Ç‡∏õ‡∏±‡∏ç‡∏´‡∏≤‡∏™‡∏≤‡∏¢‡πÑ‡∏ü‡∏≠‡∏¢‡∏π‡πà‡∏ï‡πà‡∏≥‡πÑ‡∏°‡πà‡πÄ‡∏õ‡πá‡∏ô‡∏£‡∏∞‡πÄ‡∏ö‡∏µ‡∏¢‡∏ö‡∏à‡∏ô‡∏≠‡∏±‡∏ô‡∏ï‡∏£‡∏≤‡∏¢ ‡∏†‡∏≤‡∏¢‡πÉ‡∏ô‡∏ä‡∏∏‡∏°‡∏ä‡∏ô‡∏ß‡∏±‡∏î‡πÄ‡∏™‡∏≤‡∏´‡∏¥‡∏ô ‡∏ñ‡∏ô‡∏ô‡∏ß‡∏á‡∏®‡πå‡∏™‡∏ß‡πà‡∏≤‡∏á ‡πÄ‡∏ô‡∏∑‡πà‡∏≠‡∏á‡∏à‡∏≤‡∏Å‡∏°‡∏µ‡∏™‡∏≤‡∏¢‡πÑ‡∏ü‡∏≠‡∏¢‡∏π‡πà‡πÉ‡∏ô‡∏£‡∏∞‡∏î‡∏±‡∏ö‡∏®‡∏µ‡∏£‡∏©‡∏∞‡πÅ‡∏•‡∏∞‡πÄ‡∏™‡∏≤‡∏ó‡∏µ‡πà‡πÑ‡∏°‡πà‡∏°‡∏±‡πà‡∏ô‡∏Ñ‡∏á‡πÅ‡∏Ç‡πá‡∏á‡πÅ‡∏£‡∏á ‡∏ã‡∏∂‡πà‡∏á‡∏≠‡∏≤‡∏à‡πÄ‡∏Å‡∏¥‡∏î‡∏≠‡∏±‡∏ô‡∏ï‡∏£‡∏≤‡∏¢‡πÑ‡∏î‡πâ ‡∏Ç‡∏≠‡πÉ‡∏´‡πâ‡πÄ‡∏£‡πà‡∏á‡∏î‡∏≥‡πÄ‡∏ô‡∏¥‡∏ô‡∏Å‡∏≤‡∏£‡πÅ‡∏Å‡πâ‡πÑ‡∏Ç‡πÄ‡∏û‡∏∑‡πà‡∏≠‡∏Ñ‡∏ß‡∏≤‡∏°‡∏õ‡∏•‡∏≠‡∏î‡∏†‡∏±‡∏¢‡∏Ç‡∏≠‡∏á‡∏õ‡∏£‡∏∞‡∏ä‡∏≤‡∏ä‡∏ô,222,4,11,9,2,2024,100.51867,13.81702,14.08306067712731
2024-BMVU9R,road,‡∏Ñ‡∏•‡∏≠‡∏á‡πÄ‡∏ï‡∏¢,‡∏Ñ‡∏•‡∏≠‡∏á‡∏ï‡∏±‡∏ô,‡∏Å‡∏£‡∏∏‡∏á‡πÄ‡∏ó‡∏û‡∏°‡∏´‡∏≤‡∏ô‡∏Ñ‡∏£,high,30/5/67 ‡∏™‡∏†‡∏≤‡∏û‡∏ó‡∏≤‡∏á‡πÄ‡∏ó‡πâ‡∏≤‡∏Ñ‡∏£‡∏±‡∏ö ‡∏™‡∏ô‡∏¢‚Ä¶.,29,3,3,30,5,2024,100.55496,13.74103,12.46195016349537
2025-8FBW7L,lighting,‡∏ö‡∏≤‡∏á‡πÅ‡∏Ñ,‡∏ö‡∏≤‡∏á‡πÅ‡∏Ñ‡πÄ‡∏´‡∏ô‡∏∑‡∏≠,‡∏Å‡∏£‡∏∏‡∏á‡πÄ‡∏ó‡∏û‡∏°‡∏´‡∏≤‡∏ô‡∏Ñ‡∏£,high,‡πÑ‡∏ü‡∏™‡πà‡∏≠‡∏á‡∏™‡∏ß‡πà‡∏≤‡∏á‡∏î‡∏±‡∏ö,14,3,2,16,1,2025,100.37401,13.72276,73.68319893052893
2024-MA6WPN,road,‡∏à‡∏≠‡∏°‡∏ó‡∏≠‡∏á,‡∏ö‡∏≤‡∏á‡∏°‡∏î,‡∏Å‡∏£‡∏∏‡∏á‡πÄ‡∏ó‡∏û‡∏°‡∏´‡∏≤‡∏ô‡∏Ñ‡∏£,high,‡∏°‡∏µ‡∏£‡∏ñ‡∏à‡∏≠‡∏î‡πÄ‡∏™‡∏µ‡∏¢‡∏≠‡∏¢‡∏π‡πà‡πÄ‡∏õ‡πá‡∏ô‡∏≠‡∏≤‡∏ó‡∏¥‡∏ï‡∏¢‡πå‡πÅ‡∏•‡πâ‡∏ß ‡πÅ‡∏ï‡πà‡πÑ‡∏°‡πà‡∏°‡∏µ‡∏Å‡∏≤‡∏£‡πÄ‡∏Ñ‡∏•‡∏∑‡πà‡∏≠‡∏ô‡∏¢‡πâ‡∏≤‡∏¢ ‡∏ó‡∏≥‡πÉ‡∏´‡πâ‡∏Å‡∏µ‡∏î‡∏Ç‡∏ß‡∏≤‡∏á‡∏Å‡∏≤‡∏£‡∏à‡∏£‡∏≤‡∏à‡∏£‡πÄ‡∏õ‡πá‡∏ô‡∏≠‡∏¢‡πà‡∏≤‡∏á‡∏°‡∏≤‡∏Å,86,1,10,23,7,2024,100.4715,13.67969,12.46195016349537
2024-7HMDME,noise,‡∏î‡∏¥‡∏ô‡πÅ‡∏î‡∏á,‡∏î‡∏¥‡∏ô‡πÅ‡∏î‡∏á,‡∏Å‡∏£‡∏∏‡∏á‡πÄ‡∏ó‡∏û‡∏°‡∏´‡∏≤‡∏ô‡∏Ñ‡∏£,mid,‡πÉ‡∏ô‡∏ã.‡∏à‡∏¥‡πä‡∏õ‡∏î‡∏≥‡∏£‡∏¥‡∏´‡πå‡∏´‡∏ô‡πâ‡∏≤‡∏£‡πâ‡∏≤‡∏ô‡∏ã‡∏±‡∏Å‡∏≠‡∏ö‡∏ú‡πâ‡∏≤ ‡πÑ‡∏ü‡∏Ç‡πâ‡∏≤‡∏á‡∏ó‡∏≤‡∏á‡πÑ‡∏°‡πà‡∏ï‡∏¥‡∏î‡∏Ñ‡πà‡∏∞ ‡∏≠‡∏¢‡∏≤‡∏Å‡πÉ‡∏´‡πâ‡∏ä‡πà‡∏ß‡∏¢‡∏°‡∏≤‡πÄ‡∏õ‡∏•‡∏µ‡πà‡∏¢‡∏ô‡πÑ‡∏ü‡πÉ‡∏´‡πâ‡∏™‡∏ß‡πà‡∏≤‡∏á‡∏Ñ‡πà‡∏∞,83,3,18,24,10,2024,100.57032,13.79099,28.791555815460676
2024-43R9A9,road,‡∏ß‡∏±‡∏í‡∏ô‡∏≤,‡∏û‡∏£‡∏∞‡πÇ‡∏Ç‡∏ô‡∏á‡πÄ‡∏´‡∏ô‡∏∑‡∏≠,‡∏Å‡∏£‡∏∏‡∏á‡πÄ‡∏ó‡∏û‡∏°‡∏´‡∏≤‡∏ô‡∏Ñ‡∏£,high,"‡∏≠‡∏¢‡∏≤‡∏Å‡πÉ‡∏´‡πâ‡∏¢‡∏Å‡πÄ‡∏•‡∏¥‡∏Å‡πÄ‡∏Ñ‡∏£‡∏∑‡πà‡∏≠‡∏á‡∏Å‡∏±‡πâ‡∏ô‡∏à‡∏∏‡∏î‡∏õ‡∏•‡∏≠‡∏î‡∏†‡∏±‡∏¢‡∏Å‡∏•‡∏≤‡∏á‡πÄ‡∏•‡∏ô‡∏ñ‡∏ô‡∏ô‡∏ï‡∏£‡∏á‡∏õ‡∏≤‡∏Å‡∏ã‡∏≠‡∏¢‡∏õ‡∏£‡∏µ‡∏î‡∏µ‡∏û‡∏ô‡∏°‡∏¢‡∏á‡∏Ñ‡πå3 ‡πÄ‡∏ô‡∏∑‡πà‡∏≠‡∏á‡∏à‡∏≤‡∏Å‡πÄ‡∏õ‡πá‡∏ô‡∏ó‡∏≤‡∏á‡∏ó‡∏µ‡πà‡∏õ‡∏£‡∏∞‡∏ä‡∏≤‡∏ä‡∏ô‡πÉ‡∏ä‡πâ‡∏™‡∏±‡∏ç‡∏à‡∏£‡πÄ‡∏õ‡πá‡∏ô‡∏à‡∏≥‡∏ô‡∏ß‡∏ô‡∏°‡∏≤‡∏Å‡πÉ‡∏ô‡∏Å‡∏≤‡∏£‡πÑ‡∏õ‡∏Ç‡∏∂‡πâ‡∏ô-‡∏•‡∏á‡∏£‡∏ñ‡πÑ‡∏ü‡∏ü‡πâ‡∏≤BTS‡∏û‡∏£‡∏∞‡πÇ‡∏Ç‡∏ô‡∏á ‡∏ã‡∏∂‡πâ‡∏á‡∏ö‡∏£‡∏¥‡πÄ‡∏ß‡∏ì‡∏î‡∏±‡∏á‡∏Å‡∏•‡πà‡∏≤‡∏ß‡∏°‡∏µ‡∏ä‡∏∏‡∏°‡∏ä‡∏ô‡∏™‡∏∏‡πÄ‡∏´‡∏£‡πà‡∏≤‡∏ö‡∏≤‡∏á‡∏ö‡∏∞‡πÄ‡∏Ç‡∏∑‡∏≠‡πÅ‡∏•‡∏∞‡∏ñ‡∏ô‡∏ô‡∏™‡∏∏‡∏Ç‡∏∏‡∏°‡∏ß‡∏¥‡∏ó71‡∏ó‡∏±‡πâ‡∏á‡πÄ‡∏™‡πâ‡∏ô‡∏ó‡∏µ‡πà‡∏õ‡∏£‡∏∞‡∏ä‡∏≤‡∏ä‡∏ô‡∏à‡∏∞‡∏ï‡πâ‡∏≠‡∏á‡πÉ‡∏ä‡πâ‡∏ã‡∏≠‡∏¢‡∏õ‡∏£‡∏µ‡∏î‡∏µ‡∏Ø3‡πÄ‡∏õ‡πá‡∏ô‡πÄ‡∏™‡πâ‡∏ô‡∏ó‡∏≤‡∏á‡πÑ‡∏õ‡∏Ç‡∏∂‡πâ‡∏ôBTS ‡πÄ‡∏°‡∏∑‡πà‡∏≠‡∏õ‡∏¥‡∏î‡∏ï‡∏£‡∏á‡∏à‡∏∏‡∏î‡πÄ‡∏Ç‡πâ‡∏≤‡∏ã‡∏≠‡∏¢‡∏î‡∏±‡∏á‡∏Å‡∏•‡πà‡∏≤‡∏ß‡∏ó‡∏≥‡πÉ‡∏´‡πâ‡∏ä‡∏≤‡∏ß‡∏ö‡πâ‡∏≤‡∏ô‡πÄ‡∏î‡∏∑‡∏≠‡∏î‡∏£‡πâ‡∏≠‡∏ô‡πÄ‡∏õ‡πá‡∏ô‡∏à‡∏≥‡∏ô‡∏ß‡∏ô‡∏°‡∏≤‡∏Å‡πÅ‡∏•‡∏∞‡∏Å‡πá‡∏ó‡∏≥‡πÉ‡∏´‡πâ‡∏£‡∏ñ‡∏¢‡∏ô‡∏ï‡πå‡∏ï‡∏¥‡∏î‡∏≠‡∏µ‡∏Å‡πÄ‡∏ô‡∏∑‡πà‡∏≠‡∏á‡∏à‡∏≤‡∏Å‡∏£‡∏ñ‡∏ó‡∏µ‡πà‡πÑ‡∏õ‡πÄ‡∏Ç‡πâ‡∏≤‡∏ã‡∏≠‡∏¢3‡∏Å‡πá‡∏ï‡πâ‡∏≠‡∏á‡∏¢‡πâ‡∏≠‡∏ô‡πÄ‡∏•‡∏ô‡∏™‡πå‡∏Ç‡∏∂‡πâ‡∏ô‡πÑ‡∏õ‡∏ã‡∏∂‡πà‡∏á‡∏≠‡∏±‡∏ï‡∏£‡∏≤‡∏¢‡∏°‡∏≤‡∏Å‡∏Ø‡∏à‡∏∂‡∏á‡∏≠‡∏¢‡∏≤‡∏Å‡∏£‡πâ‡∏≠‡∏á‡πÄ‡∏£‡∏µ‡∏¢‡∏ô‡πÉ‡∏´‡πâ‡∏´‡∏ô‡πà‡∏ß‡∏¢‡∏á‡∏≤‡∏ô‡∏ó‡∏µ‡πà‡∏£‡∏±‡∏ö‡∏ú‡∏¥‡∏î‡∏ä‡∏≠‡∏ö‡∏ä‡πà‡∏ß‡∏¢‡πÄ‡∏´‡∏•‡∏∑‡∏≠‡∏ä‡∏≤‡∏ß‡∏ö‡πâ‡∏≤‡∏ô‡∏´‡∏ô‡πà‡∏≠‡∏¢‡∏Ñ‡∏£‡∏±‡∏ö‡∏Ñ‡∏∑‡∏≠‡πÉ‡∏´‡πâ‡πÄ‡∏≠‡∏≤‡∏ó‡∏µ‡πà‡∏Å‡∏±‡πâ‡∏ô‡∏ó‡∏µ‡πà‡∏ß‡πà‡∏≤‡∏≠‡∏≠‡∏Å‡πÄ‡∏û‡∏∑‡πà‡∏≠‡∏ó‡∏µ‡πà‡∏£‡∏ñ‡∏à‡∏±‡∏Å‡∏£‡∏¢‡∏≤‡∏ô‡∏¢‡∏ô‡∏ï‡πå‡∏à‡∏∞‡πÑ‡∏î‡πâ‡πÄ‡∏•‡∏µ‡πâ‡∏¢‡∏ß‡πÄ‡∏Ç‡πâ‡∏≤‡πÑ‡∏î‡πâ‡πÄ‡∏û‡∏∑‡πà‡∏≠‡∏´‡∏•‡∏µ‡∏Å‡πÄ‡∏´‡∏•‡∏µ‡πà‡∏¢‡∏á‡∏≠‡∏∏‡∏ö‡∏±‡∏ï‡∏¥‡πÄ‡∏´‡∏ï‡∏∏‡∏ó‡∏µ‡πà‡∏à‡∏∞‡πÄ‡∏Å‡∏¥‡∏î‡∏Ç‡∏∂‡πâ‡∏ô‡∏ã‡∏∂‡πà‡∏á‡πÑ‡∏°‡πà‡∏≠‡∏≤‡∏à‡∏à‡∏∞‡∏õ‡∏£‡∏∞‡πÄ‡∏°‡∏¥‡∏ô‡∏Ñ‡πà‡∏≤‡∏ä‡∏µ‡∏ß‡∏¥‡∏ï‡πÅ‡∏•‡∏∞‡∏ó‡∏£‡∏±‡∏û‡∏¢‡πå‡∏™‡∏¥‡∏ô‡πÑ‡∏î‡πâ‡∏ô‡∏∞‡∏Ñ‡∏£‡∏±‡∏ö
‡∏Ç‡∏≠‡∏Ç‡∏≠‡∏ö‡∏Ñ‡∏∏‡∏ì‡∏°‡∏≤ ‡∏ì",631,1,3,26,3,2024,100.5948,13.71479,12.46195016349537
2024-G7FMBG,road,‡∏ß‡∏±‡∏í‡∏ô‡∏≤,‡∏û‡∏£‡∏∞‡πÇ‡∏Ç‡∏ô‡∏á‡πÄ‡∏´‡∏ô‡∏∑‡∏≠,‡∏Å‡∏£‡∏∏‡∏á‡πÄ‡∏ó‡∏û‡∏°‡∏´‡∏≤‡∏ô‡∏Ñ‡∏£,high,‡∏£‡∏ö‡∏Å‡∏ß‡∏ô ‡∏Å‡∏™‡∏ó‡∏ä ‡∏™‡∏±‡πà‡∏á ‡∏ú‡∏π‡πâ‡∏£‡∏±‡∏ö‡πÄ‡∏´‡∏°‡∏≤‡∏ä‡πà‡∏ß‡∏á‡∏ú‡∏π‡πâ‡πÉ‡∏´‡πâ‡∏ö‡∏£‡∏¥‡∏Å‡∏≤‡∏£‡πÇ‡∏ó‡∏£‡∏Ñ‡∏°‡∏ô‡∏≤‡∏Ñ‡∏° ‡πÄ‡∏Å‡πá‡∏ö‡∏™‡∏≤‡∏¢‡∏™‡∏∑‡πà‡∏≠‡∏™‡∏≤‡∏£ ‡πÑ‡∏°‡πà‡πÉ‡∏´‡πâ‡πÄ‡∏õ‡πá‡∏ô‡∏≠‡∏±‡∏ô‡∏ï‡∏£‡∏≤‡∏¢ ‡∏ï‡πà‡∏≠ ‡∏ú‡∏π‡πâ‡∏™‡∏±‡∏ç‡∏à‡∏£‡∏ó‡∏≤‡∏á‡πÄ‡∏ó‡πâ‡∏≤,104,2,8,8,5,2024,100.59477,13.71514,12.46195016349537
2024-MCWZVD,road,‡∏Ñ‡∏•‡∏≠‡∏á‡πÄ‡∏ï‡∏¢,‡∏Ñ‡∏•‡∏≠‡∏á‡πÄ‡∏ï‡∏¢,‡∏Å‡∏£‡∏∏‡∏á‡πÄ‡∏ó‡∏û‡∏°‡∏´‡∏≤‡∏ô‡∏Ñ‡∏£,high,‡∏°‡∏µ ‡πÅ‡∏ú‡πà‡∏ô‡πÄ‡∏´‡∏•‡πá‡∏Å‡πÅ‡∏•‡∏∞‡∏´‡∏•‡∏∏‡∏°‡∏Ç‡∏ô‡∏≤‡∏î‡πÉ‡∏´‡∏ç‡πà ‡∏û‡∏∑‡πâ‡∏ô‡∏ñ‡∏ô‡∏ô‡πÑ‡∏°‡πà‡πÄ‡∏£‡∏µ‡∏¢‡∏ö,43,5,11,4,5,2024,100.56711,13.71901,12.46195016349537
2024-BVKC9L,road,‡∏õ‡∏ó‡∏∏‡∏°‡∏ß‡∏±‡∏ô,‡∏•‡∏∏‡∏°‡∏û‡∏¥‡∏ô‡∏µ,‡∏Å‡∏£‡∏∏‡∏á‡πÄ‡∏ó‡∏û‡∏°‡∏´‡∏≤‡∏ô‡∏Ñ‡∏£,high,‡∏ó‡∏≤‡∏á‡πÄ‡∏ó‡πâ‡∏≤‡∏Å‡∏£‡∏∞‡πÄ‡∏ö‡∏∑‡πâ‡∏≠‡∏á‡∏ó‡∏≤‡∏á‡πÄ‡∏ó‡πâ‡∏≤‡πÅ‡∏ï‡∏Å‡∏Ç‡∏£‡∏∏‡∏Ç‡∏£‡∏∞ ‡πÑ‡∏°‡πà‡∏ó‡∏£‡∏≤‡∏ö‡∏ß‡πà‡∏≤‡∏°‡∏µ‡∏Å‡∏≤‡∏£‡∏ã‡πà‡∏≠‡∏°‡∏ó‡∏≤‡∏á‡πÄ‡∏ó‡πâ‡∏≤‡πÄ‡∏Å‡∏≤‡∏∞‡∏Å‡∏•‡∏≤‡∏á‡∏î‡πâ‡∏ß‡∏¢‡∏´‡∏£‡∏∑‡∏≠‡πÑ‡∏°‡πà ‡∏™‡∏†‡∏≤‡∏û‡∏ó‡∏£‡∏∏‡∏î‡πÇ‡∏ó‡∏£‡∏°‡∏°‡∏≤‡∏Å,94,5,8,24,8,2024,100.53874,13.73438,12.46195016349537
2024-KHH9ZN,road,‡∏ö‡∏≤‡∏á‡∏ã‡∏∑‡πà‡∏≠,‡∏ö‡∏≤‡∏á‡∏ã‡∏∑‡πà‡∏≠,‡∏Å‡∏£‡∏∏‡∏á‡πÄ‡∏ó‡∏û‡∏°‡∏´‡∏≤‡∏ô‡∏Ñ‡∏£,high,‡∏ü‡∏∏‡∏ï‡∏ö‡∏≤‡∏ó‡πÄ‡∏ï‡πá‡∏°‡πÑ‡∏õ‡∏î‡πâ‡∏ß‡∏¢‡∏ß‡∏±‡∏ä‡∏û‡∏∑‡∏ä‡∏£‡∏Å‡πÄ‡∏ï‡πá‡∏°‡πÑ‡∏õ‡∏´‡∏°‡∏î ‡∏£‡∏ö‡∏Å‡∏ß‡∏ô‡∏ï‡∏£‡∏ß‡∏à‡∏™‡∏≠‡∏ö‡πÄ‡∏à‡πâ‡∏≤‡∏´‡∏ô‡πâ‡∏≤‡∏ó‡∏µ‡πà‡∏ú‡∏π‡πâ‡∏£‡∏±‡∏ö‡∏ú‡∏¥‡∏î‡∏ä‡∏≠‡∏ö‡πÅ‡∏•‡∏∞‡∏î‡∏≥‡πÄ‡∏ô‡∏¥‡∏ô‡∏Å‡∏≤‡∏£‡πÅ‡∏Å‡πâ‡πÑ‡∏Ç‡πÉ‡∏´‡πâ‡∏î‡πâ‡∏ß‡∏¢‡∏Ñ‡∏£‡∏±‡∏ö ‡∏Ç‡∏≠‡∏ö‡∏Ñ‡∏∏‡∏ì‡∏Ñ‡∏£‡∏±‡∏ö,108,6,5,14,7,2024,100.54226,13.81159,12.46195016349537
8PZ3GX,safety,‡∏ò‡∏ô‡∏ö‡∏∏‡∏£‡∏µ,‡∏™‡∏≥‡πÄ‡∏´‡∏£‡πà,‡∏Å‡∏£‡∏∏‡∏á‡πÄ‡∏ó‡∏û‡∏°‡∏´‡∏≤‡∏ô‡∏Ñ‡∏£,high,"‡∏õ‡∏±‡∏ç‡∏´‡∏≤: ‡∏†‡∏≤‡∏¢‡πÉ‡∏ô‡∏ã‡∏≠‡∏¢‡∏î‡∏±‡∏á‡∏Å‡∏•‡πà‡∏≤‡∏ß ‡∏û‡∏ö‡∏°‡∏µ‡∏≠‡∏∏‡∏ö‡∏±‡∏ï‡∏¥‡πÄ‡∏´‡∏ï‡∏∏‡πÅ‡∏•‡∏∞‡πÄ‡∏õ‡πá‡∏ô‡∏ï‡πâ‡∏ô‡πÄ‡∏´‡∏ï‡∏∏‡∏Ç‡∏≠‡∏á‡∏Ñ‡∏ß‡∏≤‡∏°‡πÄ‡∏™‡∏µ‡∏¢‡∏´‡∏≤‡∏¢‡πÑ‡∏î‡πâ‡πÉ‡∏ô‡∏≠‡∏ô‡∏≤‡∏Ñ‡∏ï ‡∏´‡∏≤‡∏Å‡πÑ‡∏°‡πà‡∏°‡∏µ‡∏Ñ‡∏±‡∏ô‡∏ä‡∏∞‡∏•‡∏≠‡∏Ñ‡∏ß‡∏≤‡∏°‡πÄ‡∏£‡πá‡∏ß ‡∏à‡∏∂‡∏á‡∏Ç‡∏≠‡πÉ‡∏´‡πâ‡∏ï‡∏¥‡∏î‡∏ï‡∏±‡πâ‡∏á‡∏Ñ‡∏±‡∏ô‡∏ä‡∏∞‡∏•‡∏≠‡∏Ñ‡∏ß‡∏≤‡∏°‡πÄ‡∏£‡πá‡∏ß (‡∏•‡∏π‡∏Å‡∏£‡∏∞‡∏ô‡∏≤‡∏î) ‡πÄ‡∏û‡∏∑‡πà‡∏≠‡∏•‡∏î‡∏Ñ‡∏ß‡∏≤‡∏°‡πÄ‡∏£‡πá‡∏ß ‡∏ã‡∏∂‡πà‡∏á‡∏õ‡∏±‡∏ç‡∏´‡∏≤‡∏ô‡∏µ‡πâ‡πÑ‡∏î‡πâ‡πÄ‡∏Ñ‡∏¢‡πÅ‡∏à‡πâ‡∏á‡∏ó‡∏≤‡∏á‡πÑ‡∏•‡∏ô‡πå Traffy Fondue ‡πÅ‡∏•‡πâ‡∏ß ‡πÅ‡∏ï‡πà‡∏õ‡∏±‡∏ç‡∏´‡∏≤‡∏¢‡∏±‡∏á‡πÑ‡∏°‡πà‡πÑ‡∏î‡πâ‡∏£‡∏±‡∏ö‡∏Å‡∏≤‡∏£‡πÅ‡∏Å‡πâ‡πÑ‡∏Ç ‡πÅ‡∏•‡∏∞‡∏Ç‡∏≠‡πÉ‡∏´‡πâ‡∏õ‡∏£‡∏±‡∏ö‡∏õ‡∏£‡∏∏‡∏á‡∏ó‡∏≥‡∏á‡∏≤‡∏ô‡∏Ç‡∏≠‡∏á‡πÄ‡∏à‡πâ‡∏≤‡∏´‡∏ô‡πâ‡∏≤‡∏ó‡∏µ‡πà‡∏ù‡πà‡∏≤‡∏¢‡∏ï‡πà‡∏≤‡∏á‡πÜ‡∏ó‡∏∏‡∏Å‡∏ù‡πà‡∏≤‡∏¢ ‡πÉ‡∏ô‡∏Å‡∏≤‡∏£‡∏ó‡∏≥‡∏á‡∏≤‡∏ô‡πÉ‡∏´‡πâ‡∏î‡∏µ‡πÅ‡∏•‡∏∞‡∏£‡∏ß‡∏î‡πÄ‡∏£‡πá‡∏ß‡∏¢‡∏¥‡πà‡∏á‡∏Ç‡∏∂‡πâ‡∏ô ‡πÑ‡∏°‡πà‡πÉ‡∏ä‡πà‡∏ï‡πâ‡∏≠‡∏á‡πÑ‡∏õ‡∏ó‡∏≥‡∏õ‡∏£‡∏∞‡∏ä‡∏≤‡∏ß‡∏¥‡∏à‡∏≤‡∏£‡∏ì‡πå‡πÅ‡∏•‡∏∞‡∏Ñ‡πà‡∏≠‡∏¢‡∏î‡∏≥‡πÄ‡∏ô‡∏¥‡∏ô‡∏Å‡∏≤‡∏£‡∏ï‡πà‡∏≤‡∏á‡πÜ ‡∏ã‡∏∂‡πà‡∏á‡∏°‡∏µ‡∏Ñ‡∏ß‡∏≤‡∏°‡∏•‡πà‡∏≤‡∏ä‡πâ‡∏≤‡∏°‡∏≤‡∏Å ‡πÅ‡∏•‡∏∞‡∏£‡∏∞‡∏ö‡∏öTraffy Fondue ‡∏ó‡∏≥‡∏á‡∏≤‡∏ô‡∏•‡πà‡∏≤‡∏ä‡πâ‡∏≤‡∏ó‡∏≥‡πÉ‡∏´‡πâ‡πÄ‡∏£‡∏∑‡πà‡∏≠‡∏á‡∏ï‡∏Å‡∏Ñ‡πâ‡∏≤‡∏á‡πÑ‡∏°‡πà‡∏™‡∏≤‡∏°‡∏≤‡∏£‡∏ñ‡∏ï‡∏¥‡∏î‡∏ï‡∏≤‡∏°‡∏ú‡∏•‡πÑ‡∏î‡πâ
‡∏ã‡∏≠‡∏¢: ‡∏™‡∏°‡πÄ‡∏î‡πá‡∏à‡∏û‡∏£‡∏∞‡πÄ‡∏à‡πâ‡∏≤‡∏ï‡∏≤‡∏Å‡∏™‡∏¥‡∏ô 21
‡∏ñ‡∏ô‡∏ô: ‡∏™‡∏°‡πÄ‡∏î‡πá‡∏à‡∏û‡∏£‡∏∞‡πÄ‡∏à‡πâ‡∏≤‡∏ï‡∏≤‡∏Å‡∏™‡∏¥‡∏ô 
‡πÄ‡∏Ç‡∏ï: ‡∏ò‡∏ô‡∏ö‡∏∏‡∏£‡∏µ
#1555",533,0,7,1,7,2024,100.48828,13.71192,14.08306067712731
MXH4NA,road,‡∏ö‡∏≤‡∏á‡πÄ‡∏Ç‡∏ô,‡∏≠‡∏ô‡∏∏‡∏™‡∏≤‡∏ß‡∏£‡∏µ‡∏¢‡πå,‡∏Å‡∏£‡∏∏‡∏á‡πÄ‡∏ó‡∏û‡∏°‡∏´‡∏≤‡∏ô‡∏Ñ‡∏£,high,"‡∏õ‡∏±‡∏ç‡∏´‡∏≤: ‡πÄ‡∏£‡∏∑‡πà‡∏≠‡∏á‡πÄ‡∏î‡∏¥‡∏° ‡∏ö‡∏£‡∏¥‡πÄ‡∏ß‡∏ì‡∏ñ‡∏ô‡∏ô‡∏î‡∏±‡∏á‡∏Å‡∏•‡πà‡∏≤‡∏ß ‡∏ù‡∏±‡πà‡∏á‡∏Ç‡∏≤‡πÄ‡∏Ç‡πâ‡∏≤ (‡∏°‡∏µ‡∏ô‡∏ö‡∏∏‡∏£‡∏µ) ‡∏ä‡πà‡∏ß‡∏á ‡∏Å‡∏°.2- ‡∏Å‡∏°.9 ‡πÄ‡∏•‡∏¢‡∏´‡πâ‡∏≤‡∏á‡∏™‡∏£‡∏£‡∏û‡∏™‡∏¥‡∏ô‡∏Ñ‡πâ‡∏≤‡πÄ‡∏ã‡πá‡∏ô‡∏ó‡∏£‡∏±‡∏• ‡∏£‡∏≤‡∏°‡∏≠‡∏¥‡∏ô‡∏ó‡∏£‡∏≤ ‡∏û‡∏ö‡∏û‡∏∑‡πâ‡∏ô‡∏ú‡∏¥‡∏ß‡∏ñ‡∏ô‡∏ô‡∏ä‡∏≥‡∏£‡∏∏‡∏î ‡πÑ‡∏°‡πà‡πÄ‡∏£‡∏µ‡∏¢‡∏ö‡πÄ‡∏™‡∏°‡∏≠‡∏Å‡∏±‡∏ô ‡∏°‡∏µ‡∏•‡∏±‡∏Å‡∏©‡∏ì‡∏∞‡πÄ‡∏õ‡πá‡∏ô‡∏Ñ‡∏•‡∏∑‡πà‡∏ô ‡∏≠‡πâ‡∏≤‡∏á‡∏≠‡∏¥‡∏á‡πÄ‡∏•‡∏Ç‡∏ó‡∏µ‡πà‡∏£‡πâ‡∏≠‡∏á‡∏ó‡∏∏‡∏Å‡∏Ç‡πå NR99BU ‡πÄ‡∏°‡∏∑‡πà‡∏≠‡∏ß‡∏±‡∏ô‡∏ó‡∏µ‡πà 7 ‡∏Å.‡∏û. 67 ‡πÄ‡∏à‡πâ‡∏≤‡∏´‡∏ô‡πâ‡∏≤‡∏ó‡∏µ‡πà‡∏ï‡∏≠‡∏ö‡∏Å‡∏•‡∏±‡∏ö‡∏°‡∏≤‡∏ß‡πà‡∏≤ ‡∏ù‡πà‡∏≤‡∏¢‡πÇ‡∏¢‡∏ò‡∏≤ ‡πÄ‡∏Ç‡∏ï‡∏ö‡∏≤‡∏á‡πÄ‡∏Ç‡∏ô ‡∏™‡πà‡∏á‡∏ï‡πà‡∏≠‡πÑ‡∏õ‡∏¢‡∏±‡∏á ‡∏Å‡∏£‡∏°‡∏ó‡∏≤‡∏á‡∏´‡∏•‡∏ß‡∏á

‡∏õ‡∏±‡∏à‡∏à‡∏∏‡∏ö‡∏±‡∏ô‡∏ú‡∏π‡πâ‡∏£‡πâ‡∏≠‡∏á‡πÅ‡∏à‡πâ‡∏á‡∏ß‡πà‡∏≤ ‡∏¢‡∏±‡∏á‡πÑ‡∏°‡πà‡πÑ‡∏î‡πâ‡∏£‡∏±‡∏ö‡∏Å‡∏≤‡∏£‡πÅ‡∏Å‡πâ‡πÑ‡∏Ç ‡πÅ‡∏à‡πâ‡∏á‡πÄ‡∏£‡∏∑‡πà‡∏≠‡∏á‡πÄ‡∏Ç‡πâ‡∏≤‡∏°‡∏≤‡∏ô‡∏≤‡∏ô‡πÅ‡∏•‡πâ‡∏ß ‡∏¢‡∏±‡∏á‡∏û‡∏ö‡∏û‡∏∑‡πâ‡∏ô‡∏ú‡∏¥‡∏ß‡∏ñ‡∏ô‡∏ô‡∏ä‡∏≥‡∏£‡∏∏‡∏î ‡πÑ‡∏°‡πà‡πÄ‡∏£‡∏µ‡∏¢‡∏ö‡πÄ‡∏™‡∏°‡∏≠‡∏Å‡∏±‡∏ô ‡∏°‡∏µ‡∏•‡∏±‡∏Å‡∏©‡∏ì‡∏∞‡πÄ‡∏õ‡πá‡∏ô‡∏Ñ‡∏•‡∏∑‡πà‡∏ô ‡πÄ‡∏ä‡πà‡∏ô‡πÄ‡∏î‡∏¥‡∏°
‡∏ñ‡∏ô‡∏ô: ‡∏£‡∏≤‡∏°‡∏≠‡∏¥‡∏ô‡∏ó‡∏£‡∏≤
‡πÄ‡∏Ç‡∏ï: ‡∏ö‡∏≤‡∏á‡πÄ‡∏Ç‡∏ô
#1555",445,1,4,26,3,2024,100.61607,13.86348,12.46195016349537
2024-D4WAWA,unknown,‡∏ö‡∏≤‡∏á‡πÅ‡∏Ñ,‡∏ö‡∏≤‡∏á‡πÑ‡∏ú‡πà,‡∏Å‡∏£‡∏∏‡∏á‡πÄ‡∏ó‡∏û‡∏°‡∏´‡∏≤‡∏ô‡∏Ñ‡∏£,low,‡πÑ‡∏ü‡∏™‡∏≤‡∏ò‡∏≤‡∏£‡∏ì‡∏∞‡∏î‡∏±‡∏ö ‡πÄ‡∏™‡∏≤‡πÑ‡∏°‡πà‡∏°‡∏µ‡πÄ‡∏•‡∏Ç ‡∏£‡∏¥‡∏° ‡∏ñ.‡∏ô‡∏Ñ‡∏£‡∏•‡∏∏‡∏á‡∏≠‡∏¢‡∏π‡πà‡∏Å‡πà‡∏≠‡∏ô‡πÄ‡∏™‡∏≤ ‡∏ó74 ‡∏à‡∏∏‡∏î‡∏™‡∏±‡∏á‡πÄ‡∏Å‡∏ï‡∏≠‡∏¢‡∏π‡πà‡∏ö‡∏£‡∏¥‡πÄ‡∏ß‡∏ì‡πÇ‡∏Ñ‡πâ‡∏á‡∏Å‡πà‡∏≠‡∏ô‡∏ñ‡∏∂‡∏á ‡∏ã.‡∏ô‡∏Ñ‡∏£‡∏•‡∏∏‡∏á17 ‡∏õ‡∏£‡∏∞‡∏°‡∏≤‡∏ì 10 ‡πÄ‡∏°‡∏ï‡∏£ ‡∏ñ.‡∏ô‡∏Ñ‡∏£‡∏•‡∏∏‡∏á ‡πÄ‡∏Ç‡∏ï‡∏ö‡∏≤‡∏á‡πÅ‡∏Ñ,127,1,12,25,6,2024,100.37805,13.73197,90.06795582402778
2024-LQGD6Q,noise,‡∏™‡∏∞‡∏û‡∏≤‡∏ô‡∏™‡∏π‡∏á,‡∏™‡∏∞‡∏û‡∏≤‡∏ô‡∏™‡∏π‡∏á,‡∏Å‡∏£‡∏∏‡∏á‡πÄ‡∏ó‡∏û‡∏°‡∏´‡∏≤‡∏ô‡∏Ñ‡∏£,mid,"‡∏°‡∏µ‡∏Å‡∏•‡∏∏‡πà‡∏°‡∏ö‡∏∏‡∏Ñ‡∏Ñ‡∏•‡∏°‡∏≤‡πÉ‡∏ä‡πâ‡∏™‡∏ñ‡∏≤‡∏ô‡∏ó‡∏µ‡πà‡∏™‡∏ß‡∏ô‡∏™‡∏≤‡∏ò‡∏≤‡∏£‡∏ì‡∏∞‡πÉ‡∏ô ‡∏ã‡∏≠‡∏¢‡∏ô‡∏±‡∏Å‡∏Å‡∏µ‡∏¨‡∏≤‡πÅ‡∏´‡∏•‡∏°‡∏ó‡∏≠‡∏á 3 ‡∏´‡∏°‡∏π‡πà‡∏ö‡πâ‡∏≤‡∏ô‡∏ô‡∏±‡∏Å‡∏Å‡∏µ‡∏¨‡∏≤‡πÅ‡∏´‡∏•‡∏°‡∏ó‡∏≠‡∏á 
‡∏Ñ‡∏ß‡∏≤‡∏°‡πÄ‡∏î‡∏∑‡∏≠‡∏î‡∏£‡πâ‡∏≠‡∏ô‡∏õ‡∏£‡∏∞‡∏Å‡∏≠‡∏ö‡πÑ‡∏õ‡∏î‡πâ‡∏ß‡∏¢ 
- ‡πÄ‡∏õ‡∏¥‡∏î‡πÄ‡∏û‡∏•‡∏á‡πÄ‡∏™‡∏µ‡∏¢‡∏á‡∏î‡∏±‡∏á‡πÄ‡∏õ‡πá‡∏ô‡πÄ‡∏ß‡∏•‡∏≤‡∏ô‡∏≤‡∏ô‡∏ï‡∏±‡πâ‡∏á‡πÅ‡∏ï‡πà‡πÄ‡∏ß‡∏•‡∏≤ 19.00 - 22.50 (‡πÅ‡∏à‡πâ‡∏á‡∏ï‡∏≥‡∏£‡∏ß‡∏à‡πÉ‡∏ô‡∏û‡∏∑‡πâ‡∏ô‡∏ó‡∏µ‡πà‡∏ï‡∏±‡πâ‡∏á‡πÅ‡∏ï‡πà‡πÄ‡∏ß‡∏•‡∏≤ 22.00 ‡πÄ‡∏à‡πâ‡∏≤‡∏´‡∏ô‡πâ‡∏≤‡∏ó‡∏µ‡πà‡πÅ‡∏à‡πâ‡∏á‡∏ß‡πà‡∏≤‡∏õ‡∏£‡∏∞‡∏™‡∏≤‡∏ô‡∏õ‡∏£‡∏∞‡∏ò‡∏≤‡∏£‡∏Å‡∏£‡∏£‡∏°‡∏Å‡∏≤‡∏£‡∏´‡∏°‡∏π‡πà‡∏ö‡πâ‡∏≤‡∏ô‡∏ô‡∏±‡∏Å‡∏Å‡∏µ‡∏¨‡∏≤‡πÅ‡∏´‡∏•‡∏°‡∏ó‡∏≠‡∏á‡πÅ‡∏•‡πâ‡∏ß ‡πÉ‡∏´‡πâ‡πÅ‡∏à‡πâ‡∏á‡∏ú‡∏π‡πâ‡∏à‡∏±‡∏î‡∏á‡∏≤‡∏ô‡πÉ‡∏´‡πâ‡∏õ‡∏¥‡∏î‡πÄ‡∏Ñ‡∏£‡∏∑‡πà‡∏≠‡∏á‡πÄ‡∏™‡∏µ‡∏¢‡∏á‡∏ï‡∏≤‡∏°‡πÄ‡∏ß‡∏•‡∏≤‡∏¢‡∏≤‡∏°‡∏ß‡∏¥‡∏Å‡∏≤‡∏• 
- ‡∏ó‡∏≥‡∏•‡∏≤‡∏¢‡∏£‡∏±‡πâ‡∏ß ‡πÄ‡∏≠‡∏≤‡∏£‡∏ñ‡πÄ‡∏Ç‡πâ‡∏≤‡∏°‡∏≤‡πÉ‡∏ô‡∏™‡∏ô‡∏≤‡∏°‡∏Å‡∏µ‡∏¨‡∏≤
- ‡∏ô‡∏≥‡∏™‡∏∏‡∏£‡∏≤‡πÄ‡∏Ç‡πâ‡∏≤‡∏°‡∏≤‡πÉ‡∏ô‡∏™‡∏ß‡∏ô‡∏™‡∏≤‡∏ò‡∏≤‡∏£‡∏ì‡∏∞ 
- ‡∏™‡∏π‡∏ö‡∏ö‡∏∏‡∏´‡∏£‡∏µ‡πà‡πÉ‡∏ô‡∏™‡∏ß‡∏ô‡∏™‡∏≤‡∏ò‡∏≤‡∏£‡∏ì‡∏∞
- ‡∏°‡∏µ‡∏≠‡∏∑‡πà‡∏ô ‡πÜ ‡∏≠‡∏µ‡∏Å‡∏°‡∏≤‡∏Å‡∏°‡∏≤‡∏¢

‡∏à‡∏∞‡∏°‡∏µ‡∏Å‡∏≤‡∏£‡∏•‡∏á‡πÇ‡∏ó‡∏©‡∏ú‡∏π‡πâ‡∏Å‡∏£‡∏∞‡∏ú‡∏¥‡∏î‡∏≠‡∏¢‡πà‡∏≤‡∏á‡πÑ‡∏£ ‡∏õ‡∏µ‡∏´‡∏ô‡πâ‡∏≤‡∏à‡∏∞‡πÉ‡∏´‡πâ‡∏°‡∏µ‡∏Å‡∏≤‡∏£‡∏à‡∏±‡∏î‡∏≠‡∏µ‡∏Å‡πÑ‡∏´‡∏° 

‡∏´‡∏≤‡∏Å‡∏≠‡πâ‡∏≤‡∏á‡∏≠‡∏¥‡∏á‡∏ï‡∏≤‡∏° ‡∏õ‡∏£‡∏∞‡∏Å‡∏≤‡∏®‡∏Ñ‡∏ì‡∏∞‡∏Å‡∏£‡∏£‡∏°‡∏Å‡∏≤‡∏£‡∏™‡∏¥‡πà‡∏á‡πÅ‡∏ß‡∏î‡∏•‡πâ‡∏≠‡∏°‡πÅ‡∏´‡πà‡∏á‡∏ä‡∏≤‡∏ï‡∏¥ ‡∏â‡∏ö‡∏±‡∏ö‡∏ó‡∏µ‡πà 15 (‡∏û.‡∏®. 2540) ‡πÄ‡∏£‡∏∑‡πà‡∏≠‡∏á ‡∏Å‡∏≥‡∏´‡∏ô‡∏î ‡∏°‡∏≤‡∏ï‡∏£‡∏ê‡∏≤‡∏ô‡∏£‡∏∞‡∏î‡∏±‡∏ö‡πÄ‡∏™‡∏µ‡∏¢‡∏á‡πÇ‡∏î‡∏¢‡∏ó‡∏±‡πà‡∏ß‡πÑ‡∏õ ‡∏≠‡∏≠‡∏Å‡πÇ‡∏î‡∏¢‡∏≠‡∏≤‡∏®‡∏±‡∏¢‡∏≠‡∏≥‡∏ô‡∏≤‡∏à‡∏ï‡∏≤‡∏°‡∏°‡∏≤‡∏ï‡∏£‡∏≤ 32(5) ‡πÅ‡∏´‡πà‡∏á‡∏û‡∏£‡∏∞‡∏£‡∏≤‡∏ä‡∏ö‡∏±‡∏ç‡∏ç‡∏±‡∏ï‡∏¥‡∏™‡πà‡∏á‡πÄ‡∏™‡∏£‡∏¥‡∏°‡πÅ‡∏•‡∏∞‡∏£‡∏±‡∏Å‡∏©‡∏≤ ‡∏Ñ‡∏∏‡∏ì‡∏†‡∏≤‡∏û‡∏™‡∏¥‡πà‡∏á‡πÅ‡∏ß‡∏î‡∏•‡πâ‡∏≠‡∏° ‡∏û.‡∏®. 2535 ‡∏°‡∏µ‡∏Å‡∏≤‡∏£‡∏£‡∏∞‡∏ö‡∏∏‡πÄ‡∏Å‡∏µ‡πà‡∏¢‡∏ß‡∏Å‡∏±‡∏ö‡∏Å‡∏≤‡∏£‡πÉ‡∏ä‡πâ‡πÄ‡∏™‡∏µ‡∏¢‡∏á‡πÑ‡∏ß‡πâ‡∏ß‡πà‡∏≤

1.‡∏Ñ‡πà‡∏≤‡∏£‡∏∞‡∏î‡∏±‡∏ö‡πÄ‡∏™‡∏µ‡∏¢‡∏á‡πÄ‡∏â‡∏•‡∏µ‡πà‡∏¢ 24 ‡∏ä‡∏±‡πà‡∏ß‡πÇ‡∏°‡∏á ‡πÑ‡∏°‡πà‡πÄ‡∏Å‡∏¥‡∏ô 70 ‡πÄ‡∏î‡∏ã‡∏¥‡πÄ‡∏ö‡∏•

2.‡∏Ñ‡πà‡∏≤‡∏£‡∏∞‡∏î‡∏±‡∏ö‡πÄ‡∏™‡∏µ‡∏¢‡∏á‡∏™‡∏π‡∏á‡∏™‡∏∏‡∏î ‡πÑ‡∏°‡πà‡πÄ‡∏Å‡∏¥‡∏ô 115 ‡πÄ‡∏î‡∏ã‡∏¥‡πÄ‡∏ö‡∏•‡πÄ‡∏≠



‡∏™‡πà‡∏ß‡∏ô‡∏Å‡∏é‡∏´‡∏°‡∏≤‡∏¢‡πÄ‡∏™‡∏µ‡∏¢‡∏á‡∏£‡∏ö‡∏Å‡∏ß‡∏ô‡∏Ç‡∏≠‡∏á‡∏õ‡∏£‡∏∞‡πÄ‡∏ó‡∏®‡πÑ‡∏ó‡∏¢‡πÉ‡∏ô‡∏õ‡∏±‡∏à‡∏à‡∏∏‡∏ö‡∏±‡∏ô ‡∏™‡∏≥‡∏´‡∏£‡∏±‡∏ö‡πÄ‡∏™‡∏µ‡∏¢‡∏á‡∏£‡∏ö‡∏Å‡∏ß‡∏ô‡∏¢‡∏≤‡∏°‡∏ß‡∏¥‡∏Å‡∏≤‡∏• (22.00-06.00 ‡∏ô.) ‡∏à‡∏∞‡πÉ‡∏ä‡πâ‡πÄ‡∏Å‡∏ì‡∏ë‡πå‡∏Ñ‡∏ß‡∏≤‡∏°‡πÅ‡∏ï‡∏Å‡∏ï‡πà‡∏≤‡∏á‡∏à‡∏≤‡∏Å‡∏£‡∏∞‡∏î‡∏±‡∏ö‡πÄ‡∏™‡∏µ‡∏¢‡∏á‡∏û‡∏∑‡πâ‡∏ô‡∏ê‡∏≤‡∏ô ‡∏ï‡πâ‡∏≠‡∏á‡πÑ‡∏°‡πà‡πÄ‡∏Å‡∏¥‡∏ô 10 ‡πÄ‡∏î‡∏ã‡∏¥‡πÄ‡∏ö‡∏•‡πÄ‡∏≠



‡∏™‡∏≥‡∏´‡∏£‡∏±‡∏ö‡πÇ‡∏ó‡∏©‡∏Å‡∏£‡∏ì‡∏µ‡∏´‡∏≤‡∏Å‡πÄ‡∏û‡∏∑‡πà‡∏≠‡∏ô‡∏ö‡πâ‡∏≤‡∏ô ‡∏´‡∏£‡∏∑‡∏≠‡∏´‡∏ô‡πà‡∏ß‡∏¢‡∏á‡∏≤‡∏ô‡πÉ‡∏Å‡∏•‡πâ‡πÄ‡∏Ñ‡∏µ‡∏¢‡∏á‡πÉ‡∏ô‡∏ä‡∏∏‡∏°‡∏ä‡∏ô ‡∏™‡πà‡∏á‡πÄ‡∏™‡∏µ‡∏¢‡∏á‡∏î‡∏±‡∏á‡∏£‡∏ö‡∏Å‡∏ß‡∏ô‡πÑ‡∏°‡πà‡∏ß‡πà‡∏≤‡∏à‡∏∞‡πÄ‡∏õ‡πá‡∏ô‡∏Å‡∏≤‡∏£‡∏û‡∏π‡∏î‡∏Ñ‡∏∏‡∏¢ ‡πÄ‡∏õ‡∏¥‡∏î‡πÄ‡∏û‡∏•‡∏á ‡∏´‡∏£‡∏∑‡∏≠‡∏™‡∏±‡∏á‡∏™‡∏£‡∏£‡∏Ñ‡πå‡πÄ‡∏™‡∏µ‡∏¢‡∏á‡∏î‡∏±‡∏á‡πÇ‡∏î‡∏¢‡πÑ‡∏°‡πà‡∏°‡∏µ‡πÄ‡∏´‡∏ï‡∏∏‡∏à‡∏≥‡πÄ‡∏õ‡πá‡∏ô ‡∏ñ‡∏∑‡∏≠‡πÄ‡∏õ‡πá‡∏ô‡∏Ñ‡∏ß‡∏≤‡∏°‡∏ú‡∏¥‡∏î‡∏ï‡∏≤‡∏°‡∏õ‡∏£‡∏∞‡∏°‡∏ß‡∏•‡∏Å‡∏é‡∏´‡∏°‡∏≤‡∏¢‡∏≠‡∏≤‡∏ç‡∏≤‡πÉ‡∏ô‡∏°‡∏≤‡∏ï‡∏£‡∏≤‡∏ï‡πà‡∏≤‡∏á ‡πÜ ‡∏î‡∏±‡∏á‡∏ô‡∏µ‡πâ

- ‡∏°‡∏≤‡∏ï‡∏£‡∏≤ 370 ‡∏ú‡∏π‡πâ‡πÉ‡∏î‡∏™‡πà‡∏á‡πÄ‡∏™‡∏µ‡∏¢‡∏á ‡∏ó‡∏≥‡πÉ‡∏´‡πâ‡πÄ‡∏Å‡∏¥‡∏î‡πÄ‡∏™‡∏µ‡∏¢‡∏á‡∏´‡∏£‡∏∑‡∏≠‡∏Å‡∏£‡∏∞‡∏ó‡∏≥‡∏Ñ‡∏ß‡∏≤‡∏°‡∏≠‡∏∑‡πâ‡∏≠‡∏≠‡∏∂‡∏á‡πÇ‡∏î‡∏¢‡πÑ‡∏°‡πà‡∏°‡∏µ‡πÄ‡∏´‡∏ï‡∏∏‡∏≠‡∏±‡∏ô‡∏™‡∏°‡∏Ñ‡∏ß‡∏£ ‡∏à‡∏ô‡∏ó‡∏≥‡πÉ‡∏´‡πâ‡∏õ‡∏£‡∏∞‡∏ä‡∏≤‡∏ä‡∏ô‡∏ï‡∏Å‡πÉ‡∏à‡∏´‡∏£‡∏∑‡∏≠‡πÄ‡∏î‡∏∑‡∏≠‡∏î‡∏£‡πâ‡∏≠‡∏ô ‡∏ï‡πâ‡∏≠‡∏á‡∏£‡∏∞‡∏ß‡∏≤‡∏á‡πÇ‡∏ó‡∏©‡∏õ‡∏£‡∏±‡∏ö‡πÑ‡∏°‡πà‡πÄ‡∏Å‡∏¥‡∏ô 1,000 ‡∏ö‡∏≤‡∏ó

- ‡∏°‡∏≤‡∏ï‡∏£‡∏≤ 397 ‡∏ú‡∏π‡πâ‡πÉ‡∏î‡∏Å‡∏£‡∏∞‡∏ó‡∏≥‡∏î‡πâ‡∏ß‡∏¢‡∏õ‡∏£‡∏∞‡∏Å‡∏≤‡∏£‡πÉ‡∏î‡πÜ ‡∏ï‡πà‡∏≠‡∏ú‡∏π‡πâ‡∏≠‡∏∑‡πà‡∏ô ‡∏≠‡∏±‡∏ô‡πÄ‡∏õ‡πá‡∏ô‡∏Å‡∏≤‡∏£‡∏£‡∏±‡∏á‡πÅ‡∏Å ‡∏Ç‡πà‡∏°‡πÄ‡∏´‡∏á ‡∏Ñ‡∏∏‡∏Å‡∏Ñ‡∏≤‡∏° ‡∏´‡∏£‡∏∑‡∏≠‡∏Å‡∏£‡∏∞‡∏ó‡∏≥‡πÉ‡∏´‡πâ‡πÑ‡∏î‡πâ‡∏£‡∏±‡∏ö‡∏Ñ‡∏ß‡∏≤‡∏°‡∏≠‡∏±‡∏ö‡∏≠‡∏≤‡∏¢‡∏´‡∏£‡∏∑‡∏≠‡πÄ‡∏î‡∏∑‡∏≠‡∏î‡∏£‡πâ‡∏≠‡∏ô‡∏£‡∏≥‡∏Ñ‡∏≤‡∏ç ‡∏ï‡πâ‡∏≠‡∏á‡∏£‡∏∞‡∏ß‡∏≤‡∏á‡πÇ‡∏ó‡∏©‡∏õ‡∏£‡∏±‡∏ö‡πÑ‡∏°‡πà‡πÄ‡∏Å‡∏¥‡∏ô 5,000 ‡∏ö‡∏≤‡∏ó

‡∏ñ‡πâ‡∏≤‡∏Å‡∏≤‡∏£‡∏Å‡∏£‡∏∞‡∏ó‡∏≥‡∏Ñ‡∏ß‡∏≤‡∏°‡∏ú‡∏¥‡∏î‡∏ï‡∏≤‡∏°‡∏ß‡∏£‡∏£‡∏Ñ‡∏´‡∏ô‡∏∂‡πà‡∏á‡πÄ‡∏õ‡πá‡∏ô‡∏Å‡∏≤‡∏£‡∏Å‡∏£‡∏∞‡∏ó‡∏≥‡πÉ‡∏ô‡∏ó‡∏µ‡πà‡∏™‡∏≤‡∏ò‡∏≤‡∏£‡∏ì‡∏™‡∏ñ‡∏≤‡∏ô‡∏´‡∏£‡∏∑‡∏≠‡∏ï‡πà‡∏≠‡∏´‡∏ô‡πâ‡∏≤‡∏ò‡∏≤‡∏£‡∏Å‡∏≥‡∏ô‡∏±‡∏•‡∏´‡∏£‡∏∑‡∏≠‡πÄ‡∏õ‡πá‡∏ô‡∏Å‡∏≤‡∏£‡∏Å‡∏£‡∏∞‡∏ó‡∏≥‡∏≠‡∏±‡∏ô‡∏°‡∏µ‡∏•‡∏±‡∏Å‡∏©‡∏ì‡∏∞‡∏™‡πà‡∏≠‡πÑ‡∏õ‡πÉ‡∏ô‡∏ó‡∏≤‡∏á‡∏ó‡∏µ‡πà‡∏à‡∏∞‡∏•‡πà‡∏ß‡∏á‡πÄ‡∏Å‡∏¥‡∏ô‡∏ó‡∏≤‡∏á‡πÄ‡∏û‡∏® ‡∏ï‡πâ‡∏≠‡∏á‡∏£‡∏∞‡∏ß‡∏≤‡∏á‡πÇ‡∏ó‡∏©‡∏à‡∏≥‡∏Ñ‡∏∏‡∏Å‡πÑ‡∏°‡πà‡πÄ‡∏Å‡∏¥‡∏ô 1 ‡πÄ‡∏î‡∏∑‡∏≠‡∏ô ‡∏´‡∏£‡∏∑‡∏≠‡∏õ‡∏£‡∏±‡∏ö‡πÑ‡∏°‡πà‡πÄ‡∏Å‡∏¥‡∏ô 10,000 ‡∏ö‡∏≤‡∏ó ‡∏´‡∏£‡∏∑‡∏≠‡∏ó‡∏±‡πâ‡∏á‡∏à‡∏≥‡∏ó‡∏±‡πâ‡∏á‡∏õ‡∏£‡∏±‡∏ö

- ‡∏°‡∏≤‡∏ï‡∏£‡∏≤ 90 ‡πÄ‡∏°‡∏∑‡πà‡∏≠‡∏Å‡∏≤‡∏£‡∏Å‡∏£‡∏∞‡∏ó‡∏≥‡πÉ‡∏î‡∏≠‡∏±‡∏ô‡πÄ‡∏õ‡πá‡∏ô‡∏Å‡∏£‡∏£‡∏°‡πÄ‡∏î‡∏µ‡∏¢‡∏ß‡πÄ‡∏õ‡πá‡∏ô‡∏Ñ‡∏ß‡∏≤‡∏°‡∏ú‡∏¥‡∏î‡∏ï‡πà‡∏≠‡∏Å‡∏é‡∏´‡∏°‡∏≤‡∏¢‡∏´‡∏•‡∏≤‡∏¢‡∏ö‡∏ó ‡πÉ‡∏´‡πâ‡πÉ‡∏ä‡πâ‡∏Å‡∏é‡∏´‡∏°‡∏≤‡∏¢‡∏ö‡∏ó‡∏ó‡∏µ‡πà‡∏°‡∏µ‡πÇ‡∏ó‡∏©‡∏´‡∏ô‡∏±‡∏Å‡∏ó‡∏µ‡πà‡∏™‡∏∏‡∏î‡∏•‡∏á‡πÇ‡∏ó‡∏©‡πÅ‡∏Å‡πà‡∏ú‡∏π‡πâ‡∏Å‡∏£‡∏∞‡∏ó‡∏≥‡∏Ñ‡∏ß‡∏≤‡∏°‡∏ú‡∏¥‡∏î



‡∏™‡∏£‡∏∏‡∏õ ‡∏´‡∏≤‡∏Å‡πÄ‡∏û‡∏∑‡πà‡∏≠‡∏ô‡∏ö‡πâ‡∏≤‡∏ô‡∏´‡∏£‡∏∑‡∏≠‡∏™‡∏ñ‡∏≤‡∏ô‡∏ó‡∏µ‡πà‡πÉ‡∏Å‡∏•‡πâ‡πÄ‡∏Ñ‡∏µ‡∏¢‡∏á‡∏ó‡∏≥‡πÄ‡∏™‡∏µ‡∏¢‡∏á‡∏î‡∏±‡∏á‡∏à‡∏ô‡∏ó‡∏≥‡πÉ‡∏´‡πâ‡πÄ‡∏Å‡∏¥‡∏î‡∏Ñ‡∏ß‡∏≤‡∏°‡πÄ‡∏î‡∏∑‡∏≠‡∏î‡∏£‡πâ‡∏≠‡∏ô‡∏£‡∏≥‡∏Ñ‡∏≤‡∏ç ‡∏Å‡πá‡∏™‡∏≤‡∏°‡∏≤‡∏£‡∏ñ‡πÅ‡∏à‡πâ‡∏á‡∏ü‡πâ‡∏≠‡∏á‡πÑ‡∏î‡πâ ‡πÅ‡∏•‡∏∞‡πÄ‡∏û‡∏∑‡πà‡∏≠‡∏ô‡∏ö‡πâ‡∏≤‡∏ô‡∏≠‡∏≤‡∏à‡πÇ‡∏î‡∏ô‡∏õ‡∏£‡∏±‡∏ö‡πÑ‡∏°‡πà‡πÄ‡∏Å‡∏¥‡∏ô 5 ‡∏û‡∏±‡∏ô‡∏ö‡∏≤‡∏ó ‡∏´‡∏≤‡∏Å‡πÄ‡∏™‡∏µ‡∏¢‡∏á‡∏î‡∏±‡∏á‡∏ï‡πà‡∏≠‡∏´‡∏ô‡πâ‡∏≤‡∏Ñ‡∏ô‡∏à‡∏≥‡∏ô‡∏ß‡∏ô‡∏°‡∏≤‡∏Å ‡∏Å‡πá‡∏≠‡∏≤‡∏à‡πÇ‡∏î‡∏ô‡πÇ‡∏ó‡∏©‡∏™‡∏π‡∏á‡∏™‡∏∏‡∏î‡∏à‡∏≥‡∏Ñ‡∏∏‡∏Å 1 ‡πÄ‡∏î‡∏∑‡∏≠‡∏ô ‡πÅ‡∏•‡∏∞‡∏õ‡∏£‡∏±‡∏ö 1 ‡∏´‡∏°‡∏∑‡πà‡∏ô‡∏ö‡∏≤‡∏ó",2039,6,4,24,11,2024,100.69372,13.74222,28.791555815460676
2024-D7T3KN,road,‡∏ö‡∏≤‡∏á‡∏ã‡∏∑‡πà‡∏≠,‡∏ö‡∏≤‡∏á‡∏ã‡∏∑‡πà‡∏≠,‡∏Å‡∏£‡∏∏‡∏á‡πÄ‡∏ó‡∏û‡∏°‡∏´‡∏≤‡∏ô‡∏Ñ‡∏£,high,"‡∏ó‡∏≤‡∏á‡∏°‡πâ‡∏≤‡∏•‡∏≤‡∏¢‡πÑ‡∏°‡πà‡∏õ‡∏•‡∏≠‡∏î‡∏†‡∏±‡∏¢

1. ‡∏Ç‡∏≤‡∏î‡∏Å‡∏≤‡∏£‡∏ó‡∏≤‡∏™‡∏µ‡∏ó‡∏≤‡∏á‡∏°‡πâ‡∏≤‡∏•‡∏≤‡∏¢ ‡∏™‡∏µ‡πÅ‡∏î‡∏á
2. ‡∏Ç‡∏≤‡∏î‡∏ó‡∏≤‡∏á‡∏•‡∏á‡∏•‡∏≤‡∏î‡∏ä‡∏±‡∏ô‡πÄ‡∏û‡∏∑‡πà‡∏≠‡πÉ‡∏´‡πâ‡∏£‡∏ñ‡πÄ‡∏Ç‡πá‡∏ô ‡∏ú‡∏π‡πâ‡∏û‡∏¥‡∏Å‡∏≤‡∏£",90,3,11,24,10,2024,100.53371,13.80551,12.46195016349537
2024-HAXPQ3,road,‡∏î‡∏∏‡∏™‡∏¥‡∏ï,‡∏ñ‡∏ô‡∏ô‡∏ô‡∏Ñ‡∏£‡πÑ‡∏ä‡∏¢‡∏®‡∏£‡∏µ,‡∏Å‡∏£‡∏∏‡∏á‡πÄ‡∏ó‡∏û‡∏°‡∏´‡∏≤‡∏ô‡∏Ñ‡∏£,high,‡∏ñ‡∏ô‡∏ô‡∏ô‡∏Ñ‡∏£‡πÑ‡∏ä‡∏¢‡∏®‡∏£‡∏µ ‡∏à‡∏≤‡∏Å‡∏™‡∏≤‡∏°‡πÄ‡∏™‡∏ô‡∏°‡∏∏‡πà‡∏á‡∏´‡∏ô‡πâ‡∏≤‡∏£‡πà‡∏ß‡∏°‡∏à‡∏¥‡∏ï‡∏ï‡πå ‡∏°‡∏µ‡∏ß‡∏¥‡∏ô‡∏à‡∏±‡∏Å‡∏£‡∏¢‡∏≤‡∏ô‡∏¢‡∏ô‡∏ï‡πå‡∏£‡∏±‡∏ö‡∏à‡πâ‡∏≤‡∏á‡πÄ‡∏≠‡∏≤‡∏Å‡∏£‡∏ß‡∏¢‡∏à‡∏£‡∏≤‡∏à‡∏£‡∏°‡∏≤‡∏Å‡∏±‡πâ‡∏ô‡πÄ‡∏õ‡πá‡∏ô‡∏û‡∏∑‡πâ‡∏ô‡∏ó‡∏µ‡πà‡∏à‡∏≠‡∏î‡∏£‡∏ñ‡∏Ç‡∏≠‡∏á‡∏ß‡∏¥‡∏ô 2-3 ‡∏à‡∏∏‡∏î‡∏ï‡∏•‡∏≠‡∏î‡πÅ‡∏ô‡∏ß‡∏ñ‡∏ô‡∏ô ‡πÇ‡∏î‡∏¢‡∏à‡∏≠‡∏î‡πÉ‡∏ô‡∏•‡∏±‡∏Å‡∏©‡∏ì‡∏∞‡∏Å‡∏µ‡∏î‡∏Ç‡∏ß‡∏≤‡∏á‡∏ä‡πà‡∏≠‡∏á‡∏ó‡∏≤‡∏á‡∏à‡∏£‡∏≤‡∏à‡∏£‡∏ù‡∏±‡πà‡∏á‡∏ã‡πâ‡∏≤‡∏¢‡∏ã‡∏∂‡πà‡∏á‡πÄ‡∏õ‡πá‡∏ô‡∏û‡∏∑‡πâ‡∏ô‡∏ó‡∏µ‡πà‡∏Ç‡∏≤‡∏ß‡πÅ‡∏î‡∏á‡πÅ‡∏•‡∏∞‡∏°‡∏µ‡∏õ‡πâ‡∏≤‡∏¢‡∏´‡πâ‡∏≤‡∏°‡∏à‡∏≠‡∏î‡∏ï‡∏•‡∏≠‡∏î‡πÅ‡∏ô‡∏ß‡∏î‡πâ‡∏ß‡∏¢ ‡πÄ‡∏Ñ‡∏¢‡πÅ‡∏à‡πâ‡∏á‡πÄ‡∏à‡πâ‡∏≤‡∏´‡∏ô‡πâ‡∏≤‡∏ó‡∏µ‡πà‡∏ó‡∏µ‡πà‡πÄ‡∏Å‡∏µ‡πà‡∏¢‡∏ß‡∏Ç‡πâ‡∏≠‡∏á‡∏´‡∏•‡∏≤‡∏¢‡∏£‡∏≠‡∏ö‡πÅ‡∏•‡πâ‡∏ß ‡πÅ‡∏°‡πâ‡∏à‡∏∞‡πÄ‡∏Ñ‡∏¢‡∏°‡∏µ‡∏Å‡∏≤‡∏£‡πÅ‡∏à‡πâ‡∏á‡∏•‡∏á‡∏û‡∏∑‡πâ‡∏ô‡∏ó‡∏µ‡πà‡∏Ç‡∏≠‡∏á‡πÄ‡∏à‡πâ‡∏≤‡∏´‡∏ô‡πâ‡∏≤‡∏ó‡∏µ‡πà‡∏ï‡∏≥‡∏£‡∏ß‡∏à‡πÅ‡∏•‡πâ‡∏ß ‡πÅ‡∏ï‡πà‡∏Å‡πá‡∏¢‡∏±‡∏á‡πÄ‡∏´‡πá‡∏ô‡∏à‡∏≠‡∏î‡∏Å‡∏±‡∏ô‡∏õ‡∏Å‡∏ï‡∏¥‡πÄ‡∏´‡∏°‡∏∑‡∏≠‡∏ô‡πÄ‡∏î‡∏¥‡∏°,337,0,3,16,9,2024,100.51265,13.78494,12.46195016349537
TPZF6E,road,‡∏•‡∏≤‡∏î‡∏û‡∏£‡πâ‡∏≤‡∏ß,‡∏•‡∏≤‡∏î‡∏û‡∏£‡πâ‡∏≤‡∏ß,‡∏Å‡∏£‡∏∏‡∏á‡πÄ‡∏ó‡∏û‡∏°‡∏´‡∏≤‡∏ô‡∏Ñ‡∏£,high,"‡∏õ‡∏±‡∏ç‡∏´‡∏≤: ‡πÄ‡∏î‡∏¥‡∏°‡πÅ‡∏à‡πâ‡∏á‡πÄ‡∏£‡∏∑‡πà‡∏≠‡∏á ‡∏ö‡∏£‡∏¥‡πÄ‡∏ß‡∏ì‡∏î‡∏±‡∏á‡∏Å‡∏•‡πà‡∏≤‡∏ß ‡∏û‡∏ö‡∏Å‡∏•‡∏∏‡πà‡∏°‡∏ß‡∏±‡∏¢‡∏£‡∏∏‡πà‡∏ô‡∏°‡∏±‡∏Å‡∏°‡∏≤‡∏à‡∏±‡∏ö‡∏Å‡∏•‡∏∏‡πà‡∏°‡∏ã‡πâ‡∏≠‡∏°‡∏ä‡∏Å‡∏°‡∏ß‡∏¢‡πÄ‡∏™‡∏µ‡∏¢‡∏á‡∏î‡∏±‡∏á‡∏£‡∏ö‡∏Å‡∏ß‡∏ô ‡∏õ‡∏£‡∏∞‡∏ä‡∏≤‡∏ä‡∏ô‡∏ï‡πâ‡∏≠‡∏á‡∏Å‡∏≤‡∏£‡πÉ‡∏´‡πâ‡πÄ‡∏à‡πâ‡∏≤‡∏´‡∏ô‡πâ‡∏≤‡∏ó‡∏µ‡πà‡πÄ‡∏Ç‡πâ‡∏≤‡∏°‡∏≤‡∏•‡πâ‡∏≠‡∏°‡∏£‡∏±‡πâ‡∏ß ‡πÉ‡∏ô‡∏ä‡πà‡∏ß‡∏á‡πÄ‡∏ß‡∏•‡∏≤‡∏ï‡∏±‡πâ‡∏á‡πÅ‡∏ï‡πà 19.00 ‡∏ô. ‡πÄ‡∏õ‡πá‡∏ô‡∏ï‡πâ‡∏ô‡πÑ‡∏õ ‡πÇ‡∏î‡∏¢‡∏Å‡∏•‡∏∏‡πà‡∏°‡∏ú‡∏π‡πâ‡∏ä‡∏Å‡∏°‡∏ß‡∏¢‡∏à‡∏∞‡∏°‡∏≤‡πÄ‡∏õ‡πá‡∏ô‡∏ö‡∏≤‡∏á‡∏ß‡∏±‡∏ô 
‡πÅ‡∏•‡∏∞‡∏ï‡πâ‡∏≠‡∏á‡∏Å‡∏≤‡∏£‡πÉ‡∏´‡πâ‡∏•‡πâ‡∏≠‡∏°‡∏£‡∏±‡πâ‡∏ß‡∏ö‡πà‡∏≠‡∏û‡∏±‡∏Å‡∏ó‡∏±‡πâ‡∏á‡∏ó‡∏≤‡∏á‡∏ã‡πâ‡∏≤‡∏¢‡πÅ‡∏•‡∏∞‡∏ó‡∏≤‡∏á‡∏Ç‡∏ß‡∏≤ ‡∏Ñ‡∏ß‡∏≤‡∏°‡∏Å‡∏ß‡πâ‡∏≤‡∏á 4*4 ‡πÄ‡∏°‡∏ï‡∏£ ‡∏™‡∏π‡∏á 70 ‡πÄ‡∏ã‡∏ô‡∏ï‡∏¥‡πÄ‡∏°‡∏ï‡∏£ ‡πÄ‡∏û‡∏∑‡πà‡∏≠‡πÑ‡∏°‡πà‡πÉ‡∏´‡πâ‡∏Å‡∏•‡∏∏‡πà‡∏°‡πÄ‡∏¢‡∏≤‡∏ß‡∏ä‡∏ô‡∏™‡∏≤‡∏°‡∏≤‡∏£‡∏ñ‡πÉ‡∏ä‡πâ‡πÄ‡∏õ‡πá‡∏ô‡∏ó‡∏µ‡πà‡∏ä‡∏Å‡∏°‡∏ß‡∏¢‡πÑ‡∏î‡πâ

‡∏≠‡πâ‡∏≤‡∏á‡∏≠‡∏¥‡∏á‡πÄ‡∏•‡∏Ç‡∏ó‡∏µ‡πà‡∏£‡∏±‡∏ö‡πÅ‡∏à‡πâ‡∏á DXVUWY ‡πÄ‡∏à‡πâ‡∏≤‡∏´‡∏ô‡πâ‡∏≤‡∏ó‡∏µ‡πà‡∏ï‡∏≠‡∏ö‡∏Å‡∏•‡∏±‡∏ö‡∏°‡∏≤‡πÄ‡∏°‡∏∑‡πà‡∏≠‡∏ß‡∏±‡∏ô‡∏ó‡∏µ‡πà 26 ‡∏™.‡∏Ñ. 67 ‡∏Å‡∏≥‡∏•‡∏±‡∏á‡∏î‡∏≥‡πÄ‡∏ô‡∏¥‡∏ô‡∏Å‡∏≤‡∏£‡πÉ‡∏ô‡∏™‡πà‡∏ß‡∏ô‡∏ó‡∏µ‡πà‡πÄ‡∏Å‡∏µ‡πà‡∏¢‡∏ß‡∏Ç‡πâ‡∏≠‡∏á

‡∏ú‡∏π‡πâ‡∏£‡πâ‡∏≠‡∏á‡πÅ‡∏à‡πâ‡∏á‡∏ß‡πà‡∏≤ ‡∏õ‡∏±‡∏ç‡∏´‡∏≤‡∏¢‡∏±‡∏á‡πÑ‡∏°‡πà‡πÑ‡∏î‡πâ‡∏£‡∏±‡∏ö‡∏Å‡∏≤‡∏£‡πÅ‡∏Å‡πâ‡πÑ‡∏Ç ‡∏¢‡∏±‡∏á‡∏Ñ‡∏á‡∏°‡∏µ‡∏Å‡∏≤‡∏£‡∏£‡∏ß‡∏°‡∏ï‡∏±‡∏ß‡∏Ç‡∏≠‡∏á‡∏Å‡∏•‡∏∏‡πà‡∏°‡∏ß‡∏±‡∏¢‡∏£‡∏∏‡πà‡∏ô ‡∏ú‡∏∏‡πâ‡∏Ñ‡πâ‡∏≤‡∏Ç‡∏≠‡∏á‡πÄ‡∏Å‡πà‡∏≤ ‡πÅ‡∏•‡∏∞‡πÄ‡∏î‡πá‡∏Å‡∏ô‡∏±‡∏Å‡πÄ‡∏£‡∏µ‡∏¢‡∏ô‡∏´‡∏•‡∏±‡∏á‡πÄ‡∏•‡∏¥‡∏Å‡πÄ‡∏£‡∏µ‡∏¢‡∏ô‡πÄ‡∏Ç‡πâ‡∏≤‡∏°‡∏≤‡πÄ‡∏•‡πà‡∏ô‡∏ü‡∏∏‡∏ï‡∏ö‡∏≠‡∏•‡πÅ‡∏•‡∏∞‡∏õ‡∏≤‡∏Ç‡∏ß‡∏î‡πÄ‡∏ö‡∏µ‡∏¢‡∏£‡πå‡πÉ‡∏™‡πà‡∏ö‡πâ‡∏≤‡∏ô‡∏õ‡∏£‡∏∞‡∏ä‡∏≤‡∏ä‡∏ô‡πÄ‡∏™‡∏µ‡∏¢‡∏á‡∏î‡∏±‡∏á‡∏£‡∏ö‡∏Å‡∏ß‡∏ô ‡∏à‡∏∂‡∏á‡∏¢‡∏±‡∏á‡∏ï‡πâ‡∏≠‡∏á‡∏Å‡∏≤‡∏£‡πÉ‡∏´‡πâ‡∏°‡∏µ‡∏Å‡∏≤‡∏£‡∏•‡πâ‡∏≠‡∏°‡∏£‡∏±‡πâ‡∏ß‡∏ï‡∏≤‡∏°‡∏ó‡∏µ‡πà‡πÄ‡∏Ñ‡∏¢‡πÑ‡∏î‡πâ‡πÅ‡∏à‡πâ‡∏á‡πÑ‡∏ß‡πâ‡∏Å‡πà‡∏≠‡∏ô‡∏´‡∏ô‡πâ‡∏≤‡∏ô‡∏µ‡πâ
‡∏ñ‡∏ô‡∏ô: ‡πÄ‡∏™‡∏ô‡∏≤‡∏ô‡∏¥‡∏Ñ‡∏° 1
‡∏à‡∏∏‡∏î‡∏™‡∏±‡∏á‡πÄ‡∏Å‡∏ï: ‡∏ö‡∏£‡∏¥‡πÄ‡∏ß‡∏ì‡πÉ‡∏ï‡πâ‡∏™‡∏∞‡∏û‡∏≤‡∏ô‡∏ß‡∏±‡∏á‡∏´‡∏¥‡∏ô ‡∏£‡∏¥‡∏°‡∏Ñ‡∏•‡∏≠‡∏á‡∏•‡∏≤‡∏î‡∏û‡∏£‡πâ‡∏≤‡∏ß  ‡∏´‡∏ô‡πâ‡∏≤‡∏â‡∏±‡∏ï‡∏£‡∏™‡∏≤‡∏Ñ‡∏£‡∏≠‡∏û‡∏≤‡∏£‡πå‡∏ó‡πÄ‡∏°‡πâ‡∏ô‡∏ó‡πå
‡πÄ‡∏Ç‡∏ï: ‡∏•‡∏≤‡∏î‡∏û‡∏£‡πâ‡∏≤‡∏ß
#1555",780,4,10,20,12,2024,100.59031,13.8321,12.46195016349537
2024-3KF2BE,road,‡∏ö‡∏≤‡∏á‡∏Ñ‡∏≠‡πÅ‡∏´‡∏•‡∏°,‡∏ö‡∏≤‡∏á‡πÇ‡∏Ñ‡∏•‡πà,‡∏Å‡∏£‡∏∏‡∏á‡πÄ‡∏ó‡∏û‡∏°‡∏´‡∏≤‡∏ô‡∏Ñ‡∏£,high,"‡∏£‡∏ñ‡∏ö‡∏£‡∏£‡∏ó‡∏∏‡∏Å‡πÄ‡∏Å‡∏¥‡∏ô 10 ‡∏•‡πâ‡∏≠‡∏õ‡πâ‡∏≤‡∏¢‡∏ó‡∏∞‡πÄ‡∏ö‡∏µ‡∏¢‡∏ô 70-8599 ‡∏£‡∏≤‡∏ä‡∏ö‡∏∏‡∏£‡∏µ
‡∏ù‡πà‡∏≤‡∏ù‡∏∑‡∏ô‡∏Ç‡∏±‡∏ö‡∏Ç‡∏∂‡πâ‡∏ô‡∏™‡∏∞‡∏û‡∏≤‡∏ô‡∏Ç‡πâ‡∏≤‡∏°‡πÅ‡∏¢‡∏Å (22/11/24 ‡πÄ‡∏ß‡∏•‡∏≤ 22.06 ‡∏ô.)

‡∏ô‡πà‡∏≤‡∏à‡∏∞‡πÄ‡∏õ‡πá‡∏ô‡∏Ñ‡∏ß‡∏≤‡∏°‡∏ú‡∏¥‡∏î‡∏ï‡∏≤‡∏°‡∏Å‡∏é‡∏´‡∏°‡∏≤‡∏¢‡∏ß‡πà‡∏≤‡∏î‡πâ‡∏ß‡∏¢‡∏à‡∏£‡∏≤‡∏à‡∏£‡∏ó‡∏≤‡∏á‡∏ö‡∏Å ‡∏£‡∏ö‡∏Å‡∏ß‡∏ô‡∏î‡∏≥‡πÄ‡∏ô‡∏¥‡∏ô‡∏Å‡∏≤‡∏£‡∏õ‡∏£‡∏±‡∏ö‡∏î‡πâ‡∏ß‡∏¢‡∏Ñ‡∏£‡∏±‡∏ö ‡πÅ‡∏•‡∏∞‡∏ó‡∏≥‡πÉ‡∏´‡πâ‡∏™‡∏∞‡∏û‡∏≤‡∏ô‡∏Ç‡∏≥‡∏£‡∏∏‡∏î‡πÑ‡∏ß‡∏Å‡∏ß‡πà‡∏≤‡πÄ‡∏ß‡∏•‡∏≤‡∏≠‡∏±‡∏ô‡∏™‡∏°‡∏Ñ‡∏ß‡∏£  ‡πÇ‡∏õ‡∏£‡∏î‡∏î‡∏≥‡πÄ‡∏ô‡∏¥‡∏ô‡∏Å‡∏≤‡∏£‡∏≠‡∏¢‡πà‡∏≤‡∏á‡πÄ‡∏Ñ‡∏£‡πà‡∏á‡∏Ñ‡∏£‡∏±‡∏î‡∏î‡πâ‡∏ß‡∏¢‡∏Ñ‡∏£‡∏±‡∏ö",242,4,15,22,11,2024,100.51947,13.6864,12.46195016349537
2024-EMVQTK,road,‡∏ö‡∏≤‡∏á‡∏ã‡∏∑‡πà‡∏≠,‡∏ß‡∏á‡∏®‡πå‡∏™‡∏ß‡πà‡∏≤‡∏á,‡∏Å‡∏£‡∏∏‡∏á‡πÄ‡∏ó‡∏û‡∏°‡∏´‡∏≤‡∏ô‡∏Ñ‡∏£,high,‡∏ó‡∏≤‡∏á‡πÄ‡∏ó‡πâ‡∏≤‡πÉ‡∏ï‡πâ‡∏™‡∏∞‡∏û‡∏≤‡∏ô‡∏ï‡∏£‡∏á‡∏Ç‡πâ‡∏≤‡∏°‡∏´‡πâ‡∏≤‡∏á‡∏ö‡πâ‡πä‡∏Å‡∏ã‡∏µ ‡∏ß‡∏á‡∏®‡πå‡∏™‡∏ß‡πà‡∏≤‡∏á ‡πÄ‡∏õ‡πá‡∏ô‡∏´‡∏•‡∏∏‡∏°‡πÉ‡∏´‡∏ç‡πà‡∏°‡∏≤‡∏Å,58,0,12,8,1,2024,100.52778,13.82772,12.46195016349537
2025-GA98XL,road,‡∏î‡∏∏‡∏™‡∏¥‡∏ï,‡∏ñ‡∏ô‡∏ô‡∏ô‡∏Ñ‡∏£‡πÑ‡∏ä‡∏¢‡∏®‡∏£‡∏µ,‡∏Å‡∏£‡∏∏‡∏á‡πÄ‡∏ó‡∏û‡∏°‡∏´‡∏≤‡∏ô‡∏Ñ‡∏£,high,"‡πÄ‡∏ß‡∏•‡∏≤ 23.00 ‡∏ô. ‡∏ö‡∏£‡∏¥‡∏©‡∏±‡∏ó‡∏£‡∏±‡∏ö‡πÄ‡∏´‡∏°‡∏≤ ‡∏≠‡πâ‡∏≤‡∏á‡∏ß‡πà‡∏≤‡∏ï‡πâ‡∏≠‡∏á‡∏°‡∏≤‡πÄ‡∏à‡∏≤‡∏∞‡∏ñ‡∏ô‡∏ô ‡∏ß‡∏≤‡∏á‡πÅ‡∏ô‡∏ß‡∏ó‡πà‡∏≠‡∏õ‡∏£‡∏∞‡∏õ‡∏≤ ‡∏ó‡∏µ‡πà‡∏ñ‡∏ô‡∏ô‡∏™‡∏≤‡∏°‡πÄ‡∏™‡∏ô ‡πÉ‡∏Å‡∏•‡πâ‡∏õ‡∏≤‡∏Å‡∏ã‡∏≠‡∏¢‡∏™‡∏≤‡∏°‡πÄ‡∏™‡∏ô28
‡∏ã‡∏∂‡πà‡∏á‡∏°‡∏µ‡∏ó‡∏±‡πâ‡∏á‡πÄ‡∏™‡∏µ‡∏¢‡∏á‡πÄ‡∏à‡∏≤‡∏∞‡∏ó‡∏µ‡πà‡∏î‡∏±‡∏á‡∏™‡∏ô‡∏±‡πà‡∏ô‡πÅ‡∏•‡∏∞‡∏ù‡∏∏‡πà‡∏ô‡∏Ñ‡∏ß‡∏±‡∏ô ‡∏Å‡∏£‡∏∞‡∏ó‡∏ö ‡∏ä‡∏≤‡∏ß‡∏ö‡πâ‡∏≤‡∏ô‡∏õ‡∏£‡∏∞‡∏ä‡∏≤‡∏ä‡∏ô ‡∏ã‡∏∂‡πà‡∏á‡πÄ‡∏õ‡πá‡∏ô‡πÄ‡∏ß‡∏•‡∏≤‡∏ô‡∏≠‡∏ô",174,3,16,9,1,2025,100.51579,13.79047,12.46195016349537
2024-C9D3C6,road,‡∏ö‡∏≤‡∏á‡πÄ‡∏Ç‡∏ô,‡∏≠‡∏ô‡∏∏‡∏™‡∏≤‡∏ß‡∏£‡∏µ‡∏¢‡πå,‡∏Å‡∏£‡∏∏‡∏á‡πÄ‡∏ó‡∏û‡∏°‡∏´‡∏≤‡∏ô‡∏Ñ‡∏£,high,‡∏ü‡∏∏‡∏ï‡∏ö‡∏≤‡∏ó‡∏ó‡∏µ‡πà‡πÄ‡∏õ‡πá‡∏ô‡∏ó‡∏≤‡∏á‡πÄ‡∏î‡∏¥‡∏ô‡∏Ç‡∏≠‡∏á‡∏ú‡∏π‡πâ‡∏û‡∏¥‡∏Å‡∏≤‡∏£‡∏ó‡∏≤‡∏á‡∏™‡∏≤‡∏¢‡∏ï‡∏≤‡πÄ‡∏•‡∏∞‡∏Å‡∏£‡∏∞‡∏î‡∏Å‡∏Ç‡∏∂‡πâ‡∏ô‡∏°‡∏≤‡πÄ‡∏¢‡∏≠‡∏∞‡∏°‡∏≤‡∏Å‡πÄ‡∏•‡∏¢‡∏Ñ‡∏£‡∏±‡∏ö‡∏Å‡∏•‡∏±‡∏ß‡∏à‡∏∞‡πÄ‡∏õ‡πá‡∏ô‡∏≠‡∏±‡∏ô‡∏ï‡∏£‡∏≤‡∏¢‡∏ô‡∏∞‡∏Ñ‡∏£‡∏±‡∏ö,90,6,12,24,11,2024,100.5974,13.87513,12.46195016349537
2024-ADFQ2R,road,‡∏´‡πâ‡∏ß‡∏¢‡∏Ç‡∏ß‡∏≤‡∏á,‡∏ö‡∏≤‡∏á‡∏Å‡∏∞‡∏õ‡∏¥,‡∏Å‡∏£‡∏∏‡∏á‡πÄ‡∏ó‡∏û‡∏°‡∏´‡∏≤‡∏ô‡∏Ñ‡∏£,high,‡πÑ‡∏ü‡∏à‡∏£‡∏≤‡∏à‡∏£‡∏ä‡∏≥‡∏£‡∏∏‡∏î,12,1,5,16,1,2024,100.56916,13.75212,12.46195016349537
2025-FFRWDE,noise,‡∏à‡∏ï‡∏∏‡∏à‡∏±‡∏Å‡∏£,‡∏à‡∏±‡∏ô‡∏ó‡∏£‡πÄ‡∏Å‡∏©‡∏°,‡∏Å‡∏£‡∏∏‡∏á‡πÄ‡∏ó‡∏û‡∏°‡∏´‡∏≤‡∏ô‡∏Ñ‡∏£,mid,‡∏õ‡∏±‡∏ç‡∏´‡∏≤‡πÄ‡∏î‡∏≠‡∏°‡∏ï‡∏≤‡∏°‡∏ó‡∏µ‡πà‡πÄ‡∏Ñ‡∏¢‡πÅ‡∏à‡πâ‡∏á‡πÑ‡∏õ ‡πÅ‡∏•‡∏∞‡πÄ‡∏à‡πâ‡∏≤‡∏´‡∏ô‡πâ‡∏≤‡∏ó‡∏µ‡πà‡πÑ‡∏î‡πâ‡πÄ‡∏õ‡∏¥‡∏î‡πÄ‡∏Ñ‡∏™‡πÑ‡∏õ‡∏´‡∏•‡∏≤‡∏¢‡∏Ñ‡∏£‡∏±‡πâ‡∏á ‡πÅ‡∏ï‡πà‡∏õ‡∏±‡∏ç‡∏´‡∏≤‡∏¢‡∏±‡∏á‡∏Ñ‡∏á‡πÄ‡∏Å‡∏¥‡∏î‡∏Ç‡∏∂‡πâ‡∏ô ‡∏°‡∏µ‡∏ó‡∏±‡πâ‡∏á‡πÄ‡∏à‡πâ‡∏≤‡∏´‡∏ô‡πâ‡∏≤‡∏ó‡∏µ‡πà‡πÄ‡∏ó‡∏®‡∏Å‡∏¥‡∏à ‡∏ï‡∏≥‡∏£‡∏ß‡∏à‡∏°‡∏≤‡∏´‡∏•‡∏≤‡∏¢‡∏Ñ‡∏£‡∏±‡πâ‡∏á‡πÅ‡∏ï‡πà‡∏Ñ‡∏ô‡πÉ‡∏ô‡∏ö‡πâ‡∏≤‡∏ô‡∏¢‡∏±‡∏á‡∏ó‡∏≥‡∏û‡∏§‡∏ï‡∏¥‡∏Å‡∏£‡∏£‡∏°‡πÄ‡∏ä‡πà‡∏ô‡πÄ‡∏î‡∏¥‡∏° ‡πÄ‡∏™‡∏µ‡∏¢‡∏á‡∏î‡∏±‡∏á ‡∏°‡∏±‡πà‡∏ß‡∏™‡∏∏‡∏° ‡∏°‡∏µ‡∏Å‡∏≤‡∏£‡∏™‡∏π‡∏ö‡∏ö‡∏∏‡∏´‡∏£‡∏µ‡πà‡πÑ‡∏ü‡∏ü‡πâ‡∏≤‡πÅ‡∏ö‡∏ö‡πÄ‡∏´‡πá‡∏ô‡πÑ‡∏î‡πâ‡∏ä‡∏±‡∏î ‡πÄ‡∏´‡∏°‡∏∑‡∏≠‡∏ô‡πÄ‡∏õ‡πá‡∏ô‡∏Å‡∏≤‡∏£‡∏ó‡∏≥‡∏ï‡∏±‡∏ß‡πÄ‡∏¢‡πâ‡∏¢‡∏Å‡∏é‡∏´‡∏°‡∏≤‡∏¢‡πÅ‡∏•‡∏∞‡πÄ‡∏à‡πâ‡∏≤‡∏´‡∏ô‡πâ‡∏≤‡∏ó‡∏µ‡πà ‡∏õ‡∏±‡∏ç‡∏´‡∏≤‡πÄ‡∏™‡∏µ‡∏¢‡∏á‡∏î‡∏±‡∏á‡∏°‡∏±‡πà‡∏ß‡∏™‡∏∏‡∏°‡πÄ‡∏Å‡∏¥‡∏î‡∏ï‡πà‡∏≠‡πÄ‡∏ô‡∏∑‡πà‡∏≠‡∏á‡∏°‡∏≤‡πÄ‡∏õ‡πá‡∏ô‡πÄ‡∏î‡∏∑‡∏≠‡∏ô ‡πÑ‡∏°‡πà‡πÑ‡∏î‡πâ‡∏£‡∏±‡∏ö‡∏Å‡∏≤‡∏£‡πÅ‡∏Å‡πâ‡πÑ‡∏Ç‡πÄ‡∏•‡∏¢ ‡∏õ‡∏¥‡∏î‡πÄ‡∏Ñ‡πÑ‡∏õ‡∏Å‡∏µ‡πà‡∏Ñ‡∏£‡∏±‡πâ‡∏á‡πÜ‡∏Å‡πá‡πÄ‡∏´‡∏°‡∏∑‡∏≠‡∏ô‡πÄ‡∏î‡∏¥‡∏° (‡∏ï‡∏≤‡∏°‡∏£‡∏π‡∏õ‡πÅ‡∏ô‡∏ö) ‡∏≠‡∏¢‡∏≤‡∏Å‡πÉ‡∏´‡πâ‡πÅ‡∏Å‡πâ‡∏õ‡∏±‡∏ç‡∏´‡∏≤‡∏≠‡∏¢‡πà‡∏≤‡∏á‡∏à‡∏£‡∏¥‡∏á‡∏à‡∏±‡∏á ‡πÄ‡∏û‡∏£‡∏≤‡∏∞‡∏ó‡∏µ‡πà‡∏ú‡πà‡∏≤‡∏ô‡πÜ‡∏°‡∏≤‡πÄ‡∏´‡∏°‡∏∑‡∏≠‡∏ô‡πÄ‡∏à‡πâ‡∏≤‡∏´‡∏ô‡πâ‡∏≤‡∏ó‡∏µ‡πà‡∏°‡∏≤‡πÅ‡∏â‡∏¢‡πÜ ‡∏™‡∏≠‡∏ö‡∏ñ‡∏≤‡∏° 2-3 ‡∏õ‡∏£‡∏∞‡πÇ‡∏¢‡∏Ñ‡∏ñ‡πà‡∏≤‡∏¢‡∏£‡∏π‡∏õ ‡∏õ‡∏¥‡∏î‡πÄ‡∏Ñ‡∏™ ‡∏à‡∏ö‡∏á‡∏≤‡∏ô ‡∏Å‡πá‡∏Å‡∏•‡∏±‡∏ö‡πÑ‡∏õ ‡πÄ‡∏Ñ‡∏™‡∏ô‡∏µ‡πâ‡∏ö‡πà‡∏á‡∏ö‡∏≠‡∏Å‡πÑ‡∏î‡πâ‡∏ñ‡∏∂‡∏á‡∏Ñ‡∏ß‡∏≤‡∏°‡πÑ‡∏°‡πà‡∏°‡∏µ‡∏à‡∏¥‡∏ï‡∏™‡∏≥‡∏ô‡∏∂‡∏Å‡∏Ç‡∏≠‡∏á‡∏Ñ‡∏ô‡∏Å‡πà‡∏≠‡πÄ‡∏´‡∏ï‡∏∏‡πÑ‡∏î‡πâ‡∏ä‡∏±‡∏î‡∏°‡∏≤‡∏Å ‡πÅ‡∏•‡∏∞‡∏ó‡∏≥‡πÉ‡∏´‡πâ‡∏†‡∏≤‡∏û‡∏•‡∏±‡∏Å‡∏©‡πå‡∏Ç‡∏≠‡∏á‡πÄ‡∏à‡πâ‡∏≤‡∏´‡∏ô‡πâ‡∏≤‡∏ó‡∏µ‡πà‡∏ó‡∏µ‡πà‡∏°‡∏≤‡∏ó‡∏≥‡∏≤‡∏ô‡πÄ‡∏™‡∏µ‡∏¢‡πÑ‡∏õ‡∏î‡πâ‡∏ß‡∏¢ ‡πÄ‡∏û‡∏£‡∏≤‡∏∞‡∏Ñ‡∏ô‡∏Å‡πà‡∏≠‡πÄ‡∏´‡∏ï‡∏∏‡πÑ‡∏°‡πà‡πÄ‡∏Å‡∏£‡∏á‡∏Å‡∏•‡∏±‡∏ß‡πÉ‡∏î‡πÜ ‡∏¢‡∏±‡∏á‡∏ó‡∏≥‡∏û‡∏§‡∏ï‡∏¥‡∏Å‡∏£‡∏£‡∏°‡πÄ‡πÄ‡∏î‡∏¥‡∏°‡πÜ‡πÅ‡∏•‡∏∞‡∏ó‡∏≥‡πÄ‡∏™‡∏µ‡∏¢‡∏á‡∏î‡∏±‡∏á‡∏°‡∏±‡πà‡∏ß‡∏™‡∏∏‡∏° ‡πÄ‡∏¢‡∏≤‡∏∞‡πÄ‡∏¢‡πâ‡∏¢‡πÄ‡∏à‡πâ‡∏≤‡∏´‡∏ô‡πâ‡∏≤‡∏ó‡∏µ‡πà‡∏´‡∏ô‡∏±‡∏Å‡∏Ç‡∏∂‡πâ‡∏ô,673,6,6,12,1,2025,100.58326,13.82299,28.791555815460676
2025-4FYF2M,road,‡∏™‡∏∞‡∏û‡∏≤‡∏ô‡∏™‡∏π‡∏á,‡∏™‡∏∞‡∏û‡∏≤‡∏ô‡∏™‡∏π‡∏á,‡∏Å‡∏£‡∏∏‡∏á‡πÄ‡∏ó‡∏û‡∏°‡∏´‡∏≤‡∏ô‡∏Ñ‡∏£,high,‡∏°‡∏µ‡∏£‡∏ñ‡∏ö‡∏£‡∏£‡∏ó‡∏∏‡∏Å 6 ‡∏•‡πâ‡∏≠‡∏Ñ‡∏≤‡∏î‡∏ß‡πà‡∏≤‡∏ô‡πà‡∏≤‡∏à‡∏∞‡πÄ‡∏õ‡πá‡∏ô‡∏Ç‡∏≠‡∏á‡∏•‡∏π‡∏Å‡∏ö‡πâ‡∏≤‡∏ô‡πÉ‡∏ô‡∏´‡∏°‡∏π‡πà‡∏ö‡πâ‡∏≤‡∏ô‡∏û‡∏•‡∏µ‡πÇ‡∏ô‡πà ‡∏û‡∏£‡∏∞‡∏£‡∏≤‡∏°9-‡∏Å‡∏£‡∏∏‡∏á‡πÄ‡∏ó‡∏û‡∏Å‡∏£‡∏µ‡∏ë‡∏≤2 ‡∏à‡∏∞‡∏°‡∏≤‡∏à‡∏≠‡∏î‡∏ó‡∏µ‡πà‡∏ñ‡∏ô‡∏ô‡∏´‡∏ô‡πâ‡∏≤‡∏´‡∏°‡∏π‡πà‡∏ö‡πâ‡∏≤‡∏ô‡πÄ‡∏õ‡πá‡∏ô‡∏õ‡∏£‡∏∞‡∏à‡∏≥ ‡πÄ‡∏ô‡∏∑‡πà‡∏≠‡∏á‡∏à‡∏≤‡∏Å‡∏ï‡∏≠‡∏ô‡∏ô‡∏µ‡πâ‡∏ñ‡∏ô‡∏ô‡∏¢‡∏Å‡πÄ‡∏õ‡πá‡∏ô‡∏û‡∏∑‡πâ‡∏ô‡∏ó‡∏µ‡πà‡∏™‡∏≤‡∏ò‡∏≤‡∏£‡∏ì‡∏∞‡πÑ‡∏õ‡πÅ‡∏•‡πâ‡∏ß‡∏Ñ‡∏¥‡∏î‡∏ß‡πà‡∏≤‡πÑ‡∏°‡πà‡∏™‡∏°‡∏Ñ‡∏ß‡∏£‡∏°‡∏≤‡∏à‡∏≠‡∏î‡πÉ‡∏ô‡∏à‡∏∏‡∏î‡∏ô‡∏µ‡πâ‡∏≠‡∏µ‡∏Å‡πÅ‡∏•‡πâ‡∏ß ‡∏û‡∏≠‡∏à‡∏∞‡πÄ‡∏õ‡πá‡∏ô‡πÑ‡∏õ‡πÑ‡∏î‡πâ‡πÑ‡∏´‡∏°‡∏ó‡∏µ‡πà‡∏à‡∏∞‡πÄ‡∏™‡∏ô‡∏≠‡πÉ‡∏´‡πâ‡πÄ‡∏à‡πâ‡∏≤‡∏Ç‡∏≠‡∏á‡∏£‡∏ñ‡πÑ‡∏õ‡∏´‡∏≤‡πÄ‡∏ä‡πà‡∏≤‡∏ó‡∏µ‡πà‡∏à‡∏≠‡∏î‡∏£‡∏ñ‡πÉ‡∏´‡πâ‡πÄ‡∏õ‡πá‡∏ô‡πÄ‡∏£‡∏∑‡πà‡∏≠‡∏á‡πÄ‡∏õ‡πá‡∏ô‡∏£‡∏≤‡∏ß‡πÅ‡∏ó‡∏ô‡∏ó‡∏µ‡πà‡∏à‡∏∞‡∏°‡∏≤‡∏à‡∏≠‡∏î‡πÅ‡∏õ‡∏∞‡∏ö‡∏ô‡∏ñ‡∏ô‡∏ô‡∏ó‡∏µ‡πà‡πÄ‡∏õ‡πá‡∏ô‡∏ó‡∏µ‡πà‡∏™‡∏≤‡∏ò‡∏≤‡∏£‡∏ì‡∏∞‡πÑ‡∏õ‡πÅ‡∏•‡πâ‡∏ß ‡∏£‡∏ß‡∏°‡∏ñ‡∏∂‡∏á‡∏£‡∏ñ‡πÄ‡∏•‡πá‡∏Å‡∏ó‡∏µ‡πà‡∏ä‡∏≠‡∏ö‡∏°‡∏≤‡∏à‡∏≠‡∏î‡∏´‡∏ô‡πâ‡∏≤‡∏´‡∏°‡∏π‡πà‡∏ö‡πâ‡∏≤‡∏ô‡∏î‡πâ‡∏ß‡∏¢‡∏Ñ‡∏£‡∏±‡∏ö,355,6,5,5,1,2025,100.70612,13.74594,12.46195016349537
