ticket_id,std_type,district,subdistrict,province_clean,urgency,comment,comment_length,day_of_week,hour_of_day,day,month,year,lng,lat,SLA_days,breach,temp_high,temp_low,humidity_high,humidity_low,pressure_high,pressure_low
2024-9LQTGH,lighting,‡∏ß‡∏±‡∏í‡∏ô‡∏≤,‡∏Ñ‡∏•‡∏≠‡∏á‡∏ï‡∏±‡∏ô‡πÄ‡∏´‡∏ô‡∏∑‡∏≠,‡∏Å‡∏£‡∏∏‡∏á‡πÄ‡∏ó‡∏û‡∏°‡∏´‡∏≤‡∏ô‡∏Ñ‡∏£,high,‡∏Å‡∏¥‡πà‡∏á‡πÑ‡∏°‡πâ‡∏û‡∏≤‡∏î‡∏™‡∏≤‡∏¢‡πÑ‡∏ü ‡∏£‡∏ö‡∏Å‡∏ß‡∏ô‡πÄ‡∏à‡πâ‡∏≤‡∏´‡∏ô‡πâ‡∏≤‡∏ó‡∏µ‡πà‡∏ï‡∏±‡∏î‡πÅ‡∏ï‡πà‡∏á‡∏Å‡∏¥‡πà‡∏á‡πÑ‡∏°‡πâ‡πÄ‡∏û‡∏∑‡πà‡∏≠‡∏•‡∏î‡∏Ñ‡∏ß‡∏≤‡∏°‡πÄ‡∏™‡∏µ‡πà‡∏¢‡∏á‡∏ï‡πà‡∏≠‡∏Å‡∏≤‡∏£‡πÄ‡∏Å‡∏¥‡∏î‡∏≠‡∏∏‡∏ö‡∏±‡∏ï‡∏¥‡πÄ‡∏´‡∏ï‡∏∏,83,6,20,18,2,2024,100.59519,13.72978,73.68319893052893,0,37.0,22.0,94.0,30.0,1021.0,1007.0
2024-AN972Z,unknown,‡∏õ‡∏ó‡∏∏‡∏°‡∏ß‡∏±‡∏ô,‡∏ß‡∏±‡∏á‡πÉ‡∏´‡∏°‡πà,‡∏Å‡∏£‡∏∏‡∏á‡πÄ‡∏ó‡∏û‡∏°‡∏´‡∏≤‡∏ô‡∏Ñ‡∏£,low,"‡∏ï‡πà‡∏≠‡∏à‡∏≤‡∏Å‡πÄ‡∏£‡∏∑‡πà‡∏≠‡∏á 2024-FE4KYG ‡∏ó‡∏µ‡πà‡∏™‡πà‡∏á‡∏ï‡πà‡∏≠‡πÑ‡∏õ‡∏¢‡∏±‡∏á‡πÄ‡∏Ç‡∏ï‡∏ö‡∏≤‡∏á‡∏Å‡∏≠‡∏Å‡∏ô‡πâ‡∏≠‡∏¢
‡∏Ç‡∏≠‡πÉ‡∏´‡πâ‡∏™‡∏≥‡∏ô‡∏±‡∏Å‡∏á‡∏≤‡∏ô‡πÄ‡∏Ç‡∏ï‡∏õ‡∏ó‡∏∏‡∏°‡∏ß‡∏±‡∏ô‡∏ä‡πà‡∏ß‡∏¢‡πÄ‡∏£‡∏≤‡∏á‡∏û‡∏¥‡∏à‡∏≤‡∏£‡∏ì‡∏≤‡∏Ñ‡πà‡∏≤‡∏£‡∏±‡∏Å‡∏©‡∏≤‡∏û‡∏¢‡∏≤‡∏ö‡∏≤‡∏•‡∏Ç‡∏≠‡∏á‡∏Ç‡πâ‡∏≤‡∏£‡∏≤‡∏ä‡∏Å‡∏≤‡∏£‡∏ó‡∏µ‡πà‡πÑ‡∏õ‡πÉ‡∏ä‡πâ‡∏™‡∏¥‡∏ó‡∏ò‡∏¥‡πÉ‡∏ô ‡∏£‡∏û ‡∏®‡∏¥‡∏£‡∏¥‡∏£‡∏≤‡∏ä‡∏õ‡∏¥‡∏¢‡∏°‡∏´‡∏≤‡∏£‡∏≤‡∏ä‡∏Å‡∏≤‡∏£‡∏∏‡∏ì‡∏¢‡πå ‡πÄ‡∏û‡∏£‡∏≤‡∏∞‡∏ï‡πâ‡∏≠‡∏á‡∏ô‡∏≥‡πÑ‡∏õ‡πÄ‡∏ö‡∏¥‡∏Å‡∏ï‡πà‡∏≠‡∏™‡πà‡∏ß‡∏ô‡∏ï‡πà‡∏≤‡∏á ‡πÄ‡∏ô‡∏∑‡πà‡∏≠‡∏á‡∏à‡∏≤‡∏Å‡∏™‡πà‡∏ß‡∏ô‡∏á‡∏≤‡∏ô‡∏ó‡∏µ‡πà‡∏à‡∏∞‡πÉ‡∏ä‡πâ‡∏™‡∏¥‡∏ó‡∏ò‡∏¥‡∏ï‡πà‡∏≠‡πÉ‡∏Å‡∏•‡πâ‡∏õ‡∏¥‡∏î‡∏ö‡∏±‡∏ç‡∏ä‡∏µ‡πÅ‡∏•‡πâ‡∏ß",237,1,7,27,2,2024,100.52355,13.73656,90.06795582402778,0,37.0,22.0,94.0,30.0,1021.0,1007.0
7UBJRX,noise,‡∏ö‡∏≤‡∏á‡∏ã‡∏∑‡πà‡∏≠,‡∏ß‡∏á‡∏®‡πå‡∏™‡∏ß‡πà‡∏≤‡∏á,‡∏Å‡∏£‡∏∏‡∏á‡πÄ‡∏ó‡∏û‡∏°‡∏´‡∏≤‡∏ô‡∏Ñ‡∏£,mid,"‡∏õ‡∏±‡∏ç‡∏´‡∏≤: ‡∏ñ‡∏ô‡∏ô‡∏î‡∏±‡∏á‡∏Å‡∏•‡πà‡∏≤‡∏ß ‡∏ö‡∏£‡∏¥‡πÄ‡∏ß‡∏ì‡∏´‡∏•‡∏±‡∏á‡∏Ñ‡∏≠‡∏ô‡πÇ‡∏î‡∏°‡∏¥‡πÄ‡∏ô‡∏µ‡∏¢‡∏° The Line ‡∏ß‡∏á‡∏®‡πå‡∏™‡∏ß‡πà‡∏≤‡∏á ‡∏û‡∏ö‡∏°‡∏µ‡πÇ‡∏Ñ‡∏£‡∏á‡∏Å‡∏≤‡∏£‡∏Å‡πà‡∏≠‡∏™‡∏£‡πâ‡∏≤‡∏á‡∏ñ‡∏ô‡∏ô‡πÇ‡∏î‡∏¢‡∏ï‡∏≠‡∏Å‡πÄ‡∏™‡∏≤‡πÄ‡∏Ç‡πá‡∏°‡∏™‡πà‡∏á‡πÄ‡∏™‡∏µ‡∏¢‡∏á‡∏î‡∏±‡∏á ‡πÄ‡∏ß‡∏•‡∏≤ 21.37 ‡∏ô. ‡∏¢‡∏±‡∏á‡∏ï‡∏≠‡∏Å‡πÄ‡∏™‡∏≤‡πÄ‡∏Ç‡πá‡∏°‡∏≠‡∏¢‡∏π‡πà ‡∏à‡∏∂‡∏á‡∏ï‡πâ‡∏≠‡∏á‡∏Å‡∏≤‡∏£‡πÉ‡∏´‡πâ‡∏á‡∏î‡∏Å‡∏≤‡∏£‡∏Å‡πà‡∏≠‡∏™‡∏£‡πâ‡∏≤‡∏á‡πÉ‡∏ô‡∏ï‡∏≠‡∏ô‡∏Å‡∏•‡∏≤‡∏á‡∏Ñ‡∏∑‡∏ô‡πÄ‡∏û‡∏∑‡πà‡∏≠‡πÑ‡∏°‡πà‡πÉ‡∏´‡πâ‡∏£‡∏ö‡∏Å‡∏ß‡∏ô‡∏Å‡∏≤‡∏£‡∏ô‡∏≠‡∏ô‡∏´‡∏•‡∏±‡∏ö‡∏û‡∏±‡∏Å‡∏ú‡πà‡∏≠‡∏ô‡∏Ç‡∏≠‡∏á‡∏ú‡∏π‡πâ‡∏ó‡∏µ‡πà‡∏û‡∏±‡∏Å‡∏≠‡∏≤‡∏®‡∏±‡∏¢‡πÉ‡∏ô‡∏ö‡∏£‡∏¥‡πÄ‡∏ß‡∏ì‡πÉ‡∏Å‡∏•‡πâ‡πÄ‡∏Ñ‡∏µ‡∏¢‡∏á
‡∏ñ‡∏ô‡∏ô: ‡∏ß‡∏á‡∏®‡πå‡∏™‡∏ß‡πà‡∏≤‡∏á
‡∏à‡∏∏‡∏î‡∏™‡∏±‡∏á‡πÄ‡∏Å‡∏ï: ‡∏´‡πà‡∏≤‡∏á‡∏à‡∏≤‡∏Å‡∏™‡∏µ‡πà‡πÅ‡∏¢‡∏Å‡∏ß‡∏á‡∏®‡πå‡∏™‡∏ß‡πà‡∏≤‡∏á‡∏õ‡∏£‡∏∞‡∏°‡∏≤‡∏ì 300 ‡πÄ‡∏°‡∏ï‡∏£ ‡∏ö‡∏£‡∏¥‡πÄ‡∏ß‡∏ì‡πÄ‡∏ä‡∏¥‡∏á‡∏™‡∏∞‡∏û‡∏≤‡∏ô‡∏Ç‡πâ‡∏≤‡∏°‡πÅ‡∏¢‡∏Å ‡πÄ‡∏¢‡∏∑‡πâ‡∏≠‡∏á‡∏Å‡∏±‡∏ö‡∏ö‡∏¥‡πä‡∏Å‡∏ã‡∏µ‡∏ß‡∏á‡∏®‡πå‡∏™‡∏ß‡πà‡∏≤‡∏á
‡πÄ‡∏Ç‡∏ï: ‡∏ö‡∏≤‡∏á‡∏ã‡∏∑‡πà‡∏≠
#1555",377,1,15,10,9,2024,100.52679,13.8268,28.791555815460676,0,35.0,24.0,100.0,47.0,1013.0,999.0
2024-7KX68E,road,‡∏™‡∏≤‡∏ó‡∏£,‡∏¢‡∏≤‡∏ô‡∏ô‡∏≤‡∏ß‡∏≤,‡∏Å‡∏£‡∏∏‡∏á‡πÄ‡∏ó‡∏û‡∏°‡∏´‡∏≤‡∏ô‡∏Ñ‡∏£,high,‡∏ß‡∏±‡∏ô‡∏ó‡∏µ‡πà 13/03/67 ‡πÄ‡∏ß‡∏•‡∏≤ 7.30 ‡∏¢‡∏±‡∏á‡∏û‡∏ö‡∏°‡∏≠‡πÄ‡∏ï‡∏≠‡∏£‡πå‡πÑ‡∏ã‡∏Ñ‡πå ‡πÅ‡∏•‡∏∞ ‡∏°‡∏≠‡πÄ‡∏ï‡∏≠‡∏£‡πÑ‡∏ã‡∏Ñ‡πå‡∏£‡∏±‡∏ö‡∏à‡πâ‡∏≤‡∏á ‡∏Ç‡∏±‡∏ö‡∏ö‡∏ô‡∏ó‡∏≤‡∏á‡πÄ‡∏ó‡πâ‡∏≤‡πÄ‡∏õ‡πá‡∏ô‡∏à‡∏≥‡∏ô‡∏ß‡∏ô‡∏°‡∏≤‡∏Å ‡∏à‡∏±‡∏î‡∏Å‡∏≤‡∏£‡∏≠‡∏∞‡πÑ‡∏£‡∏™‡∏±‡∏Å‡∏≠‡∏¢‡πà‡∏≤‡∏á‡πÉ‡∏ô‡∏ä‡πà‡∏ß‡∏á‡πÄ‡∏ß‡∏•‡∏≤‡∏ô‡∏µ‡πâ‡∏î‡πâ‡∏ß‡∏¢‡∏Ñ‡∏£‡∏±‡∏ö,129,2,12,13,3,2024,100.53498,13.71208,12.46195016349537,0,39.0,25.0,94.0,20.0,1016.0,1005.0
2024-9PMK96,safety,‡∏ö‡∏≤‡∏á‡∏£‡∏±‡∏Å,‡∏™‡∏∏‡∏£‡∏¥‡∏¢‡∏ß‡∏á‡∏®‡πå,‡∏Å‡∏£‡∏∏‡∏á‡πÄ‡∏ó‡∏û‡∏°‡∏´‡∏≤‡∏ô‡∏Ñ‡∏£,high,‡πÉ‡∏ï‡πâ‡∏ï‡πâ‡∏ô‡πÑ‡∏°‡πâ‡πÑ‡∏°‡πà‡∏°‡∏µ‡πÄ‡∏à‡πâ‡∏≤‡∏´‡∏ô‡πâ‡∏≤‡∏ó‡∏µ‡πà‡∏°‡∏≤‡∏õ‡∏•‡∏π‡∏Å‡∏ï‡πâ‡∏ô‡πÑ‡∏°‡πâ‡πÉ‡∏´‡πâ‡πÄ‡∏£‡∏µ‡∏¢‡∏ö‡∏£‡πâ‡∏≠‡∏¢‡∏™‡∏ß‡∏¢‡∏á‡∏≤‡∏°‡∏Ñ‡∏£‡∏±‡∏ö,59,0,16,23,9,2024,100.52686,13.72816,14.08306067712731,1,35.0,24.0,100.0,47.0,1013.0,999.0
2024-GTPWG9,unknown,‡∏ö‡∏≤‡∏á‡∏Å‡∏≠‡∏Å‡∏ô‡πâ‡∏≠‡∏¢,‡∏ö‡∏≤‡∏á‡∏Ç‡∏∏‡∏ô‡∏®‡∏£‡∏µ,‡∏Å‡∏£‡∏∏‡∏á‡πÄ‡∏ó‡∏û‡∏°‡∏´‡∏≤‡∏ô‡∏Ñ‡∏£,low,‡∏°‡∏≤‡∏ñ‡∏°‡∏ó‡∏µ‡πà ‡∏Ç‡πâ‡∏≤‡∏á‡∏ö‡πâ‡∏≤‡∏ô ‡πÅ‡∏•‡πâ‡∏ß‡∏°‡∏µ‡∏õ‡∏±‡∏ì‡∏´‡∏≤ ‡∏Ñ‡∏±‡∏ö,32,3,3,18,1,2024,100.45711,13.76734,90.06795582402778,0,35.0,23.0,94.0,28.0,1020.0,1008.0
2024-M2WQE2,road,‡∏ö‡∏≤‡∏á‡πÅ‡∏Ñ,‡∏´‡∏•‡∏±‡∏Å‡∏™‡∏≠‡∏á,‡∏Å‡∏£‡∏∏‡∏á‡πÄ‡∏ó‡∏û‡∏°‡∏´‡∏≤‡∏ô‡∏Ñ‡∏£,high,"‡∏ã‡∏≠‡∏¢‡∏Å‡∏≤‡∏ç‡∏à‡∏ô‡∏≤‡∏†‡∏¥‡πÄ‡∏©‡∏Å 5/1 ‡∏£‡∏ñ‡∏à‡∏≠‡∏î‡∏Ç‡πâ‡∏≤‡∏á‡∏ó‡∏≤‡∏á‡∏ã‡∏∑‡πâ‡∏≠‡∏Ç‡∏≠‡∏á ‡∏ó‡∏≥‡πÉ‡∏´‡πâ‡∏£‡∏ñ‡∏ï‡∏¥‡∏î‡πÉ‡∏ô‡∏ã‡∏≠‡∏¢
‡∏ö‡∏≤‡∏á‡∏ß‡∏±‡∏ô‡∏Å‡πá‡∏Ç‡∏ß‡∏≤‡∏á‡∏ñ‡∏ô‡∏ô‡πÄ‡∏•‡∏¢ ‡∏Ñ‡∏ô‡∏Ç‡∏±‡∏ö‡∏£‡∏µ‡∏ö‡∏ß‡∏¥‡πà‡∏á‡πÑ‡∏õ‡∏ã‡∏∑‡πâ‡∏≠‡∏Ç‡∏≠‡∏á ‡∏£‡∏ñ‡∏Ñ‡∏±‡∏ô‡∏´‡∏•‡∏±‡∏á‡∏Å‡πá‡∏£‡∏≠‡πÑ‡∏õ 
‡πÄ‡∏õ‡πá‡∏ô‡∏ó‡∏∏‡∏Å‡πÄ‡∏ä‡πâ‡∏≤ ‡∏à‡∏±‡∏ô‡∏ó‡∏£‡πå‡∏ñ‡∏∂‡∏á‡∏®‡∏∏‡∏Å‡∏£‡πå
‡∏ï‡∏¥‡∏î‡∏≠‡∏¢‡∏π‡πà 10-15 ‡∏ô‡∏≤‡∏ó‡∏µ ‡∏Å‡∏ß‡πà‡∏≤‡∏à‡∏∞‡∏≠‡∏≠‡∏Å‡∏à‡∏≤‡∏Å‡∏ã‡∏≠‡∏¢‡πÑ‡∏î‡πâ ‡∏ó‡∏±‡πâ‡∏á‡∏ó‡∏µ‡πà‡∏ã‡∏≠‡∏¢‡∏¢‡∏≤‡∏ß‡πÑ‡∏°‡πà‡∏ñ‡∏∂‡∏á 400 ‡πÄ‡∏°‡∏ï‡∏£
‡∏£‡∏ö‡∏Å‡∏ß‡∏ô‡∏°‡∏≤‡∏à‡∏±‡∏î‡∏£‡∏∞‡πÄ‡∏ö‡∏µ‡∏¢‡∏ö‡πÉ‡∏´‡πâ‡∏´‡∏ô‡πà‡∏≠‡∏¢‡∏Ñ‡πà‡∏∞",235,0,5,3,6,2024,100.39898,13.69572,12.46195016349537,0,36.0,25.0,94.0,44.0,1012.0,1001.0
2024-8YCDK7,noise,‡∏ö‡∏≤‡∏á‡∏Å‡∏∞‡∏õ‡∏¥,‡∏´‡∏±‡∏ß‡∏´‡∏°‡∏≤‡∏Å,‡∏Å‡∏£‡∏∏‡∏á‡πÄ‡∏ó‡∏û‡∏°‡∏´‡∏≤‡∏ô‡∏Ñ‡∏£,mid,‡πÄ‡∏Ç‡∏ï‡∏ö‡∏≤‡∏á‡∏Å‡∏∞‡∏õ‡∏¥ ‡πÑ‡∏°‡πà‡∏°‡∏µ‡∏®‡∏±‡∏Å‡∏¢‡∏†‡∏≤‡∏û‡πÉ‡∏ô‡∏Å‡∏≤‡∏£‡∏à‡∏±‡∏î‡∏Å‡∏≤‡∏£‡∏£‡πâ‡∏≤‡∏ô ‚Äú‡∏Ñ‡∏£‡∏±‡∏ß‡∏ó‡∏±‡∏Å‡∏©‡∏¥‡∏ì‚Äù ‡∏ï‡∏∞‡∏ß‡∏±‡∏ô‡∏ô‡∏≤‡πÑ‡∏î‡πâ‡πÄ‡∏•‡∏¢‡πÉ‡∏ä‡πà‡πÑ‡∏´‡∏° ‡πÄ‡∏™‡∏µ‡∏¢‡∏á‡πÄ‡∏û‡∏•‡∏á‡∏î‡∏±‡∏á‡∏°‡∏≤‡∏Å ‡∏Ç‡∏ì‡∏∞‡∏ô‡∏µ‡πâ‡πÄ‡∏ß‡∏•‡∏≤ 01.18 ‡∏¢‡∏¥‡πà‡∏á‡∏î‡∏∂‡∏Å‡∏¢‡∏¥‡πà‡∏á‡∏î‡∏±‡∏á ‡∏ä‡∏≤‡∏ß‡∏ö‡πâ‡∏≤‡∏ô‡πÑ‡∏°‡πà‡∏ï‡πâ‡∏≠‡∏á‡∏ô‡∏≠‡∏ô‡πÅ‡∏•‡πâ‡∏ß‡∏°‡∏±‡πâ‡∏á ‡πÅ‡∏à‡πâ‡∏á‡πÑ‡∏õ‡∏´‡∏•‡∏≤‡∏¢‡∏Ñ‡∏£‡∏±‡πâ‡∏á‡πÑ‡∏°‡πà‡πÄ‡∏Ñ‡∏¢‡∏ó‡∏≥‡∏™‡∏≥‡πÄ‡∏£‡πá‡∏à‡πÄ‡∏•‡∏¢‡∏ã‡∏±‡∏Å‡∏ó‡∏µ,183,2,18,11,9,2024,100.64078,13.7639,28.791555815460676,0,35.0,24.0,100.0,47.0,1013.0,999.0
2024-KFDXTF,safety,‡∏î‡∏≠‡∏ô‡πÄ‡∏°‡∏∑‡∏≠‡∏á,‡∏î‡∏≠‡∏ô‡πÄ‡∏°‡∏∑‡∏≠‡∏á,‡∏Å‡∏£‡∏∏‡∏á‡πÄ‡∏ó‡∏û‡∏°‡∏´‡∏≤‡∏ô‡∏Ñ‡∏£,high,"‡∏•‡∏π‡∏Å‡∏™‡∏≤‡∏ß‡∏ä‡πà‡∏ß‡∏¢‡∏™‡πà‡∏á‡πÉ‡∏´‡πâ‡πÄ‡∏Ç‡∏ï‡∏î‡∏≠‡∏ô‡πÄ‡∏°‡∏∑‡∏≠‡∏á‡∏ó‡∏µ‡∏Ñ‡πà‡∏∞ ‡πÄ‡∏Ç‡∏µ‡∏¢‡∏ô‡πÅ‡∏ö‡∏ö‡∏ô‡πà‡∏≤‡∏™‡∏á‡∏™‡∏≤‡∏£‡∏Ñ‡πà‡∏∞ ‡πÄ‡∏û‡∏∑‡πà‡∏≠‡πÑ‡∏î‡πâ‡∏£‡∏±‡∏ö‡∏Ñ‡∏ß‡∏≤‡∏°‡∏™‡∏ô‡πÉ‡∏à ‡πÄ‡∏ô‡πâ‡∏ô‡∏ß‡πà‡∏≤‡πÄ‡∏£‡∏≤‡∏ï‡πâ‡∏≠‡∏á‡∏≠‡∏î‡∏ó‡∏ô‡πÑ‡∏°‡πà‡∏≠‡∏¢‡∏≤‡∏Å‡∏ó‡∏∞‡πÄ‡∏•‡∏≤‡∏∞

‡πÄ‡∏ô‡πâ‡∏ô‡πÄ‡∏£‡∏∑‡πà‡∏≠‡∏á‡πÄ‡∏≠‡∏≤‡∏ñ‡∏ô‡∏ô‡∏™‡∏≤‡∏ò‡∏≤‡∏£‡∏ì‡∏∞‡πÄ‡∏õ‡πá‡∏ô‡∏ó‡∏µ‡πà‡∏à‡∏≠‡∏î‡∏£‡∏ñ‡∏™‡πà‡∏ß‡∏ô‡∏ï‡∏±‡∏ß‡πÄ‡∏õ‡πá‡∏ô‡∏õ‡∏£‡∏∞‡∏à‡∏≥

‡πÄ‡∏ô‡πâ‡∏ô‡∏ß‡πà‡∏≤‡∏´‡∏ô‡∏π‡∏™‡∏á‡∏™‡∏±‡∏¢‡∏ß‡πà‡∏≤‡∏Å‡∏≤‡∏£‡∏Å‡∏£‡∏∞‡∏ó‡∏≥‡∏ô‡∏µ‡πâ‡∏ñ‡∏π‡∏Å‡∏ï‡πâ‡∏≠‡∏á ‡∏™‡∏°‡∏Ñ‡∏ß‡∏£‡πÄ‡∏≠‡∏≤‡πÄ‡∏õ‡πá‡∏ô‡πÄ‡∏¢‡∏µ‡πà‡∏¢‡∏á‡∏≠‡∏¢‡πà‡∏≤‡∏á‡πÑ‡∏î‡πâ‡πÉ‡∏ä‡πà‡πÑ‡∏´‡∏°‡∏´‡∏ô‡∏π‡∏≠‡∏¢‡∏≤‡∏Å‡πÅ‡∏ä‡∏£‡πå‡∏Ç‡πâ‡∏≠‡∏°‡∏π‡∏•‡πÉ‡∏´‡πâ‡∏ó‡∏∏‡∏Å‡∏Ñ‡∏ô‡πÑ‡∏î‡πâ‡∏ó‡∏≥‡∏ï‡∏≤‡∏°‡πÑ‡∏°‡πà‡∏ï‡πâ‡∏≠‡∏á‡∏™‡∏£‡πâ‡∏≤‡∏á‡∏ö‡πâ‡∏≤‡∏ô‡∏°‡∏µ‡∏ó‡∏µ‡πà‡∏à‡∏≠‡∏î‡∏£‡∏ñ‡πÄ‡∏≠‡∏≤‡∏ñ‡∏ô‡∏ô‡∏™‡∏≤‡∏ò‡∏≤‡∏£‡∏ì‡∏∞‡∏°‡∏≤‡∏ó‡∏≥‡∏ó‡∏µ‡πà‡∏à‡∏≠‡∏î‡∏£‡∏ñ‡∏Å‡∏±‡∏ô‡∏î‡∏µ‡∏Å‡∏ß‡πà‡∏≤ ‡πÄ‡∏£‡∏≤‡∏à‡∏∞‡πÑ‡∏î‡πâ‡πÑ‡∏°‡πà‡∏ï‡πâ‡∏≠‡∏á‡∏Ç‡∏±‡∏ö‡∏£‡∏ñ‡∏Å‡∏±‡∏ô‡∏≠‡∏µ‡∏Å‡πÄ‡∏û‡∏£‡∏≤‡∏∞‡πÑ‡∏°‡πà‡∏°‡∏µ‡∏ñ‡∏ô‡∏ô‡πÉ‡∏´‡πâ‡∏Ç‡∏±‡∏ö‡∏à‡∏∞‡πÑ‡∏î‡πâ‡∏Ç‡πà‡∏ß‡∏¢‡∏£‡∏ñ‡∏ù‡∏∏‡πà‡∏ô‡∏û‡∏µ‡πÄ‡∏≠‡πá‡∏° ‡∏™‡∏≥‡∏ô‡∏±‡∏Å‡πÄ‡∏Ç‡∏ï‡∏î‡∏≠‡∏ô‡πÄ‡∏°‡∏∑‡∏≠‡∏á‡πÄ‡∏´‡πá‡∏ô‡∏î‡πâ‡∏ß‡∏¢‡∏Å‡∏±‡∏ö‡∏´‡∏ô‡∏π‡πÑ‡∏´‡∏°‡∏Ñ‡∏∞",424,4,10,1,3,2024,100.57603,13.91972,14.08306067712731,0,39.0,25.0,94.0,20.0,1016.0,1005.0
2024-89TY8T,road,‡∏ö‡∏≤‡∏á‡πÅ‡∏Ñ,‡∏ö‡∏≤‡∏á‡πÑ‡∏ú‡πà,‡∏Å‡∏£‡∏∏‡∏á‡πÄ‡∏ó‡∏û‡∏°‡∏´‡∏≤‡∏ô‡∏Ñ‡∏£,high,‡∏£‡πâ‡∏≤‡∏ô‡∏™‡πÄ‡∏ï‡πá‡∏Å‡∏•‡∏∏‡∏á‡∏´‡∏ô‡∏ß‡∏î ‡∏ï‡∏±‡πâ‡∏á‡πÇ‡∏ï‡πä‡∏∞‡∏Ç‡∏≤‡∏¢‡∏Ç‡∏≠‡∏á‡∏ö‡∏ô‡∏ó‡∏≤‡∏á‡πÄ‡∏ó‡πâ‡∏≤‡πÉ‡∏ô‡∏ß‡∏±‡∏ô‡∏à‡∏±‡∏ô‡∏ó‡∏£‡πå ‡πÑ‡∏°‡πà‡∏ó‡∏≥‡∏ï‡∏≤‡∏°‡∏Å‡∏é‡∏Ç‡∏≠‡∏á‡∏Å‡∏£‡∏∏‡∏á‡πÄ‡∏ó‡∏û,72,0,22,21,10,2024,100.36401,13.74608,12.46195016349537,0,35.0,23.0,100.0,49.0,1014.0,1002.0
2024-PCXCN7,road,‡∏à‡∏ï‡∏∏‡∏à‡∏±‡∏Å‡∏£,‡∏•‡∏≤‡∏î‡∏¢‡∏≤‡∏ß,‡∏Å‡∏£‡∏∏‡∏á‡πÄ‡∏ó‡∏û‡∏°‡∏´‡∏≤‡∏ô‡∏Ñ‡∏£,high,‡∏ï‡∏¥‡∏î‡∏ï‡∏±‡πâ‡∏á‡∏™‡∏¥‡πà‡∏á‡∏Å‡∏µ‡∏î‡∏Ç‡∏ß‡∏≤‡∏á‡πÄ‡∏õ‡πá‡∏ô‡∏¢‡∏≤‡∏á‡πÄ‡∏Å‡πà‡∏≤‡∏¢‡∏∑‡πà‡∏ô‡∏™‡∏π‡∏á‡∏à‡∏≤‡∏Å‡∏û‡∏∑‡πâ‡∏ô‡∏ö‡∏ô‡∏ó‡∏≤‡∏á‡∏™‡∏≤‡∏ò‡∏≤‡∏£‡∏ì‡∏∞ 4 ‡∏à‡∏∏‡∏î,61,0,3,2,9,2024,100.5623,13.8415,12.46195016349537,0,35.0,24.0,100.0,47.0,1013.0,999.0
WTRLDW,road,‡∏ö‡∏≤‡∏á‡∏£‡∏±‡∏Å,‡∏™‡∏∏‡∏£‡∏¥‡∏¢‡∏ß‡∏á‡∏®‡πå,‡∏Å‡∏£‡∏∏‡∏á‡πÄ‡∏ó‡∏û‡∏°‡∏´‡∏≤‡∏ô‡∏Ñ‡∏£,high,"‡∏õ‡∏±‡∏ç‡∏´‡∏≤: ‡∏ö‡∏£‡∏¥‡πÄ‡∏ß‡∏ì‡∏ö‡∏ô‡∏™‡∏∞‡∏û‡∏≤‡∏ô‡∏•‡∏≠‡∏¢‡∏ó‡∏≤‡∏á‡πÄ‡∏ä‡∏∑‡πà‡∏≠‡∏°‡∏£‡∏∞‡∏´‡∏ß‡πà‡∏≤‡∏á‡πÇ‡∏£‡∏á‡∏û‡∏¢‡∏≤‡∏ö‡∏≤‡∏•‡∏à‡∏∏‡∏¨‡∏≤ ‡∏•‡∏á‡∏Å‡∏£‡∏ì‡πå ‡∏°‡∏≤‡∏£‡∏ñ‡πÑ‡∏ü‡∏ü‡πâ‡∏≤‡∏™‡∏ñ‡∏≤‡∏ô‡∏µ‡∏®‡∏≤‡∏•‡∏≤‡πÅ‡∏î‡∏á ‡∏û‡∏ö‡∏Ñ‡∏ô‡∏ï‡πà‡∏≤‡∏á‡∏î‡πâ‡∏≤‡∏ß‡∏à‡∏≥‡∏ô‡∏ß‡∏ô 3 ‡∏Ñ‡∏ô‡∏Ç‡∏≤‡∏¢‡∏û‡∏ß‡∏á‡∏°‡∏≤‡∏•‡∏±‡∏¢‡∏ö‡∏ô‡∏™‡∏∞‡∏û‡∏≤‡∏ô‡∏•‡∏≠‡∏¢‡πÄ‡∏õ‡πá‡∏ô‡∏õ‡∏£‡∏∞‡∏à‡∏≥‡∏ó‡∏∏‡∏Å‡∏ß‡∏±‡∏ô ‡∏ä‡πà‡∏ß‡∏á‡πÄ‡∏ß‡∏•‡∏≤ 6.00‡∏ô.‡πÄ‡∏õ‡πá‡∏ô‡∏ï‡πâ‡∏ô‡πÑ‡∏õ‡∏à‡∏∂‡∏á‡∏ï‡πâ‡∏≠‡∏á‡∏Å‡∏≤‡∏£‡πÉ‡∏´‡πâ‡∏î‡∏≥‡πÄ‡∏ô‡∏¥‡∏ô‡∏Å‡∏≤‡∏£‡∏Å‡∏±‡∏ö‡∏Ñ‡∏ô‡∏ï‡πà‡∏≤‡∏á‡∏î‡πâ‡∏≤‡∏ß‡∏î‡∏±‡∏á‡∏Å‡∏•‡πà‡∏≤‡∏ß
‡∏ñ‡∏ô‡∏ô: ‡∏û‡∏£‡∏∞‡∏£‡∏≤‡∏°‡∏ó‡∏µ‡πà 4
‡∏à‡∏∏‡∏î‡∏™‡∏±‡∏á‡πÄ‡∏Å‡∏ï: ‡πÅ‡∏¢‡∏Å‡∏®‡∏≤‡∏•‡∏≤‡πÅ‡∏î‡∏á‡∏°‡∏∏‡πà‡∏á‡∏´‡∏ô‡πâ‡∏≤‡∏™‡∏µ‡∏•‡∏°‡πÉ‡∏ï‡πâ‡∏™‡∏∞‡∏û‡∏≤‡∏ô‡πÑ‡∏ó‡∏¢‡∏ç‡∏µ‡πà‡∏õ‡∏∏‡πà‡∏ô‡πÄ‡∏õ‡πá‡∏ô‡∏™‡∏∞‡∏û‡∏≤‡∏ô‡πÄ‡∏ä‡∏∑‡πà‡∏≠‡∏°‡∏´‡∏ô‡πâ‡∏≤‡∏™‡∏ß‡∏ô‡∏•‡∏∏‡∏°‡∏û‡∏¥‡∏ô‡∏µ
‡πÄ‡∏Ç‡∏ï: ‡∏õ‡∏ó‡∏∏‡∏°‡∏ß‡∏±‡∏ô
#1555",326,2,8,1,5,2024,100.53629,13.72963,12.46195016349537,1,40.0,24.0,100.0,29.0,1014.0,1001.0
2025-DYWAFM,safety,‡∏õ‡πâ‡∏≠‡∏°‡∏õ‡∏£‡∏≤‡∏ö‡∏®‡∏±‡∏ï‡∏£‡∏π‡∏û‡πà‡∏≤‡∏¢,‡∏Ñ‡∏•‡∏≠‡∏á‡∏°‡∏´‡∏≤‡∏ô‡∏≤‡∏Ñ,‡∏Å‡∏£‡∏∏‡∏á‡πÄ‡∏ó‡∏û‡∏°‡∏´‡∏≤‡∏ô‡∏Ñ‡∏£,high,‡∏™‡∏≠‡∏ö‡∏ñ‡∏≤‡∏°‡∏´‡∏ô‡πà‡∏≠‡∏¢‡∏Ñ‡∏£‡∏±‡∏ö‡∏û‡∏≠‡∏î‡∏µ‡πÄ‡∏´‡πá‡∏ô‡∏ï‡πâ‡∏ô‡πÑ‡∏°‡πâ‡∏ó‡∏µ‡πà‡πÄ‡∏û‡∏¥‡πà‡∏á‡∏ï‡∏±‡∏î‡πÅ‡∏ï‡πà‡∏á‡πÄ‡∏´‡∏•‡∏∑‡∏≠‡πÅ‡∏ï‡πà‡∏ï‡πâ‡∏ô‡πÑ‡∏°‡πà‡∏£‡∏π‡πâ‡∏°‡∏±‡∏ô‡∏à‡∏∞‡∏£‡∏≠‡∏î‡∏´‡∏£‡∏∑‡∏≠‡πÄ‡∏õ‡∏•‡πà‡∏≤,78,0,10,13,1,2025,100.51083,13.75641,14.08306067712731,0,36.0,17.0,100.0,24.0,1021.0,1006.0
NEEXUM,road,‡∏ï‡∏•‡∏¥‡πà‡∏á‡∏ä‡∏±‡∏ô,‡∏ö‡∏≤‡∏á‡∏£‡∏∞‡∏°‡∏≤‡∏î,‡∏Å‡∏£‡∏∏‡∏á‡πÄ‡∏ó‡∏û‡∏°‡∏´‡∏≤‡∏ô‡∏Ñ‡∏£,high,"‡∏õ‡∏±‡∏ç‡∏´‡∏≤: ‡∏†‡∏≤‡∏¢‡πÉ‡∏ô‡∏ã‡∏≠‡∏¢‡∏î‡∏±‡∏á‡∏Å‡∏•‡πà‡∏≤‡∏ß ‡∏û‡∏ö‡πÑ‡∏ü‡∏™‡πà‡∏≠‡∏á‡∏™‡∏ß‡πà‡∏≤‡∏á‡∏™‡∏≤‡∏ò‡∏≤‡∏£‡∏ì‡∏∞‡∏î‡∏±‡∏ö‡∏à‡∏≥‡∏ô‡∏ß‡∏ô‡∏´‡∏•‡∏≤‡∏¢‡∏î‡∏ß‡∏á ‡∏≠‡∏¢‡∏≤‡∏Å‡πÉ‡∏´‡πâ‡πÄ‡∏à‡πâ‡∏≤‡∏´‡∏ô‡πâ‡∏≤‡∏ó‡∏µ‡πà‡πÄ‡∏õ‡∏•‡∏µ‡πà‡∏¢‡∏ô‡πÄ‡∏õ‡πá‡∏ô‡∏´‡∏•‡∏≠‡∏î‡πÑ‡∏ü LED ‡πÄ‡∏ô‡∏∑‡πà‡∏≠‡∏á‡∏à‡∏≤‡∏Å‡∏ä‡πà‡∏ß‡∏á‡∏Å‡∏•‡∏≤‡∏á‡∏Ñ‡∏∑‡∏ô‡∏†‡∏≤‡∏¢‡πÉ‡∏ô‡∏ã‡∏≠‡∏¢‡∏°‡∏∑‡∏î‡∏°‡∏≤‡∏Å‡πÄ‡∏Å‡∏£‡∏á‡∏ß‡πà‡∏≤‡∏à‡∏∞‡πÑ‡∏°‡πà‡∏õ‡∏•‡∏≠‡∏î‡∏†‡∏±‡∏¢
‡∏ã‡∏≠‡∏¢: ‡∏£‡∏≤‡∏ä‡∏û‡∏§‡∏Å‡∏©‡πå 17
‡∏ñ‡∏ô‡∏ô: ‡∏£‡∏≤‡∏ä‡∏û‡∏§‡∏Å‡∏©‡πå
‡∏à‡∏∏‡∏î‡∏™‡∏±‡∏á‡πÄ‡∏Å‡∏ï: ‡∏à‡∏∏‡∏î‡∏ó‡∏µ‡πà‡πÑ‡∏ü‡∏î‡∏±‡∏ö‡∏à‡∏∞‡∏°‡∏µ‡∏î‡∏±‡∏á‡∏ô‡∏µ‡πâ
‡∏à‡∏∏‡∏î‡∏ó‡∏µ‡πà 1. ‡∏Ç‡∏∂‡πâ‡∏ô‡∏™‡∏∞‡∏û‡∏≤‡∏ô‡∏Ç‡πâ‡∏≤‡∏°‡∏Ñ‡∏•‡∏≠‡∏á‡∏•‡∏±‡∏î‡∏ñ‡∏°‡∏¢‡∏≤‡∏ö‡∏£‡∏¥‡πÄ‡∏ß‡∏ì‡∏õ‡∏≤‡∏Å‡∏ã‡∏≠‡∏¢‡πÄ‡∏Ç‡πâ‡∏≤‡πÑ‡∏õ‡∏õ‡∏£‡∏∞‡∏°‡∏≤‡∏ì 600 ‡πÄ‡∏°‡∏ï‡∏£ ‡πÄ‡∏•‡∏¢‡∏à‡∏≤‡∏Å‡∏Å‡∏≠‡πÑ‡∏ú‡πà ‡πÄ‡∏õ‡πá‡∏ô‡πÄ‡∏™‡∏≤‡πÄ‡∏•‡∏Ç‡∏ó‡∏µ‡πà ‡∏ò 7 ‡∏≠‡∏¢‡∏π‡πà‡∏ù‡∏±‡πà‡∏á‡∏ã‡πâ‡∏≤‡∏¢‡∏°‡∏∑‡∏≠
‡∏à‡∏∏‡∏î‡∏ó‡∏µ‡πà 2. ‡πÄ‡∏•‡∏¢‡∏à‡∏≤‡∏Å‡∏à‡∏∏‡∏î‡∏ó‡∏µ‡πà 1 ‡πÑ‡∏õ‡∏õ‡∏£‡∏∞‡∏°‡∏≤‡∏ì 200 ‡πÄ‡∏°‡∏ï‡∏£ ‡πÄ‡∏•‡∏µ‡πâ‡∏¢‡∏ß‡∏Ç‡∏ß‡∏≤‡∏ó‡∏≤‡∏á‡πÄ‡∏Ç‡πâ‡∏≤‡∏ã‡∏≠‡∏¢‡πÄ‡∏•‡∏µ‡∏¢‡∏ö‡∏Å‡∏≥‡πÅ‡∏û‡∏á‡∏ö‡πâ‡∏≤‡∏ô‡πÄ‡∏ä‡πà‡∏≤‡∏™‡∏µ‡πÄ‡∏Ç‡∏µ‡∏¢‡∏ß ‡∏ö‡∏£‡∏¥‡πÄ‡∏ß‡∏ì‡∏ö‡πâ‡∏≤‡∏ô‡πÄ‡∏•‡∏Ç‡∏ó‡∏µ‡πà 45/5 ‡πÄ‡∏™‡∏≤‡πÑ‡∏ü‡∏à‡∏∞‡∏≠‡∏¢‡∏π‡πà‡∏ù‡∏±‡πà‡∏á‡∏Ç‡∏ß‡∏≤‡∏°‡∏∑‡∏≠ ‡∏à‡∏∏‡∏î‡∏ô‡∏µ‡πâ‡∏î‡∏±‡∏ö‡∏õ‡∏£‡∏∞‡∏°‡∏≤‡∏ì 3 ‡∏î‡∏ß‡∏á
‡πÄ‡∏Ç‡∏ï: ‡∏ï‡∏•‡∏¥‡πà‡∏á‡∏ä‡∏±‡∏ô
#1555",506,1,14,13,2,2024,100.44342,13.77225,12.46195016349537,1,37.0,22.0,94.0,30.0,1021.0,1007.0
2024-E4ZNTB,noise,‡∏à‡∏≠‡∏°‡∏ó‡∏≠‡∏á,‡∏à‡∏≠‡∏°‡∏ó‡∏≠‡∏á,‡∏Å‡∏£‡∏∏‡∏á‡πÄ‡∏ó‡∏û‡∏°‡∏´‡∏≤‡∏ô‡∏Ñ‡∏£,mid,‡∏Ç‡πâ‡∏≤‡∏á‡∏ö‡πâ‡∏≤‡∏ô‡∏™‡πà‡∏á‡πÄ‡∏™‡∏µ‡∏¢‡∏á‡∏î‡∏±‡∏á‡πÉ‡∏ô‡πÄ‡∏ß‡∏•‡∏≤‡∏Å‡∏•‡∏≤‡∏á‡∏Ñ‡∏∑‡∏ô‡∏£‡∏ö‡∏Å‡∏ß‡∏ô‡πÄ‡∏ß‡∏•‡∏≤‡∏ô‡∏≠‡∏ô‡∏£‡πâ‡∏≠‡∏á‡πÄ‡∏£‡∏µ‡∏¢‡∏ô‡πÑ‡∏î‡πâ‡∏£‡∏∂‡∏õ‡πà‡∏≤‡∏ß,62,2,15,6,3,2024,100.46887,13.69827,28.791555815460676,0,39.0,25.0,94.0,20.0,1016.0,1005.0
2024-EXLKQ8,road,‡∏û‡∏ç‡∏≤‡πÑ‡∏ó,‡∏™‡∏≤‡∏°‡πÄ‡∏™‡∏ô‡πÉ‡∏ô,‡∏Å‡∏£‡∏∏‡∏á‡πÄ‡∏ó‡∏û‡∏°‡∏´‡∏≤‡∏ô‡∏Ñ‡∏£,high,‡∏Å‡∏£‡∏∏‡∏ì‡∏≤‡∏°‡∏≤‡∏•‡∏á‡∏û‡∏∑‡πâ‡∏ô‡∏ó‡∏µ‡πà ‡πÄ‡∏™‡∏≤‡∏£‡πå ‡∏≠‡∏≤‡∏ó‡∏¥‡∏ï‡∏¢‡πå ‡∏ö‡πâ‡∏≤‡∏á ‡∏°‡∏≤‡∏à‡∏≠‡∏î ‡∏¢‡∏∂‡∏î‡∏ó‡∏≤‡∏á‡πÄ‡∏ó‡πâ‡∏≤ ‡∏Ç‡∏±‡∏ö‡∏Ç‡∏µ‡πà ‡∏ã‡∏∑‡πâ‡∏≠‡πÑ‡∏Å‡πà‡∏õ‡∏¥‡πâ‡∏á ‡∏õ‡∏£‡∏∞‡∏à‡∏≥,77,6,1,28,4,2024,100.5437,13.79077,12.46195016349537,0,41.0,28.0,89.0,19.0,1012.0,1002.0
2024-HTFY72,safety,‡∏î‡∏∏‡∏™‡∏¥‡∏ï,‡∏™‡∏µ‡πà‡πÅ‡∏¢‡∏Å‡∏°‡∏´‡∏≤‡∏ô‡∏≤‡∏Ñ,‡∏Å‡∏£‡∏∏‡∏á‡πÄ‡∏ó‡∏û‡∏°‡∏´‡∏≤‡∏ô‡∏Ñ‡∏£,high,‡∏Ç‡∏≠‡πÉ‡∏´‡πâ‡∏à‡∏±‡∏î‡∏™‡∏£‡∏£‡∏á‡∏ö‡∏õ‡∏£‡∏∞‡∏°‡∏≤‡∏ì ‡πÄ‡∏û‡∏∑‡πà‡∏≠‡∏Å‡πà‡∏≠‡∏™‡∏£‡πâ‡∏≤‡∏á‡∏™‡∏∞‡∏û‡∏≤‡∏ô‡∏•‡∏≠‡∏¢‡πÉ‡∏´‡πâ‡∏õ‡∏£‡∏∞‡∏ä‡∏≤‡∏ä‡∏ô‡∏Ç‡πâ‡∏≤‡∏°‡∏ñ‡∏ô‡∏ô‡πÅ‡∏¢‡∏Å‡∏¢‡∏°‡∏£‡∏≤‡∏ä ‡∏õ‡∏±‡∏à‡∏à‡∏∏‡∏ö‡∏±‡∏ô‡∏õ‡∏£‡∏∞‡∏ä‡∏≤‡∏ä‡∏ô‡πÄ‡∏î‡∏∑‡∏≠‡∏î‡∏£‡πâ‡∏≠‡∏ô‡∏°‡∏≤‡∏Å ‡∏Ç‡πâ‡∏≤‡∏°‡πÅ‡∏¢‡∏Å‡∏•‡∏≥‡∏ö‡∏≤‡∏Å ‡∏£‡∏ñ‡∏ö‡∏ô‡∏ó‡πâ‡∏≠‡∏á‡∏ñ‡∏ô‡∏ô‡∏°‡∏≤‡πÄ‡∏£‡πá‡∏ß‡∏°‡∏≤‡∏Å‡πÅ‡∏•‡∏∞‡πÑ‡∏°‡πà‡∏Ñ‡πà‡∏≠‡∏¢‡∏´‡∏¢‡∏∏‡∏î‡∏£‡∏ñ‡πÉ‡∏´‡πâ‡∏Ñ‡∏ô‡∏Ç‡πâ‡∏≤‡∏°‡∏ñ‡∏ô‡∏ô ‡∏ó‡∏±‡πâ‡∏á‡∏ô‡∏µ‡πâ ‡πÄ‡∏õ‡πá‡∏ô‡∏Å‡∏≤‡∏£‡∏•‡∏î‡∏≠‡∏∏‡∏ö‡∏±‡∏ï‡∏¥‡πÄ‡∏´‡∏ï‡∏∏‡πÅ‡∏•‡∏∞‡∏≠‡∏≥‡∏ô‡∏ß‡∏¢‡∏Ñ‡∏ß‡∏≤‡∏°‡∏™‡∏∞‡∏î‡∏ß‡∏Å‡πÉ‡∏´‡πâ‡∏õ‡∏£‡∏∞‡∏ä‡∏≤‡∏ä‡∏ô‡πÄ‡∏î‡∏¥‡∏ô‡∏ó‡∏≤‡∏á‡πÄ‡∏ó‡πâ‡∏≤‡∏î‡πâ‡∏ß‡∏¢,226,3,1,19,12,2024,100.5202,13.75733,14.08306067712731,0,34.0,19.0,94.0,35.0,1018.0,1006.0
A3K96R,lighting,‡∏î‡∏¥‡∏ô‡πÅ‡∏î‡∏á,‡∏î‡∏¥‡∏ô‡πÅ‡∏î‡∏á,‡∏Å‡∏£‡∏∏‡∏á‡πÄ‡∏ó‡∏û‡∏°‡∏´‡∏≤‡∏ô‡∏Ñ‡∏£,high,"‡∏õ‡∏±‡∏ç‡∏´‡∏≤: ‡πÄ‡∏£‡∏∑‡πà‡∏≠‡∏á‡πÄ‡∏î‡∏¥‡∏° ‡∏û‡∏ö‡∏î‡∏ß‡∏á‡πÑ‡∏ü‡∏ü‡πâ‡∏≤‡∏™‡πà‡∏≠‡∏á‡∏™‡∏ß‡πà‡∏≤‡∏á‡∏ó‡∏≤‡∏á‡∏î‡∏±‡∏ö‡∏ä‡∏≥‡∏£‡∏∏‡∏î‡∏à‡∏≥‡∏ô‡∏ß‡∏ô‡∏´‡∏•‡∏≤‡∏¢‡∏î‡∏ß‡∏á ‡∏ó‡∏≥‡πÉ‡∏´‡πâ‡∏ö‡∏£‡∏¥‡πÄ‡∏ß‡∏ì‡∏î‡∏±‡∏á‡∏Å‡∏•‡πà‡∏≤‡∏ß‡∏°‡∏∑‡∏î‡∏°‡∏≤‡∏Å ‡∏û‡∏ö‡πÄ‡∏´‡πá‡∏ô‡∏°‡∏≤‡∏ô‡∏≤‡∏ô‡∏´‡∏•‡∏≤‡∏¢‡πÄ‡∏î‡∏∑‡∏≠‡∏ô ‡∏≠‡πâ‡∏≤‡∏á‡∏≠‡∏¥‡∏á‡πÄ‡∏•‡∏Ç‡∏ó‡∏µ‡πà‡∏£‡∏±‡∏ö‡πÅ‡∏à‡πâ‡∏á 6THCTU ‡πÄ‡∏à‡πâ‡∏≤‡∏´‡∏ô‡πâ‡∏≤‡∏ó‡∏µ‡πà‡∏ï‡∏≠‡∏ö‡∏Å‡∏•‡∏±‡∏ö‡∏°‡∏≤‡πÄ‡∏°‡∏∑‡πà‡∏≠‡∏ß‡∏±‡∏ô‡∏ó‡∏µ‡πà 1 ‡∏Å.‡∏û. 67 ‡πÅ‡∏à‡πâ‡∏á‡∏ß‡πà‡∏≤ ‡∏Å‡∏ü‡∏ô.‡∏™‡∏≤‡∏°‡πÄ‡∏™‡∏ô ‡∏Å‡∏≥‡∏•‡∏±‡∏á‡∏î‡∏≥‡πÄ‡∏ô‡∏¥‡∏ô‡∏Å‡∏≤‡∏£‡∏™‡∏≥‡∏£‡∏ß‡∏à‡πÅ‡∏•‡∏∞‡∏õ‡∏£‡∏∞‡∏°‡∏≤‡∏ì‡∏£‡∏≤‡∏Ñ‡∏≤‡∏Ñ‡πà‡∏≤‡πÉ‡∏ä‡πâ‡∏à‡πà‡∏≤‡∏¢‡πÄ‡∏û‡∏∑‡πà‡∏≠‡πÅ‡∏à‡πâ‡∏á‡∏´‡∏ô‡∏±‡∏á‡∏™‡∏∑‡∏≠‡∏Å‡∏•‡∏±‡∏ö‡πÑ‡∏õ‡∏¢‡∏±‡∏á‡∏™‡∏≥‡∏ô‡∏±‡∏Å‡∏á‡∏≤‡∏ô‡πÄ‡∏Ç‡∏ï‡∏ï‡πà‡∏≠‡πÑ‡∏õ‡∏Ñ‡∏£‡∏±‡∏ö

‡∏ú‡∏π‡πâ‡∏£‡πâ‡∏≠‡∏á‡πÅ‡∏à‡πâ‡∏á‡∏ß‡πà‡∏≤ ‡πÅ‡∏à‡πâ‡∏á‡πÄ‡∏£‡∏∑‡πà‡∏≠‡∏á‡∏°‡∏≤‡∏ô‡∏≤‡∏ô‡πÅ‡∏•‡πâ‡∏ß ‡πÅ‡∏ï‡πà‡∏¢‡∏±‡∏á‡πÑ‡∏°‡πà‡πÑ‡∏î‡πâ‡∏£‡∏±‡∏ö‡∏Å‡∏≤‡∏£‡πÅ‡∏Å‡πâ‡πÑ‡∏Ç‡∏õ‡∏±‡∏ç‡∏´‡∏≤ ‡∏û‡∏ö‡∏î‡∏ß‡∏á‡πÑ‡∏ü‡∏ü‡πâ‡∏≤‡∏™‡πà‡∏≠‡∏á‡∏™‡∏ß‡πà‡∏≤‡∏á‡∏ó‡∏≤‡∏á‡∏î‡∏±‡∏ö‡∏ä‡∏≥‡∏£‡∏∏‡∏î‡πÄ‡∏ä‡πà‡∏ô‡πÄ‡∏î‡∏¥‡∏°
‡∏ã‡∏≠‡∏¢: ‡∏≠‡∏¥‡∏ô‡∏ó‡∏£‡∏≤‡∏°‡∏£‡∏∞ 41
‡∏ñ‡∏ô‡∏ô: ‡∏™‡∏∏‡∏ó‡∏ò‡∏¥‡∏™‡∏≤‡∏£‡∏ß‡∏¥‡∏ô‡∏¥‡∏à‡∏â‡∏±‡∏¢
‡∏à‡∏∏‡∏î‡∏™‡∏±‡∏á‡πÄ‡∏Å‡∏ï: ‡∏ï‡∏•‡∏≠‡∏î‡∏ó‡∏±‡πâ‡∏á‡∏ã‡∏≠‡∏¢‡∏î‡∏±‡∏á‡∏Å‡∏•‡πà‡∏≤‡∏ß ‡∏ï‡∏±‡πâ‡∏á‡πÅ‡∏ï‡πà‡∏õ‡∏≤‡∏Å‡∏ã‡∏≠‡∏¢‡∏≠‡∏¥‡∏ô‡∏ó‡∏£‡∏≤‡∏°‡∏£‡∏∞ 41 ‡πÑ‡∏õ‡∏à‡∏ô‡∏ñ‡∏∂‡∏á‡∏™‡∏∏‡∏î‡∏ã‡∏≠‡∏¢‡πÅ‡∏¢‡∏Å ‡∏ã‡∏≠‡∏¢‡∏û‡∏£‡πâ‡∏≠‡∏°‡∏™‡∏∏‡∏î‡∏≠‡∏ô‡∏∏‡∏™‡∏£‡∏ì‡πå 
‡πÄ‡∏Ç‡∏ï: ‡∏î‡∏¥‡∏ô‡πÅ‡∏î‡∏á
#1555",541,1,5,2,4,2024,100.56711,13.79033,73.68319893052893,1,41.0,28.0,89.0,19.0,1012.0,1002.0
2024-8M6Z8E,unknown,‡∏ö‡∏≤‡∏á‡πÅ‡∏Ñ,‡∏´‡∏•‡∏±‡∏Å‡∏™‡∏≠‡∏á,‡∏Å‡∏£‡∏∏‡∏á‡πÄ‡∏ó‡∏û‡∏°‡∏´‡∏≤‡∏ô‡∏Ñ‡∏£,low,‡∏≠‡∏¢‡∏≤‡∏Å‡∏ó‡∏£‡∏≤‡∏ö‡∏ß‡πà‡∏≤‡∏≠‡∏±‡∏ô‡∏ô‡∏µ‡πâ‡πÄ‡∏õ‡πá‡∏ô‡∏Ç‡∏≠‡∏á ‡∏Å‡∏ó‡∏° ‡∏´‡∏£‡∏∑‡∏≠‡πÑ‡∏°‡πà‡∏Ñ‡∏£‡∏±‡∏ö,40,4,15,19,1,2024,100.38774,13.70432,90.06795582402778,1,35.0,23.0,94.0,28.0,1020.0,1008.0
2025-6GK9BK,road,‡∏´‡πâ‡∏ß‡∏¢‡∏Ç‡∏ß‡∏≤‡∏á,‡∏™‡∏≤‡∏°‡πÄ‡∏™‡∏ô‡∏ô‡∏≠‡∏Å,‡∏Å‡∏£‡∏∏‡∏á‡πÄ‡∏ó‡∏û‡∏°‡∏´‡∏≤‡∏ô‡∏Ñ‡∏£,high,‡∏ú‡∏±‡∏ö‡πÄ‡∏õ‡∏¥‡∏î‡πÄ‡∏Å‡∏¥‡∏ô‡πÄ‡∏ß‡∏•‡∏≤ ‡∏ú‡∏±‡∏ö‡∏≠‡∏¢‡∏π‡πà‡∏ö‡∏£‡∏¥‡πÄ‡∏ß‡∏ì ‡∏ä‡∏±‡πâ‡∏ô 2 ‡πÇ‡∏£‡∏á‡πÅ‡∏£‡∏° ‡∏ô‡∏≤‡∏ã‡πà‡∏≤ ‡∏Å‡∏≤‡∏£‡πå‡πÄ‡∏î‡πâ‡∏ô ‡∏ã‡∏≠‡∏¢ 20 ‡∏°‡∏¥‡∏ñ‡∏∏‡∏ô‡∏≤ ‡πÅ‡∏¢‡∏Å 4 ‡∏ñ‡∏ô‡∏ô‡∏™‡∏∏‡∏ó‡∏ò‡∏¥‡∏™‡∏≤‡∏£ ‡∏£‡∏ö‡∏Å‡∏ß‡∏ô‡∏õ‡∏£‡∏∞‡∏ä‡∏≤‡∏ä‡∏ô‡πÇ‡∏î‡∏¢‡∏£‡∏≠‡∏ö ‡∏ö‡∏≤‡∏á‡∏ß‡∏±‡∏ô‡∏ú‡∏±‡∏ö‡πÄ‡∏õ‡∏¥‡∏î‡∏ñ‡∏∂‡∏á‡πÄ‡∏ä‡πâ‡∏≤ ‡∏°‡∏µ‡∏ô‡∏±‡∏Å‡∏ó‡πà‡∏≠‡∏á‡πÄ‡∏ó‡∏µ‡πà‡∏¢‡∏ß‡∏ó‡∏±‡πâ‡∏á‡πÑ‡∏ó‡∏¢‡πÅ‡∏•‡∏∞‡∏à‡∏µ‡∏ô ‡πÄ‡∏°‡∏≤‡∏≠‡∏≠‡∏Å‡∏°‡∏≤ ‡∏Ç‡∏≠‡∏Ñ‡∏ß‡∏≤‡∏°‡πÄ‡∏°‡∏ï‡∏ï‡∏≤‡∏†‡∏≤‡∏Ñ‡∏£‡∏±‡∏ê‡∏ä‡πà‡∏ß‡∏¢‡πÄ‡∏´‡∏•‡∏∑‡∏≠‡∏õ‡∏£‡∏∞‡∏ä‡∏≤‡∏ä‡∏ô‡∏ó‡∏µ‡πà‡∏ï‡πâ‡∏≠‡∏á‡∏ó‡∏≥‡∏°‡∏≤‡∏´‡∏≤‡∏Å‡∏¥‡∏ô‡∏î‡πâ‡∏ß‡∏¢‡πÄ‡∏ñ‡∏¥‡∏î ‡∏¢‡πâ‡∏≤‡∏¢‡πÄ‡∏Ç‡∏≤‡πÑ‡∏õ‡∏≠‡∏¢‡∏π‡πà‡πÉ‡∏ô‡∏ó‡∏µ‡πà‡πÄ‡∏´‡∏°‡∏≤‡∏∞‡∏™‡∏°‡∏à‡∏∞‡∏î‡∏µ‡∏Å‡∏ß‡πà‡∏≤,260,4,17,3,1,2025,100.58276,13.78706,12.46195016349537,0,36.0,17.0,100.0,24.0,1021.0,1006.0
2024-PB68YZ,noise,‡∏î‡∏¥‡∏ô‡πÅ‡∏î‡∏á,‡∏î‡∏¥‡∏ô‡πÅ‡∏î‡∏á,‡∏Å‡∏£‡∏∏‡∏á‡πÄ‡∏ó‡∏û‡∏°‡∏´‡∏≤‡∏ô‡∏Ñ‡∏£,mid,‡πÄ‡∏£‡∏µ‡∏¢‡∏ô ‡∏ó‡πà‡∏≤‡∏ô‡∏ú‡∏π‡πâ‡∏ß‡πà‡∏≤‡∏Ø ‡∏ä‡∏±‡∏ä‡∏ä‡∏≤‡∏ï‡∏¥ ‡∏™‡∏¥‡∏ó‡∏ò‡∏¥‡∏û‡∏±‡∏ô‡∏ò‡∏∏‡πå ‡∏Ç‡∏≠‡∏Ñ‡∏ß‡∏≤‡∏°‡∏ä‡πà‡∏ß‡∏¢‡πÄ‡∏´‡∏•‡∏∑‡∏≠‡πÄ‡∏£‡πà‡∏á‡∏£‡∏±‡∏î‡πÄ‡∏£‡∏∑‡πà‡∏≠‡∏á‡∏à‡∏î‡∏ó‡∏∞‡πÄ‡∏ö‡∏µ‡∏¢‡∏ô‡∏ß‡∏¥‡∏ô(‡∏£‡∏ñ‡∏à‡∏±‡∏Å‡∏£‡∏¢‡∏≤‡∏ô‡∏¢‡∏ô‡∏ï‡πå‡∏™‡∏≤‡∏ò‡∏≤‡∏£‡∏ì‡∏∞) ‡∏Ç‡∏≠‡∏á‡πÄ‡∏Ç‡∏ï‡∏î‡∏¥‡∏ô‡πÅ‡∏î‡∏á‡∏î‡πâ‡∏ß‡∏¢‡∏Ñ‡∏£‡∏±‡∏ö ‡πÄ‡∏ô‡∏∑‡πà‡∏≠‡∏á‡∏à‡∏≤‡∏Å‡πÑ‡∏î‡πâ‡∏£‡∏±‡∏ö‡∏Ñ‡∏ß‡∏≤‡∏°‡πÄ‡∏î‡∏∑‡∏≠‡∏î‡∏£‡πâ‡∏≠‡∏ô‡∏°‡∏µ‡∏Ñ‡∏ô‡∏ñ‡πà‡∏≤‡∏¢‡∏£‡∏π‡∏õ‡∏ß‡∏¥‡∏ô‡∏õ‡πâ‡∏≤‡∏¢‡∏Ç‡∏≤‡∏ß‡∏™‡πà‡∏á‡πÉ‡∏´‡πâ ‡∏ó‡∏≤‡∏á‡∏Ç‡∏ô‡∏™‡πà‡∏á‡πÄ‡πÄ‡∏•‡πâ‡∏ß‡∏ñ‡∏π‡∏Å‡∏õ‡∏£‡∏±‡∏ö ‡∏Ñ‡∏£‡∏±‡πâ‡∏á‡∏•‡∏∞ 2000 ‡∏ö‡∏≤‡∏ó ‡∏°‡∏µ‡∏ó‡∏±‡πâ‡∏á‡πÄ‡∏à‡πâ‡∏≤‡∏´‡∏ô‡πâ‡∏≤‡∏ó‡∏µ‡πà‡∏à‡∏±‡∏ö‡πÅ‡∏•‡∏∞‡∏õ‡∏£‡∏±‡∏ö‡πÄ‡∏ô‡∏∑‡πà‡∏≠‡∏á‡∏à‡∏≤‡∏Å‡πÉ‡∏ä‡πâ‡∏£‡∏ñ‡∏ú‡∏¥‡∏î‡∏õ‡∏£‡∏∞‡πÄ‡∏†‡∏ó‡πÅ‡∏ï‡πà‡∏ó‡∏≤‡∏á‡∏ß‡∏¥‡∏ô‡πÑ‡∏î‡πâ‡∏°‡∏µ‡∏Å‡∏≤‡∏£‡∏¢‡∏∑‡∏ô‡πÄ‡∏£‡∏∑‡πà‡∏≠‡∏á‡πÉ‡∏´‡πâ‡∏ó‡∏≤‡∏á‡∏™‡∏≥‡∏ô‡∏±‡∏Å‡∏á‡∏≤‡∏ô‡πÄ‡∏Ç‡∏ï‡∏î‡∏¥‡∏ô‡πÅ‡∏î‡∏á‡πÄ‡πÄ‡∏•‡πâ‡∏ß‡∏ï‡∏±‡πâ‡∏á‡πÅ‡∏ï‡πà‡πÄ‡∏î‡∏∑‡∏≠‡∏ô ‡∏Å‡∏£‡∏Å‡∏é‡∏≤‡∏Ñ‡∏° 2566 ‡∏à‡∏ô‡∏ï‡∏≠‡∏ô‡∏ô‡∏µ‡πâ‡∏ú‡πà‡∏≤‡∏ô‡∏°‡∏≤‡πÄ‡∏Å‡∏∑‡∏≠‡∏ö‡∏õ‡∏µ‡∏¢‡∏±‡∏á‡πÑ‡∏°‡πà‡πÑ‡∏î‡πâ‡∏£‡∏±‡∏ö‡∏Å‡∏≤‡∏£‡∏à‡∏î‡πÄ‡∏ö‡∏µ‡∏¢‡∏ô ‡∏ó‡∏≥‡πÉ‡∏´‡πâ‡πÄ‡∏î‡∏∑‡∏≠‡∏î‡∏£‡πâ‡∏≠‡∏ô‡∏ï‡πâ‡∏≠‡∏á‡πÇ‡∏î‡∏ô‡∏õ‡∏£‡∏±‡∏ö ‡∏≠‡∏≤‡∏ä‡∏µ‡∏û‡∏™‡∏∏‡∏à‡∏£‡∏¥‡∏ï ‡∏õ‡∏≤‡∏Å‡∏ó‡πâ‡∏≠‡∏á‡∏£‡∏≠‡πÑ‡∏°‡πà‡πÑ‡∏î‡πâ ‡πÇ‡∏î‡∏¢‡πÄ‡∏´‡πá‡∏ô‡πÉ‡∏à‡πÅ‡∏•‡∏∞‡∏Ç‡∏≠‡∏Ñ‡∏ß‡∏≤‡∏°‡∏ä‡πà‡∏ß‡∏¢‡πÄ‡∏´‡∏•‡∏∑‡∏≠‡∏à‡∏≤‡∏Å‡∏ó‡πà‡∏≤‡∏ô‡∏î‡πâ‡∏ß‡∏¢‡∏Ñ‡∏£‡∏±‡∏ö,486,5,9,27,4,2024,100.5531,13.76985,28.791555815460676,0,41.0,28.0,89.0,19.0,1012.0,1002.0
2024-N7RXNP,cleaning,‡∏ó‡∏ß‡∏µ‡∏ß‡∏±‡∏í‡∏ô‡∏≤,‡∏ó‡∏ß‡∏µ‡∏ß‡∏±‡∏í‡∏ô‡∏≤,‡∏Å‡∏£‡∏∏‡∏á‡πÄ‡∏ó‡∏û‡∏°‡∏´‡∏≤‡∏ô‡∏Ñ‡∏£,mid,‡∏≠‡∏≤‡∏ó‡∏¥‡∏ï‡∏¢‡πå‡∏ô‡∏µ‡πâ‡∏£‡∏ñ‡∏Ç‡∏¢‡∏∞‡πÑ‡∏°‡πà‡πÄ‡∏Ç‡πâ‡∏≤‡∏°‡∏≤‡πÄ‡∏Å‡πá‡∏ö‡∏Ç‡∏¢‡∏∞,31,5,11,30,3,2024,100.35519,13.76199,11.866649166648148,0,39.0,25.0,94.0,20.0,1016.0,1005.0
2024-9U6T2B,road,‡∏™‡∏±‡∏°‡∏û‡∏±‡∏ô‡∏ò‡∏ß‡∏á‡∏®‡πå,‡∏à‡∏±‡∏Å‡∏£‡∏ß‡∏£‡∏£‡∏î‡∏¥,‡∏Å‡∏£‡∏∏‡∏á‡πÄ‡∏ó‡∏û‡∏°‡∏´‡∏≤‡∏ô‡∏Ñ‡∏£,high,‡∏Ç‡∏≠‡πÉ‡∏´‡πâ‡∏ó‡πà‡∏≤‡∏ô‡πÄ‡∏à‡πâ‡∏≤‡∏´‡∏ô‡πâ‡∏≤‡∏ó‡∏µ‡πà‡∏™‡∏≥‡∏ô‡∏±‡∏Å‡∏á‡∏≤‡∏ô‡πÄ‡∏Ç‡∏ï‡∏™‡∏±‡∏°‡∏û‡∏±‡∏ô‡∏ò‡∏ß‡∏á‡∏®‡πå‡∏ä‡πà‡∏ß‡∏¢‡∏°‡∏≤‡∏î‡∏≥‡πÄ‡∏ô‡∏¥‡∏ô‡∏Å‡∏≤‡∏£‡∏Å‡∏±‡∏ö‡∏ú‡∏π‡πâ‡∏Ñ‡πâ‡∏≤‡∏ó‡∏µ‡πà‡∏ï‡∏±‡πâ‡∏á‡∏ß‡∏≤‡∏á‡∏™‡∏¥‡∏ô‡∏Ñ‡πâ‡∏≤‡∏ö‡∏ô‡∏ñ‡∏ô‡∏ô‡∏™‡∏≤‡∏ò‡∏≤‡∏£‡∏ì‡∏∞‡∏Å‡∏µ‡∏î‡∏Ç‡∏ß‡∏≤‡∏á‡∏Å‡∏≤‡∏£‡∏à‡∏£‡∏≤‡∏à‡∏£‡∏ö‡∏£‡∏¥‡πÄ‡∏ß‡∏ì‡∏ó‡∏≤‡∏á‡πÇ‡∏Ñ‡πâ‡∏á‡∏ï‡∏£‡∏á‡∏Ç‡πâ‡∏≤‡∏°‡∏™‡∏ô‡∏à‡∏±‡∏Å‡∏£‡∏ß‡∏£‡∏£‡∏î‡∏¥,140,1,10,28,5,2024,100.50525,13.74001,12.46195016349537,0,40.0,24.0,100.0,29.0,1014.0,1001.0
2024-6Q68VL,lighting,‡∏´‡πâ‡∏ß‡∏¢‡∏Ç‡∏ß‡∏≤‡∏á,‡∏´‡πâ‡∏ß‡∏¢‡∏Ç‡∏ß‡∏≤‡∏á,‡∏Å‡∏£‡∏∏‡∏á‡πÄ‡∏ó‡∏û‡∏°‡∏´‡∏≤‡∏ô‡∏Ñ‡∏£,high,‡πÑ‡∏ü‡∏ü‡πâ‡∏≤‡πÅ‡∏™‡∏á‡∏à‡∏±‡∏ô‡∏ó‡∏£‡πå‡∏î‡∏±‡∏ö‡∏Ñ‡∏£‡∏±‡∏ö,21,3,10,13,6,2024,100.57999,13.78013,73.68319893052893,0,36.0,25.0,94.0,44.0,1012.0,1001.0
BFGNWM,safety,‡∏õ‡∏£‡∏∞‡πÄ‡∏ß‡∏®,‡∏î‡∏≠‡∏Å‡πÑ‡∏°‡πâ,‡∏Å‡∏£‡∏∏‡∏á‡πÄ‡∏ó‡∏û‡∏°‡∏´‡∏≤‡∏ô‡∏Ñ‡∏£,high,"‡∏õ‡∏±‡∏ç‡∏´‡∏≤: ‡πÄ‡∏î‡∏¥‡∏°‡πÅ‡∏à‡πâ‡∏á‡πÄ‡∏£‡∏∑‡πà‡∏≠‡∏á ‡∏û‡∏ö‡∏£‡πâ‡∏≤‡∏ô ‡∏ì ‡∏ö‡∏≤‡∏á‡πÅ‡∏Å‡πâ‡∏ß ‡∏ö‡∏≤‡∏£‡πå ‡∏°‡∏µ‡∏Å‡∏≤‡∏£‡∏ï‡∏±‡πâ‡∏á‡∏ß‡∏≤‡∏á‡πÇ‡∏ï‡πä‡∏∞ ‡πÄ‡∏Å‡πâ‡∏≤‡∏≠‡∏µ‡πâ ‡∏Å‡∏µ‡∏î‡∏Ç‡∏ß‡∏≤‡∏á‡∏ó‡∏≤‡∏á‡∏™‡∏±‡∏ç‡∏à‡∏£‡∏ö‡∏ô‡∏ö‡∏≤‡∏ó‡∏ß‡∏¥‡∏ñ‡∏µ ‡∏ï‡∏±‡πâ‡∏á‡πÅ‡∏ï‡πà‡∏ä‡πà‡∏ß‡∏á‡πÄ‡∏ß‡∏•‡∏≤ 22.00-02.30 ‡∏ô.‡πÄ‡∏õ‡πá‡∏ô‡∏õ‡∏£‡∏∞‡∏à‡∏≥‡∏ó‡∏∏‡∏Å‡∏ß‡∏±‡∏ô (‡πÇ‡∏î‡∏¢‡πÄ‡∏â‡∏û‡∏≤‡∏∞‡∏ß‡∏±‡∏ô‡∏®‡∏∏‡∏Å‡∏£‡πå ‡∏ß‡∏±‡∏ô‡πÄ‡∏™‡∏≤‡∏£‡πå ‡πÅ‡∏•‡∏∞‡∏ß‡∏±‡∏ô‡∏≠‡∏≤‡∏ó‡∏¥‡∏ï‡∏¢‡πå) ‡∏û‡∏ö‡πÄ‡∏´‡πá‡∏ô‡πÄ‡∏õ‡πá‡∏ô‡πÄ‡∏ß‡∏•‡∏≤‡∏ô‡∏≤‡∏ô‡πÅ‡∏•‡πâ‡∏ß ‡∏ó‡∏≥‡πÉ‡∏´‡πâ‡∏ú‡∏π‡πâ‡∏ó‡∏µ‡πà‡∏™‡∏±‡∏ç‡∏à‡∏£‡∏ú‡πà‡∏≤‡∏ô‡∏ï‡πâ‡∏≠‡∏á‡∏•‡∏á‡πÑ‡∏õ‡πÄ‡∏î‡∏¥‡∏ô‡∏ö‡∏ô‡∏ú‡∏¥‡∏ß‡∏Å‡∏≤‡∏£‡∏à‡∏£‡∏≤‡∏à‡∏£ ‡∏ã‡∏∂‡πà‡∏á‡∏à‡∏∏‡∏î‡∏î‡∏±‡∏á‡∏Å‡∏•‡πà‡∏≤‡∏ß‡∏≠‡∏¢‡∏π‡πà‡πÉ‡∏Å‡∏•‡πâ‡∏Å‡∏±‡∏ö‡πÅ‡∏¢‡∏Å‡πÑ‡∏ü‡πÅ‡∏î‡∏á ‡πÄ‡∏Å‡∏£‡∏á‡∏ß‡πà‡∏≤‡∏à‡∏∞‡πÄ‡∏Å‡∏¥‡∏î‡∏≠‡∏±‡∏ô‡∏ï‡∏£‡∏≤‡∏¢‡∏Å‡∏±‡∏ö‡∏ú‡∏π‡πâ‡∏ó‡∏µ‡πà‡∏™‡∏±‡∏ç‡∏à‡∏£‡∏ú‡πà‡∏≤‡∏ô 

‡∏≠‡πâ‡∏≤‡∏á‡∏≠‡∏¥‡∏á‡πÄ‡∏•‡∏Ç‡∏ó‡∏µ‡πà‡∏£‡∏±‡∏ö‡πÅ‡∏à‡πâ‡∏á JNTUEC ‡πÄ‡∏à‡πâ‡∏≤‡∏´‡∏ô‡πâ‡∏≤‡∏ó‡∏µ‡πà‡∏ï‡∏≠‡∏ö‡∏Å‡∏•‡∏±‡∏ö‡πÄ‡∏°‡∏∑‡πà‡∏≠‡∏ß‡∏±‡∏ô‡∏ó‡∏µ‡πà 25 ‡∏Å.‡∏¢. 67 ‡πÅ‡∏à‡πâ‡∏á‡∏ß‡πà‡∏≤ ‡πÑ‡∏î‡πâ‡∏≠‡∏≠‡∏Å‡∏Ç‡∏±‡∏ô‡∏ï‡∏£‡∏ß‡∏à‡∏ï‡∏≤‡πÄ‡∏õ‡πá‡∏ô‡∏õ‡∏£‡∏∞‡∏à‡∏≥‡∏ó‡∏∏‡∏Å‡∏ß‡∏±‡∏ô ‡πÑ‡∏°‡πà‡πÉ‡∏´‡πâ‡∏°‡∏µ‡∏Å‡∏≤‡∏£‡∏ù‡πà‡∏≤‡∏ù‡∏∑‡∏ô‡∏Å‡∏≤‡∏£‡∏ï‡∏±‡πâ‡∏á‡∏ß‡∏≤‡∏á ‡∏ö‡∏ô‡∏ó‡∏µ‡πà‡∏™‡∏≤‡∏ò‡∏≤‡∏£‡∏ì‡∏∞

‡∏ú‡∏π‡πâ‡∏£‡πâ‡∏≠‡∏á‡πÅ‡∏à‡πâ‡∏á‡∏ß‡πà‡∏≤ ‡∏ó‡∏∏‡∏Å‡∏ß‡∏±‡∏ô‡∏®‡∏∏‡∏Å‡∏£‡πå ‡πÄ‡∏™‡∏≤‡∏£‡πå ‡∏≠‡∏≤‡∏ó‡∏¥‡∏ï‡∏¢‡πå ‡∏¢‡∏±‡∏á‡∏û‡∏ö‡∏£‡πâ‡∏≤‡∏ô ‡∏ì ‡∏ö‡∏≤‡∏á‡πÅ‡∏Å‡πâ‡∏ß ‡∏ö‡∏≤‡∏£‡πå ‡∏ï‡∏±‡πâ‡∏á‡∏ß‡∏≤‡∏á‡πÇ‡∏ï‡πä‡∏∞ ‡πÄ‡∏Å‡πâ‡∏≤‡∏≠‡∏µ‡πâ ‡∏Å‡∏µ‡∏î‡∏Ç‡∏ß‡∏≤‡∏á‡∏ó‡∏≤‡∏á‡∏™‡∏±‡∏ç‡∏à‡∏£‡∏ö‡∏ô‡∏ö‡∏≤‡∏ó‡∏ß‡∏¥‡∏ñ‡∏µ‡∏≠‡∏¢‡∏π‡πà‡πÄ‡∏ä‡πà‡∏ô‡πÄ‡∏î‡∏¥‡∏° ‡∏ó‡∏≥‡πÉ‡∏´‡πâ‡∏ú‡∏π‡πâ‡∏ó‡∏µ‡πà‡∏™‡∏±‡∏ç‡∏à‡∏£‡∏ú‡πà‡∏≤‡∏ô‡∏ï‡πâ‡∏≠‡∏á‡∏•‡∏á‡πÑ‡∏õ‡πÄ‡∏î‡∏¥‡∏ô‡∏ö‡∏ô‡∏ú‡∏¥‡∏ß‡∏Å‡∏≤‡∏£‡∏à‡∏£‡∏≤‡∏à‡∏£ ‡πÄ‡∏Å‡∏£‡∏á‡∏ß‡πà‡∏≤‡∏≠‡∏≤‡∏à‡πÄ‡∏Å‡∏¥‡∏î‡∏≠‡∏±‡∏ô‡∏ï‡∏£‡∏≤‡∏¢‡πÑ‡∏î‡πâ ‡∏Ç‡∏≠‡πÉ‡∏´‡πâ‡πÄ‡∏à‡πâ‡∏≤‡∏´‡∏ô‡πâ‡∏≤‡∏ó‡∏µ‡πà‡∏ó‡∏µ‡πà‡πÄ‡∏Å‡∏µ‡πà‡∏¢‡∏ß‡∏Ç‡πâ‡∏≠‡∏á‡∏î‡∏≥‡πÄ‡∏ô‡∏¥‡∏ô‡∏Å‡∏≤‡∏£‡∏ï‡∏£‡∏ß‡∏à‡∏™‡∏≠‡∏ö‡πÅ‡∏•‡∏∞‡πÅ‡∏Å‡πâ‡πÑ‡∏Ç‡∏≠‡∏µ‡∏Å‡∏Ñ‡∏£‡∏±‡πâ‡∏á ‡∏£‡∏ß‡∏°‡∏ñ‡∏∂‡∏á‡∏ï‡∏¥‡∏î‡∏ï‡∏±‡πâ‡∏á‡∏õ‡πâ‡∏≤‡∏¢‡∏´‡πâ‡∏≤‡∏°‡∏ï‡∏±‡πâ‡∏á‡∏ß‡∏≤‡∏á‡∏Ç‡∏≠‡∏á‡∏ö‡∏ô‡∏ö‡∏≤‡∏ó‡∏ß‡∏¥‡∏ñ‡∏µ‡∏î‡πâ‡∏ß‡∏¢
‡∏ã‡∏≠‡∏¢: ‡πÄ‡∏â‡∏•‡∏¥‡∏°‡∏û‡∏£‡∏∞‡πÄ‡∏Å‡∏µ‡∏¢‡∏£‡∏ï‡∏¥‡∏£.9 ‡∏ó‡∏µ‡πà 28 (‡∏ã‡∏≠‡∏¢‡∏ó‡∏∏‡πà‡∏á‡∏•‡∏≤‡∏ô‡∏ô‡∏≤) 
‡∏ñ‡∏ô‡∏ô: ‡πÄ‡∏â‡∏•‡∏¥‡∏°‡∏û‡∏£‡∏∞‡πÄ‡∏Å‡∏µ‡∏¢‡∏£‡∏ï‡∏¥ ‡∏£.9
‡∏à‡∏∏‡∏î‡∏™‡∏±‡∏á‡πÄ‡∏Å‡∏ï: ‡πÄ‡∏Ç‡πâ‡∏≤‡∏ã‡∏≠‡∏¢‡∏î‡∏±‡∏á‡∏Å‡∏•‡πà‡∏≤‡∏ß‡πÑ‡∏õ‡∏õ‡∏£‡∏∞‡∏°‡∏≤‡∏ì 1 ‡∏Å‡∏¥‡πÇ‡∏•‡πÄ‡∏°‡∏ï‡∏£ ‡∏ö‡∏£‡∏¥‡πÄ‡∏ß‡∏ì‡∏™‡∏µ‡πà‡πÅ‡∏¢‡∏Å‡πÑ‡∏ü‡πÅ‡∏î‡∏á ‡∏ì ‡∏ö‡∏≤‡∏á‡πÅ‡∏Å‡πâ‡∏ß ‡∏Ç‡∏ß‡∏≤‡∏°‡∏∑‡∏≠
‡πÄ‡∏Ç‡∏ï: ‡∏õ‡∏£‡∏∞‡πÄ‡∏ß‡∏®
#1555",948,4,23,27,9,2024,100.6765,13.67517,14.08306067712731,0,35.0,24.0,100.0,47.0,1013.0,999.0
2024-P2ZLP8,lighting,‡∏´‡∏ô‡∏≠‡∏á‡πÅ‡∏Ç‡∏°,‡∏´‡∏ô‡∏≠‡∏á‡∏Ñ‡πâ‡∏≤‡∏á‡∏û‡∏•‡∏π,‡∏Å‡∏£‡∏∏‡∏á‡πÄ‡∏ó‡∏û‡∏°‡∏´‡∏≤‡∏ô‡∏Ñ‡∏£,high,‡πÑ‡∏ü‡πÄ‡∏Å‡∏≤‡∏∞‡∏Å‡∏•‡∏≤‡∏á‡∏ñ‡∏ô‡∏ô ‡∏´‡∏ô‡πâ‡∏≤‡∏ã‡∏≠‡∏¢‡∏û‡∏∏‡∏ó‡∏ò‡∏°‡∏ì‡∏ë‡∏•‡∏™‡∏≤‡∏¢3‡∏ã‡∏≠‡∏¢1 ‡∏î‡∏±‡∏ö‡∏ó‡∏±‡πâ‡∏á2‡∏ù‡∏±‡πà‡∏á ‡∏≠‡∏µ‡∏Å‡πÅ‡∏•‡πâ‡∏ß,58,1,11,17,12,2024,100.36404,13.71534,73.68319893052893,0,34.0,19.0,94.0,35.0,1018.0,1006.0
2024-KAZQFC,lighting,‡∏ö‡∏≤‡∏á‡∏Å‡∏≠‡∏Å‡∏ô‡πâ‡∏≠‡∏¢,‡∏ö‡∏≤‡∏á‡∏Ç‡∏∏‡∏ô‡∏ô‡∏ô‡∏ó‡πå,‡∏Å‡∏£‡∏∏‡∏á‡πÄ‡∏ó‡∏û‡∏°‡∏´‡∏≤‡∏ô‡∏Ñ‡∏£,high,‡πÑ‡∏ü‡∏ü‡πâ‡∏≤‡∏ó‡∏≤‡∏á‡πÄ‡∏Ç‡πâ‡∏≤‡∏ã‡∏≠‡∏¢‡∏ö‡πâ‡∏≤‡∏ô‡∏Ç‡∏∏‡∏ô‡∏ô‡∏ô‡∏ó‡πå29 ‡∏¢‡∏±‡∏á‡πÑ‡∏°‡πà‡∏™‡∏ß‡πà‡∏≤‡∏á ‡∏Ç‡∏≠‡πÉ‡∏´‡πâ‡∏°‡∏≤‡∏ï‡∏¥‡∏î‡∏ï‡∏±‡πâ‡∏á‡πÑ‡∏ü‡∏ü‡πâ‡∏≤‡πÉ‡∏´‡πâ‡∏™‡πà‡∏≠‡∏á‡∏™‡∏ß‡πà‡∏≤‡∏á‡∏î‡πâ‡∏ß‡∏¢‡∏ô‡∏∞‡∏Ñ‡πà‡∏∞,81,4,12,19,4,2024,100.46627,13.7743,73.68319893052893,1,41.0,28.0,89.0,19.0,1012.0,1002.0
2024-FBTVAA,flood,‡∏ó‡∏ß‡∏µ‡∏ß‡∏±‡∏í‡∏ô‡∏≤,‡∏ó‡∏ß‡∏µ‡∏ß‡∏±‡∏í‡∏ô‡∏≤,‡∏Å‡∏£‡∏∏‡∏á‡πÄ‡∏ó‡∏û‡∏°‡∏´‡∏≤‡∏ô‡∏Ñ‡∏£,high,‡∏ö‡∏£‡∏¥‡πÄ‡∏ß‡∏ì‡∏ó‡∏≤‡∏á‡πÅ‡∏¢‡∏Å‡∏ñ‡∏ô‡∏ô‡∏Å‡∏≤‡∏ç‡∏à‡∏ô‡∏≤‡∏†‡∏¥‡πÄ‡∏©‡∏Å ‡∏ó‡∏≤‡∏á‡∏Ç‡∏ô‡∏≤‡∏ô (‡∏ù‡∏±‡πà‡∏á‡∏°‡∏∏‡πà‡∏á‡∏´‡∏ô‡πâ‡∏≤‡πÑ‡∏õ‡∏ö‡∏≤‡∏á‡πÅ‡∏Ñ)‡πÄ‡∏Ç‡πâ‡∏≤‡∏™‡∏π‡πà‡∏ñ‡∏ô‡∏ô‡∏û‡∏£‡∏≤‡∏ô‡∏ô‡∏Å-‡∏û‡∏∏‡∏ó‡∏ò‡∏°‡∏ì‡∏ë‡∏•‡∏™‡∏≤‡∏¢ 4   ‡∏û‡∏ö‡∏ß‡πà‡∏≤‡∏°‡∏µ‡∏Ç‡∏≠‡∏ö‡∏ù‡∏≤‡∏ó‡πà‡∏≠‡∏£‡∏∞‡∏ö‡∏≤‡∏¢‡∏ô‡πâ‡∏≥‡∏ó‡∏µ‡πà‡∏ó‡∏≥‡πÉ‡∏´‡∏°‡πà‡πÅ‡∏ï‡∏Å‡∏ä‡∏≥‡∏£‡∏∏‡∏î ‡∏ó‡∏≥‡πÉ‡∏´‡πâ‡πÄ‡∏Å‡∏¥‡∏î‡∏Ñ‡∏ß‡∏≤‡∏°‡∏™‡∏π‡∏á‡∏£‡∏∞‡∏´‡∏ß‡πà‡∏≤‡∏á‡∏ñ‡∏ô‡∏ô‡∏Å‡∏±‡∏ö‡∏ù‡∏≤‡∏ó‡πà‡∏≠ ‡∏£‡∏ö‡∏Å‡∏ß‡∏ô‡πÅ‡∏Å‡πâ‡πÑ‡∏Ç  ‡πÄ‡∏ô‡∏∑‡πà‡∏≠‡∏á‡∏à‡∏≤‡∏Å‡∏£‡∏ñ‡∏ó‡∏≤‡∏á‡πÉ‡∏ä‡πâ‡πÄ‡∏¢‡∏≠‡∏∞ ‡∏ä‡πà‡∏ß‡∏á‡∏•‡πà‡∏≤‡∏á‡πÄ‡∏™‡∏µ‡∏¢‡∏´‡∏≤‡∏¢ ‡πÅ‡∏•‡∏∞‡∏ä‡∏•‡∏≠‡∏ï‡∏±‡∏ß‡∏à‡∏∏‡∏î‡∏ô‡∏µ‡πâ‡∏ó‡∏∏‡∏Å‡∏ß‡∏±‡∏ô,236,3,2,4,4,2024,100.40629,13.75676,11.670945969684022,1,41.0,28.0,89.0,19.0,1012.0,1002.0
2024-BPW4YV,road,‡∏Ñ‡∏±‡∏ô‡∏ô‡∏≤‡∏¢‡∏≤‡∏ß,‡∏£‡∏≤‡∏°‡∏≠‡∏¥‡∏ô‡∏ó‡∏£‡∏≤,‡∏Å‡∏£‡∏∏‡∏á‡πÄ‡∏ó‡∏û‡∏°‡∏´‡∏≤‡∏ô‡∏Ñ‡∏£,high,"‡∏£‡∏ñ‡∏à‡∏≠‡∏î‡∏ö‡∏ô‡∏ñ‡∏ô‡∏ô ‡∏™‡∏≤‡∏ò‡∏≤‡∏£‡∏ì‡∏∞ ‡∏ö‡∏£‡∏¥‡πÄ‡∏ß‡∏ì‡∏ã‡∏≠‡∏¢‡∏£‡∏≤‡∏°‡∏≠‡∏¥‡∏ô‡∏ó‡∏£‡∏≤ 83 ‡πÅ‡∏Ç‡∏ß‡∏á‡∏£‡∏≤‡∏°‡∏≠‡∏¥‡∏ô‡∏ó‡∏£‡∏≤ ‡πÄ‡∏Ç‡∏ï‡∏Ñ‡∏±‡∏ô‡∏ô‡∏≤‡∏¢‡∏≤‡∏ß ‡∏Å‡∏ó‡∏°. 

‡∏°‡∏µ‡∏Å‡∏≤‡∏£‡∏à‡∏≠‡∏î‡∏£‡∏ñ‡∏ö‡∏ô‡∏ñ‡∏ô‡∏ô ‡∏ã‡∏≠‡∏¢‡∏£‡∏≤‡∏°‡∏≠‡∏¥‡∏ô‡∏ó‡∏£‡∏≤ 83,85 ‡∏à‡∏≠‡∏î‡∏™‡∏•‡∏±‡∏ö‡∏ü‡∏±‡∏ô‡∏õ‡∏•‡∏≤‡∏Å‡∏±‡∏ô ‡∏à‡∏≠‡∏î‡∏ï‡∏•‡∏≠‡∏î‡∏ó‡∏±‡πâ‡∏á‡∏ã‡∏≠‡∏¢ ‡∏£‡∏ñ‡∏Å‡πá‡∏ï‡∏¥‡∏î ‡πÄ‡∏™‡∏µ‡πà‡∏¢‡∏á‡πÄ‡∏Å‡∏¥‡∏î‡∏≠‡∏∏‡∏ö‡∏±‡∏ï‡∏¥‡πÄ‡∏´‡∏ï‡∏∏‡∏°‡∏≤‡∏Å ‡∏≠‡∏±‡∏ô‡∏ï‡∏£‡∏≤‡∏¢‡∏°‡∏≤‡∏Å‡πÜ‡πÄ‡∏•‡∏¢‡∏Ñ‡∏£‡∏±‡∏ö ‡∏Å‡∏•‡∏≤‡∏á‡∏Ñ‡∏∑‡∏ô‡∏£‡∏ñ‡∏Ç‡∏±‡∏ö‡∏Å‡∏±‡∏ô‡πÄ‡∏£‡πá‡∏ß‡πÑ‡∏°‡πà‡∏û‡∏≠ ‡∏Ñ‡∏ô‡πÄ‡∏î‡∏¥‡∏ô‡πÄ‡∏ó‡πâ‡∏≤‡∏ï‡πâ‡∏≠‡∏á‡∏Ñ‡∏≠‡∏¢‡∏´‡∏•‡∏ö‡∏£‡∏ñ‡∏Ñ‡∏±‡∏ô‡∏Ç‡πâ‡∏≤‡∏á‡∏´‡∏•‡∏±‡∏á ‡πÅ‡∏•‡∏∞‡πÄ‡∏•‡∏ô‡∏ï‡∏£‡∏á‡∏Ç‡πâ‡∏≤‡∏° ‡πÄ‡∏û‡∏£‡∏≤‡∏∞‡∏°‡∏µ‡∏£‡∏ñ‡∏à‡∏≠‡∏î ‡πÄ‡∏õ‡πá‡∏ô‡∏õ‡∏±‡∏ç‡∏´‡∏≤‡∏°‡∏≤‡∏ô‡∏≤‡∏ô‡∏°‡∏≤‡∏Å ‡∏ñ‡∏ô‡∏ô‡∏™‡∏≠‡∏á‡πÄ‡∏•‡∏ô ‡∏à‡∏≠‡∏î‡∏£‡∏ñ 1 ‡πÄ‡∏•‡∏ô ‡∏¢‡∏¥‡πà‡∏á‡∏ä‡πà‡∏ß‡∏á‡πÄ‡∏ß‡∏•‡∏≤‡∏ó‡∏≥‡∏Å‡∏≤‡∏£‡∏£‡∏ñ‡∏ß‡∏¥‡πà‡∏á‡πÑ‡∏î‡πâ‡πÅ‡∏Ñ‡πà‡πÄ‡∏•‡∏ô‡πÄ‡∏î‡∏µ‡∏¢‡∏ß",355,3,15,4,7,2024,100.66877,13.83544,12.46195016349537,0,36.0,24.0,100.0,47.0,1012.0,1001.0
2024-EZGAWV,road,‡∏°‡∏µ‡∏ô‡∏ö‡∏∏‡∏£‡∏µ,‡∏°‡∏µ‡∏ô‡∏ö‡∏∏‡∏£‡∏µ,‡∏Å‡∏£‡∏∏‡∏á‡πÄ‡∏ó‡∏û‡∏°‡∏´‡∏≤‡∏ô‡∏Ñ‡∏£,high,‡∏à‡∏≠‡∏î‡∏£‡∏ñ‡∏ö‡∏ô‡∏ñ‡∏ô‡∏ô‡∏Å‡∏µ‡∏î‡∏Ç‡∏ß‡∏≤‡∏á‡∏à‡∏£‡∏≤‡∏à‡∏£,22,2,12,31,1,2024,100.73337,13.81076,12.46195016349537,0,35.0,23.0,94.0,28.0,1020.0,1008.0
2024-HEP7HA,lighting,‡∏Ñ‡∏±‡∏ô‡∏ô‡∏≤‡∏¢‡∏≤‡∏ß,‡∏£‡∏≤‡∏°‡∏≠‡∏¥‡∏ô‡∏ó‡∏£‡∏≤,‡∏Å‡∏£‡∏∏‡∏á‡πÄ‡∏ó‡∏û‡∏°‡∏´‡∏≤‡∏ô‡∏Ñ‡∏£,high,‡∏°‡∏µ‡∏Å‡∏•‡πà‡∏≠‡∏á‡∏≠‡∏∏‡∏õ‡∏Å‡∏£‡∏ì‡πå‡πÑ‡∏ü‡∏ü‡πâ‡∏≤‡∏´‡∏•‡πà‡∏ô‡∏ï‡∏¥‡∏î‡∏Ñ‡πâ‡∏≤‡∏á‡∏ö‡∏ô‡∏™‡∏≤‡∏¢‡πÑ‡∏ü‡∏ü‡πâ‡∏≤ ‡∏°‡∏µ‡∏™‡∏≤‡∏¢‡πÑ‡∏ü‡∏´‡πâ‡∏≠‡∏¢‡∏•‡∏á‡∏°‡∏≤,56,1,13,26,11,2024,100.65973,13.84029,73.68319893052893,0,35.0,21.0,100.0,41.0,1016.0,1006.0
2024-LA8XEK,road,‡∏ò‡∏ô‡∏ö‡∏∏‡∏£‡∏µ,‡∏ö‡∏∏‡∏Ñ‡∏Ñ‡πÇ‡∏•,‡∏Å‡∏£‡∏∏‡∏á‡πÄ‡∏ó‡∏û‡∏°‡∏´‡∏≤‡∏ô‡∏Ñ‡∏£,high,‡∏£‡∏ö‡∏Å‡∏ß‡∏ô‡∏Å‡∏ß‡∏î‡∏Ç‡∏±‡∏ô‡∏£‡∏ñ‡∏ó‡∏µ‡πà‡∏Ç‡∏∂‡πâ‡∏ô‡∏°‡∏≤‡∏à‡∏≠‡∏î‡∏°‡∏≤‡∏à‡∏±‡∏ö‡∏Ç‡∏µ‡πà‡∏ö‡∏ô‡∏ó‡∏≤‡∏á‡πÄ‡∏ó‡πâ‡∏≤‡πÄ‡∏ä‡πà‡∏ô ‡∏ä‡πà‡∏ß‡∏á‡πÅ‡∏¢‡∏Å‡∏°‡πÑ‡∏´‡∏™‡∏ß‡∏£‡∏£‡∏Ñ‡πå-‡∏´‡∏ô‡πâ‡∏≤‡πÇ‡∏£‡∏á‡∏û‡∏¢‡∏≤‡∏ö‡∏≤‡∏•‡∏™‡∏°‡πÄ‡∏î‡πá‡∏à‡∏û‡∏£‡∏∞‡∏õ‡∏¥‡πà‡∏ô‡πÄ‡∏Å‡∏•‡πâ‡∏≤  ‡∏†‡∏≤‡∏û‡∏ô‡∏µ‡πâ‡∏û‡∏ö‡πÄ‡∏´‡πá‡∏ô‡πÄ‡∏°‡∏∑‡πà‡∏≠ 3 ‡∏Å.‡∏Ñ. 67,124,2,2,3,7,2024,100.48701,13.70908,12.46195016349537,0,36.0,24.0,100.0,47.0,1012.0,1001.0
2024-NAAAD2,road,‡∏Ñ‡∏•‡∏≠‡∏á‡∏™‡∏≤‡∏ô,‡∏Ñ‡∏•‡∏≠‡∏á‡∏ï‡πâ‡∏ô‡πÑ‡∏ó‡∏£,‡∏Å‡∏£‡∏∏‡∏á‡πÄ‡∏ó‡∏û‡∏°‡∏´‡∏≤‡∏ô‡∏Ñ‡∏£,high,‡∏ï‡πâ‡∏ô‡πÑ‡∏°‡πâ‡∏´‡∏ô‡πâ‡∏≤‡∏£‡πâ‡∏≤‡∏ô ‡πÄ‡∏ù‡∏≠‡∏´‡∏°‡πâ‡∏≠‡πÑ‡∏ü ‡∏Å‡∏¥‡πà‡∏á‡∏Å‡πâ‡∏≤‡∏ô‡∏õ‡∏Å‡∏Ñ‡∏•‡∏∏‡∏°‡∏ö‡∏ô‡∏™‡∏∞‡∏û‡∏≤‡∏ô‡∏•‡∏≠‡∏¢ ‡∏ó‡∏≥‡πÉ‡∏´‡πâ‡πÉ‡∏ä‡πâ‡∏™‡∏∞‡∏û‡∏≤‡∏ô‡∏•‡∏≠‡∏¢‡∏•‡∏≥‡∏ö‡∏≤‡∏Å‡∏°‡∏≤‡∏Å‡πÜ‡∏Ñ‡πà‡∏∞,78,4,2,16,8,2024,100.49699,13.72156,12.46195016349537,0,36.0,24.0,100.0,44.0,1012.0,1002.0
2024-72U8GA,road,‡∏™‡∏≤‡∏¢‡πÑ‡∏´‡∏°,‡∏Ñ‡∏•‡∏≠‡∏á‡∏ñ‡∏ô‡∏ô,‡∏Å‡∏£‡∏∏‡∏á‡πÄ‡∏ó‡∏û‡∏°‡∏´‡∏≤‡∏ô‡∏Ñ‡∏£,high,‡∏à‡∏≠‡∏î‡∏£‡∏ñ‡∏ö‡∏ô‡∏ñ‡∏ô‡∏ô ‡∏õ‡πâ‡∏≤‡∏¢‡∏´‡πâ‡∏≤‡∏°‡∏à‡∏≠‡∏î‡∏¢‡∏Å‡πÄ‡∏ß‡πâ‡∏ô‡πÄ‡∏™‡∏≤‡∏£‡πå-‡∏≠‡∏≤‡∏ó‡∏¥‡∏ï‡∏¢‡πå ‡∏´‡∏£‡∏≠‡∏Ñ‡∏∞,47,6,7,20,10,2024,100.60963,13.88905,12.46195016349537,0,35.0,23.0,100.0,49.0,1014.0,1002.0
2024-8XRLPB,canal,‡∏ö‡∏≤‡∏á‡πÅ‡∏Ñ,‡∏ö‡∏≤‡∏á‡πÅ‡∏Ñ‡πÄ‡∏´‡∏ô‡∏∑‡∏≠,‡∏Å‡∏£‡∏∏‡∏á‡πÄ‡∏ó‡∏û‡∏°‡∏´‡∏≤‡∏ô‡∏Ñ‡∏£,mid,‡πÅ‡∏à‡πâ‡∏á‡∏°‡∏µ‡∏ú‡∏π‡πâ‡∏ù‡πà‡∏≤‡∏ù‡∏∑‡∏ô‡∏Ç‡∏±‡∏ö‡∏Ç‡∏µ‡πà‡∏à‡∏±‡∏Å‡∏£‡∏¢‡∏≤‡∏ô‡∏¢‡∏ô‡∏ï‡πå‡∏ö‡∏ô‡∏ó‡∏≤‡∏á‡πÄ‡∏ó‡πâ‡∏≤ ‡πÇ‡∏î‡∏¢‡∏Ç‡∏±‡∏ö‡πÑ‡∏õ‡πÅ‡∏•‡∏∞‡∏Å‡∏•‡∏±‡∏ö‡∏à‡∏≤‡∏Å‡∏ó‡∏≤‡∏á‡∏Ñ‡∏•‡∏≠‡∏á‡∏£‡∏≤‡∏ä‡∏°‡∏ô‡∏ï‡∏£‡∏µ ‡πÅ‡∏•‡∏∞‡∏ï‡∏∂‡∏Å‡πÑ‡∏≠‡∏ó‡∏µ‡πÅ‡∏Å‡∏£‡∏ô‡∏î‡πå ‡∏ï‡∏£‡∏á‡∏°‡∏≤‡∏¢‡∏±‡∏á‡∏ã‡∏≠‡∏¢‡πÄ‡∏û‡∏ä‡∏£‡πÄ‡∏Å‡∏©‡∏° 62/1 ‡πÅ‡∏•‡∏∞‡∏à‡∏≤‡∏Å‡∏ã‡∏≠‡∏¢‡πÄ‡∏û‡∏ä‡∏£‡πÄ‡∏Å‡∏©‡∏° 62/1 ‡∏ï‡∏£‡∏á‡πÑ‡∏õ‡∏ó‡∏≤‡∏á MRT ‡∏ö‡∏≤‡∏á‡πÅ‡∏Ñ,159,6,4,21,1,2024,100.42464,13.71223,32.95179462729631,0,35.0,23.0,94.0,28.0,1020.0,1008.0
2024-36QBHH,unknown,‡∏õ‡∏£‡∏∞‡πÄ‡∏ß‡∏®,‡∏õ‡∏£‡∏∞‡πÄ‡∏ß‡∏®,‡∏Å‡∏£‡∏∏‡∏á‡πÄ‡∏ó‡∏û‡∏°‡∏´‡∏≤‡∏ô‡∏Ñ‡∏£,low,‡∏û‡∏∑‡πâ‡∏ô‡∏õ‡∏π‡∏ô‡∏°‡∏µ‡πÄ‡∏´‡∏•‡πá‡∏Å‡∏¢‡∏∑‡πà‡∏ô‡∏≠‡∏≠‡∏Å‡∏°‡∏≤,23,0,5,26,8,2024,100.68161,13.72382,90.06795582402778,0,36.0,24.0,100.0,44.0,1012.0,1002.0
WBRP7V,road,‡∏ö‡∏≤‡∏á‡∏Ñ‡∏≠‡πÅ‡∏´‡∏•‡∏°,‡∏ö‡∏≤‡∏á‡πÇ‡∏Ñ‡∏•‡πà,‡∏Å‡∏£‡∏∏‡∏á‡πÄ‡∏ó‡∏û‡∏°‡∏´‡∏≤‡∏ô‡∏Ñ‡∏£,high,"‡∏õ‡∏±‡∏ç‡∏´‡∏≤: ‡∏†‡∏≤‡∏¢‡πÉ‡∏ô‡∏ã‡∏≠‡∏¢‡πÅ‡∏¢‡∏Å‡∏î‡∏±‡∏á‡∏Å‡∏•‡πà‡∏≤‡∏ß ‡∏ö‡∏£‡∏¥‡πÄ‡∏ß‡∏ì‡πÇ‡∏Ñ‡πâ‡∏á‡∏´‡∏ô‡πâ‡∏≤‡∏´‡∏°‡∏π‡πà‡∏ö‡πâ‡∏≤‡∏ô GRANDITY2 ‡∏û‡∏ö‡πÑ‡∏°‡πâ‡πÅ‡∏ú‡πà‡∏Å‡∏¥‡πà‡∏á‡∏Å‡πâ‡∏≤‡∏ô‡∏ö‡∏î‡∏ö‡∏±‡∏á‡∏î‡∏ß‡∏á‡πÑ‡∏ü‡∏ü‡πâ‡∏≤‡∏™‡πà‡∏≠‡∏á‡∏™‡∏ß‡πà‡∏≤‡∏á‡∏ó‡∏≤‡∏á (‡πÄ‡∏™‡∏≤‡∏ï‡πâ‡∏ô‡∏ó‡∏µ‡πà ‡∏ß3) ‡∏ó‡∏≥‡πÉ‡∏´‡πâ‡∏ö‡∏£‡∏¥‡πÄ‡∏ß‡∏ì‡∏î‡∏±‡∏á‡∏Å‡∏•‡πà‡∏≤‡∏ß‡∏°‡∏∑‡∏î‡∏°‡∏≤‡∏Å ‡∏™‡∏£‡πâ‡∏≤‡∏á‡∏Ñ‡∏ß‡∏≤‡∏°‡πÄ‡∏î‡∏∑‡∏≠‡∏î‡∏£‡πâ‡∏≠‡∏ô‡πÉ‡∏´‡πâ‡∏Å‡∏±‡∏ö‡∏ú‡∏π‡πâ‡∏ó‡∏µ‡πà‡∏™‡∏±‡∏ç‡∏à‡∏£‡∏ú‡πà‡∏≤‡∏ô‡πÑ‡∏õ-‡∏°‡∏≤ ‡∏Ç‡∏≠‡πÉ‡∏´‡πâ‡πÄ‡∏à‡πâ‡∏≤‡∏´‡∏ô‡πâ‡∏≤‡∏ó‡∏µ‡πà‡∏ó‡∏µ‡πà‡πÄ‡∏Å‡∏µ‡πà‡∏¢‡∏ß‡∏Ç‡πâ‡∏≠‡∏á‡∏î‡∏≥‡πÄ‡∏ô‡∏¥‡∏ô‡∏Å‡∏≤‡∏£‡∏ï‡∏£‡∏ß‡∏à‡∏™‡∏≠‡∏ö‡πÅ‡∏•‡∏∞‡πÅ‡∏Å‡πâ‡πÑ‡∏Ç‡∏î‡πâ‡∏ß‡∏¢
‡∏ã‡∏≠‡∏¢: ‡∏à‡∏±‡∏ô‡∏ó‡∏ô‡πå 43 ‡πÅ‡∏¢‡∏Å 26-1-1
‡∏ñ‡∏ô‡∏ô: ‡∏à‡∏±‡∏ô‡∏ó‡∏ô‡πå 
‡πÄ‡∏Ç‡∏ï: ‡∏ö‡∏≤‡∏á‡∏Ñ‡∏≠‡πÅ‡∏´‡∏•‡∏°
#1555",306,5,22,15,6,2024,100.52638,13.69643,12.46195016349537,0,36.0,25.0,94.0,44.0,1012.0,1001.0
2024-ELHECY,cleaning,‡∏°‡∏µ‡∏ô‡∏ö‡∏∏‡∏£‡∏µ,‡∏°‡∏µ‡∏ô‡∏ö‡∏∏‡∏£‡∏µ,‡∏Å‡∏£‡∏∏‡∏á‡πÄ‡∏ó‡∏û‡∏°‡∏´‡∏≤‡∏ô‡∏Ñ‡∏£,mid,‡∏ó‡∏µ‡πà‡∏î‡∏¥‡∏ô‡∏ß‡πà‡∏≤‡∏á‡∏Ç‡πâ‡∏≤‡∏á ‡∏£‡∏£.‡∏≠‡∏¥‡∏ô‡πÄ‡∏ï‡∏≠‡∏£‡πå‡∏Ñ‡∏¥‡∏î‡∏™‡πå ‡∏°‡∏µ‡∏Å‡∏≤‡∏£‡∏ó‡∏¥‡πâ‡∏á‡∏Ç‡∏¢‡∏∞ ‡πÉ‡∏ô‡∏û‡∏∑‡πâ‡∏ô‡∏ó‡∏µ‡πà‡∏ß‡πà‡∏≤‡∏á‡πÄ‡∏õ‡∏•‡πà‡∏≤ ‡∏à‡∏≤‡∏Å‡πÄ‡∏î‡∏¥‡∏°‡πÑ‡∏°‡πà‡∏°‡∏µ ‡πÅ‡∏ï‡πà‡πÄ‡∏ô‡∏∑‡πà‡∏≠‡∏á‡∏à‡∏≤‡∏Å‡πÄ‡∏à‡πâ‡∏≤‡∏Ç‡∏≠‡∏á‡∏ó‡∏µ‡πà‡∏î‡∏¥‡∏ô‡∏ï‡πâ‡∏≠‡∏á‡∏Å‡∏≤‡∏£‡∏ó‡∏≥‡∏ó‡∏≤‡∏á‡πÉ‡∏´‡πâ‡∏£‡∏ñ‡∏•‡∏á‡πÑ‡∏õ‡πÉ‡∏ô‡∏ó‡∏µ‡πà‡∏î‡∏¥‡∏ô‡πÄ‡∏•‡∏¢‡πÉ‡∏ä‡πâ‡∏ß‡∏¥‡∏ò‡∏µ‡∏ô‡∏≥‡∏à‡∏¢‡∏∞‡∏°‡∏≤‡∏ñ‡∏°‡πÄ‡∏õ‡πá‡∏ô‡∏ó‡∏≤‡∏á‡∏•‡∏á‡πÑ‡∏õ ‡∏ï‡∏±‡πâ‡∏á‡πÅ‡∏ï‡πà‡∏ô‡∏±‡πâ‡∏ô‡∏°‡∏≤‡∏Å‡πá‡∏°‡∏µ‡∏Ñ‡∏ô‡∏ô‡∏≥‡∏Ç‡∏¢‡∏∞‡∏°‡∏≤‡∏ó‡∏¥‡πâ‡∏á‡∏ö‡πà‡∏≠‡∏¢‡∏Ñ‡∏£‡∏±‡πâ‡∏á,201,4,7,19,1,2024,100.74543,13.82353,11.866649166648148,1,35.0,23.0,94.0,28.0,1020.0,1008.0
2024-CZXWF8,lighting,‡∏ö‡∏≤‡∏á‡∏Å‡∏∞‡∏õ‡∏¥,‡∏´‡∏±‡∏ß‡∏´‡∏°‡∏≤‡∏Å,‡∏Å‡∏£‡∏∏‡∏á‡πÄ‡∏ó‡∏û‡∏°‡∏´‡∏≤‡∏ô‡∏Ñ‡∏£,high,‡πÄ‡∏™‡∏≤‡πÑ‡∏ü‡∏Å.3‡∏´‡∏•‡∏±‡∏ö‡∏™‡∏ô‡∏¥‡∏ó‡∏°‡∏≤‡πÄ‡∏õ‡πá‡∏ô‡πÄ‡∏î‡∏∑‡∏≠‡∏ô‡πÅ‡∏•‡πâ‡∏ß‡∏Ñ‡∏£‡∏±‡∏ö‡∏™‡πà‡∏ß‡∏ô‡πÄ‡∏™‡∏≤‡πÑ‡∏ü‡∏Å‡πÄ‡∏ß‡∏•‡∏≤‡∏ù‡∏ô‡∏ï‡∏Å‡∏Å‡∏∞‡∏•‡∏°‡πÅ‡∏£‡∏á‡πÑ‡∏ü‡∏Å‡πá‡∏à‡∏∞‡∏î‡∏±‡∏ö 1,71,3,13,19,9,2024,100.62357,13.74786,73.68319893052893,0,35.0,24.0,100.0,47.0,1013.0,999.0
2024-LNTZ6R,unknown,‡∏à‡∏ï‡∏∏‡∏à‡∏±‡∏Å‡∏£,‡πÄ‡∏™‡∏ô‡∏≤‡∏ô‡∏¥‡∏Ñ‡∏°,‡∏Å‡∏£‡∏∏‡∏á‡πÄ‡∏ó‡∏û‡∏°‡∏´‡∏≤‡∏ô‡∏Ñ‡∏£,low,‡∏´‡∏±‡∏ß‡∏Å‡∏î‡∏ô‡πâ‡∏≥‡∏£‡πâ‡∏≠‡∏ô‡∏ä‡∏±‡πâ‡∏ô11‡∏≠‡∏≤‡∏Ñ‡∏≤‡∏£‡∏ó‡∏≤‡∏ß‡πÄ‡∏ß‡∏≠‡∏£‡πå‡∏´‡∏±‡∏Å‡∏Ñ‡πà‡∏∞,37,3,1,14,11,2024,100.5781,13.84199,90.06795582402778,0,35.0,21.0,100.0,41.0,1016.0,1006.0
KTD3XX,noise,‡∏û‡∏£‡∏∞‡πÇ‡∏Ç‡∏ô‡∏á,‡∏ö‡∏≤‡∏á‡∏à‡∏≤‡∏Å,‡∏Å‡∏£‡∏∏‡∏á‡πÄ‡∏ó‡∏û‡∏°‡∏´‡∏≤‡∏ô‡∏Ñ‡∏£,mid,"‡∏õ‡∏±‡∏ç‡∏´‡∏≤: ‡∏ú‡∏π‡πâ‡∏£‡πâ‡∏≠‡∏á‡πÅ‡∏à‡πâ‡∏á‡∏ß‡πà‡∏≤ ‡∏Ç‡πâ‡∏≤‡∏á‡∏ö‡πâ‡∏≤‡∏ô‡πÄ‡∏õ‡∏¥‡∏î‡πÄ‡∏û‡∏•‡∏á‡πÄ‡∏™‡∏µ‡∏¢‡∏á‡∏î‡∏±‡∏á‡πÄ‡∏•‡πà‡∏ô‡∏Å‡∏µ‡∏ï‡πâ‡∏≤‡∏£‡πå‡∏î‡∏∑‡πà‡∏°‡∏™‡∏∏‡∏£‡∏≤ ‡πÄ‡∏£‡∏¥‡πà‡∏°‡∏ï‡∏±‡πâ‡∏á‡πÅ‡∏ï‡πà 02.00 ‡πÄ‡∏™‡∏µ‡∏¢‡∏á‡∏î‡∏±‡∏á‡∏°‡∏≤‡πÅ‡∏•‡πâ‡∏ß 2 ‡∏ß‡∏±‡∏ô ‡∏£‡∏ö‡∏Å‡∏ß‡∏ô‡∏Å‡∏≤‡∏£‡∏û‡∏±‡∏Å‡∏ú‡πà‡∏≠‡∏ô
‡∏ã‡∏≠‡∏¢: ‡∏™‡∏∏‡∏Ç‡∏∏‡∏°‡∏ß‡∏¥‡∏ó 93 ‡∏û‡∏∂‡πà‡∏á‡∏°‡∏µ 50 ‡πÅ‡∏¢‡∏Å 15
‡∏à‡∏∏‡∏î‡∏™‡∏±‡∏á‡πÄ‡∏Å‡∏ï: ‡∏ö‡πâ‡∏≤‡∏ô‡πÄ‡∏•‡∏Ç‡∏ó‡∏µ‡πà 23/165 ‡∏ï‡∏£‡∏á‡∏°‡∏≤‡∏ï‡∏•‡∏≠‡∏î‡∏û‡∏ö‡∏™‡∏∞‡∏û‡∏≤‡∏ô‡∏Ç‡πâ‡∏≤‡∏°‡∏Ñ‡∏•‡∏≠‡∏á‡∏ö‡πâ‡∏≤‡∏ô‡∏≠‡∏¢‡∏π‡πà‡∏ó‡∏≤‡∏á‡∏Ç‡∏ß‡∏≤‡∏°‡∏∑‡∏≠
‡πÄ‡∏Ç‡∏ï: ‡∏û‡∏£‡∏∞‡πÇ‡∏Ç‡∏ô‡∏á
#1555",246,6,3,14,1,2024,100.62283,13.70077,28.791555815460676,1,35.0,23.0,94.0,28.0,1020.0,1008.0
9MZTDR,road,‡∏ö‡∏≤‡∏á‡πÅ‡∏Ñ,‡∏ö‡∏≤‡∏á‡πÅ‡∏Ñ‡πÄ‡∏´‡∏ô‡∏∑‡∏≠,‡∏Å‡∏£‡∏∏‡∏á‡πÄ‡∏ó‡∏û‡∏°‡∏´‡∏≤‡∏ô‡∏Ñ‡∏£,high,"‡∏û‡∏ö‡∏Å‡∏≤‡∏£‡∏Å‡πà‡∏≠‡∏™‡∏£‡πâ‡∏≤‡∏á‡∏ñ‡∏ô‡∏ô‡∏ó‡∏≥‡πÉ‡∏´‡πâ‡∏°‡∏µ‡∏ù‡∏∏‡πà‡∏ô‡∏•‡∏∞‡∏≠‡∏≠‡∏á‡∏ü‡∏∏‡πâ‡∏á‡∏Å‡∏£‡∏∞‡∏à‡∏≤‡∏¢‡πÑ‡∏õ‡∏ó‡∏±‡πà‡∏ß ‡πÅ‡∏•‡∏∞‡∏ù‡∏≤‡∏ó‡πà‡∏≠‡∏£‡∏∞‡∏ö‡∏≤‡∏¢‡∏ô‡πâ‡∏≥‡πÄ‡∏õ‡πá‡∏ô‡∏•‡∏±‡∏Å‡∏©‡∏ì‡∏∞‡∏ï‡∏∞‡πÅ‡∏Å‡∏£‡∏á‡πÄ‡∏´‡∏•‡πá‡∏Å‡πÑ‡∏°‡πà‡πÄ‡∏£‡∏µ‡∏¢‡∏ö‡πÄ‡∏™‡∏°‡∏≠‡∏Å‡∏±‡∏ô‡πÄ‡∏ß‡∏•‡∏≤‡∏£‡∏ñ‡∏ß‡∏¥‡πà‡∏á‡∏ó‡∏≥‡πÉ‡∏´‡πâ‡πÄ‡∏Å‡∏¥‡∏î‡πÄ‡∏™‡∏µ‡∏¢‡∏á ‡∏î‡∏±‡∏á‡∏£‡∏ß‡∏°‡∏ó‡∏±‡πâ‡∏á‡∏Ñ‡∏ô‡∏á‡∏≤‡∏ô‡∏Å‡πà‡∏≠‡∏™‡∏£‡πâ‡∏≤‡∏á‡∏°‡∏µ‡∏Å‡∏≤‡∏£‡πÇ‡∏ö‡∏Å‡∏£‡∏ñ‡πÄ‡∏Ç‡πâ‡∏≤-‡∏≠‡∏≠‡∏Å‡∏ä‡πà‡∏ß‡∏á‡πÄ‡∏ß‡∏•‡∏≤‡∏á‡∏≤‡∏ô‡πÑ‡∏°‡πà‡πÄ‡∏õ‡πá‡∏ô‡∏£‡∏∞‡πÄ‡∏ö‡∏µ‡∏¢‡∏ö‡πÄ‡∏£‡∏µ‡∏¢‡∏ö‡∏£‡πâ‡∏≠‡∏¢‡∏ó‡∏≥‡πÉ‡∏´‡πâ‡∏Å‡∏≤‡∏£‡∏™‡∏±‡∏ç‡∏à‡∏£‡∏ö‡∏£‡∏¥‡πÄ‡∏ß‡∏ì‡∏î‡∏±‡∏á‡∏Å‡∏•‡πà‡∏≤‡∏ß‡∏ï‡∏¥‡∏î‡∏Ç‡∏±‡∏î‡πÄ‡∏õ‡πá‡∏ô‡∏≠‡∏¢‡πà‡∏≤‡∏á‡∏°‡∏≤‡∏Å ‡∏ó‡∏µ‡πà‡∏´‡∏°‡∏π‡πà‡∏ö‡πâ‡∏≤‡∏ô‡πÄ‡∏®‡∏£‡∏©‡∏ê‡∏Å‡∏¥‡∏à ‡∏ã‡∏≠‡∏¢‡πÄ‡∏®‡∏£‡∏©‡∏ê‡∏Å‡∏¥‡∏à 48-54 ‡∏ñ‡∏ô‡∏ô‡πÄ‡∏û‡∏ä‡∏£‡πÄ‡∏Å‡∏©‡∏° ‡πÄ‡∏Ç‡∏ï‡∏ö‡∏≤‡∏á‡πÅ‡∏Ñ
#1555 #citydata",322,1,9,15,10,2024,100.37794,13.71606,12.46195016349537,1,35.0,23.0,100.0,49.0,1014.0,1002.0
2024-KMLW6Q,safety,‡∏ö‡∏≤‡∏á‡∏ô‡∏≤,‡∏ö‡∏≤‡∏á‡∏ô‡∏≤‡πÉ‡∏ï‡πâ,‡∏Å‡∏£‡∏∏‡∏á‡πÄ‡∏ó‡∏û‡∏°‡∏´‡∏≤‡∏ô‡∏Ñ‡∏£,high,‡∏£‡∏ñ‡πÄ‡∏ó‡∏£‡∏ô‡πÄ‡∏•‡∏≠‡∏£‡πå‡∏ß‡∏¥‡πà‡∏á‡πÉ‡∏ô‡∏ã‡∏≠‡∏¢ ‡πÅ‡∏•‡∏∞‡∏•‡∏≤‡∏ô‡πÄ‡∏ó‡∏£‡∏ô‡πÄ‡∏•‡∏≠‡∏£‡πå‡πÑ‡∏°‡πà‡∏°‡∏µ‡∏Ñ‡∏ß‡∏≤‡∏°‡∏£‡∏±‡∏ö‡∏ú‡∏¥‡∏î‡∏ä‡∏≠‡∏ö ‡∏ó‡∏±‡πâ‡∏á‡∏ù‡∏∏‡πà‡∏ô‡∏ó‡∏±‡πâ‡∏á‡πÄ‡∏™‡∏µ‡∏¢‡∏á ‡∏Å‡πà‡∏≠‡∏õ‡∏±‡∏ç‡∏´‡∏≤‡∏°‡∏≤‡∏Å‡∏°‡∏≤‡∏¢ ‡πÄ‡∏à‡πâ‡∏≤‡∏´‡∏ô‡πâ‡∏≤‡∏ó‡∏µ‡πà‡πÄ‡∏Ç‡∏ï‡πÄ‡∏û‡∏¥‡∏Å‡πÄ‡∏â‡∏¢ ‡∏¢‡∏∑‡πà‡∏ô‡∏´‡∏ô‡∏±‡∏á‡∏™‡∏∑‡∏≠‡∏£‡πâ‡∏≠‡∏á‡πÄ‡∏£‡∏µ‡∏¢‡∏ô‡∏´‡∏•‡∏≤‡∏¢‡∏Ñ‡∏£‡∏±‡πâ‡∏á ‡∏à‡∏ô‡∏ä‡∏≤‡∏ß‡∏ä‡∏∏‡∏°‡∏ä‡∏ô‡πÅ‡∏ó‡∏ö‡∏à‡∏∞‡∏≠‡∏≠‡∏Å‡∏°‡∏≤‡∏´‡∏ô‡πâ‡∏≤‡∏ö‡πâ‡∏≤‡∏ô‡πÑ‡∏°‡πà‡πÑ‡∏î‡πâ‡πÄ‡∏û‡∏£‡∏≤‡∏∞‡∏ù‡∏∏‡πà‡∏ô‡πÄ‡∏¢‡∏≠‡∏∞,187,1,23,23,4,2024,100.60078,13.67114,14.08306067712731,1,41.0,28.0,89.0,19.0,1012.0,1002.0
2024-GPQ3XP,cleaning,‡∏ö‡∏∂‡∏á‡∏Å‡∏∏‡πà‡∏°,‡∏Ñ‡∏•‡∏≠‡∏á‡∏Å‡∏∏‡πà‡∏°,‡∏Å‡∏£‡∏∏‡∏á‡πÄ‡∏ó‡∏û‡∏°‡∏´‡∏≤‡∏ô‡∏Ñ‡∏£,mid,"üì£üîâüîäüëÄ‡πÅ‡∏à‡πâ‡∏á‡∏û‡∏ö‡∏õ‡πâ‡∏≤‡∏¢‡πÇ‡∏Ü‡∏©‡∏ì‡∏≤‡∏ï‡∏¥‡∏î‡∏ï‡∏±‡πâ‡∏á‡∏ú‡∏¥‡∏î‡∏Å‡∏é‡∏´‡∏°‡∏≤‡∏¢ ‚ùå
üé§‡∏õ‡πâ‡∏≤‡∏¢‡∏î‡∏±‡∏á‡∏Å‡∏•‡πà‡∏≤‡∏ß‡∏ï‡∏¥‡∏î‡∏ï‡∏±‡πâ‡∏á‡πÇ‡∏î‡∏¢‡πÑ‡∏°‡πà‡πÑ‡∏î‡πâ‡∏£‡∏±‡∏ö‡∏≠‡∏ô‡∏∏‡∏ç‡∏≤‡∏ï ‡∏•‡∏∞‡πÄ‡∏°‡∏¥‡∏î ‡∏û.‡∏£.‡∏ö.‡∏£‡∏±‡∏Å‡∏©‡∏≤‡∏Ñ‡∏ß‡∏≤‡∏°‡∏™‡∏∞‡∏≠‡∏≤‡∏î ‡∏û.‡∏®. ‡πí‡πï‡πì‡πï ‡∏°‡∏≤‡∏ï‡∏£‡∏≤10 ‡πÇ‡∏î‡∏¢‡∏°‡∏µ‡∏Å‡∏≤‡∏£‡∏õ‡∏¥‡∏î‡∏ó‡∏¥‡πâ‡∏á‡∏´‡∏£‡∏∑‡∏≠‡πÇ‡∏õ‡∏£‡∏¢‡πÅ‡∏ú‡πà‡∏ô‡∏õ‡∏£‡∏∞‡∏Å‡∏≤‡∏®‡∏´‡∏£‡∏∑‡∏≠‡πÉ‡∏ö‡∏õ‡∏•‡∏¥‡∏ß‡πÉ‡∏ô‡∏ó‡∏µ‡πà‡∏™‡∏≤‡∏ò‡∏≤‡∏£‡∏ì‡∏∞
üì∏üì∏üì∏
üìå ‡πÇ‡∏•‡∏ï‡∏±‡∏™ ‡πÇ‡∏Å ‡πÄ‡∏ü‡∏£‡∏ä
üõ£Ô∏è‡πÉ‡∏ô‡∏ã‡∏≠‡∏¢ ‡∏ô‡∏ß‡∏°‡∏¥‡∏ô‡∏ó‡∏£‡πå  24
üôèüë∑üëÆ‡∏Ç‡∏≠‡∏Ç‡∏≠‡∏ö‡∏Ñ‡∏∏‡∏ì‡πÄ‡∏à‡πâ‡∏≤‡∏´‡∏ô‡πâ‡∏≤‡∏ó‡∏µ‡πà‡∏ó‡∏∏‡∏Å‡∏ó‡πà‡∏≤‡∏ô‡πÉ‡∏ô‡∏Å‡∏≤‡∏£‡∏à‡∏±‡∏î‡∏Å‡∏≤‡∏£‡∏õ‡∏±‡∏ç‡∏´‡∏≤‡∏ô‡∏µ‡πâ
‚úåÔ∏è‚úåÔ∏èüëèüëèüëè

üí•‡∏Å‡∏≤‡∏£‡∏ï‡∏¥‡∏î‡∏ï‡∏±‡πâ‡∏á‡∏õ‡πâ‡∏≤‡∏¢‡πÇ‡∏Ü‡∏©‡∏ì‡∏≤‡πÉ‡∏ô‡∏ó‡∏µ‡πà‡∏™‡∏≤‡∏ò‡∏≤‡∏£‡∏ì‡∏∞ #‡∏ú‡∏¥‡∏î‡∏Å‡∏é‡∏´‡∏°‡∏≤‡∏¢ ‡∏´‡∏≤‡∏Å‡πÉ‡∏î‡∏ú‡∏π‡πâ‡∏•‡∏±‡∏Å‡∏•‡∏≠‡∏ö‡∏ï‡∏¥‡∏î‡∏õ‡πâ‡∏≤‡∏¢‡πÇ‡∏Ü‡∏©‡∏ì‡∏≤‡πÉ‡∏ô‡∏ó‡∏≤‡∏á‡∏™‡∏≤‡∏ò‡∏≤‡∏£‡∏ì‡∏∞‡πÇ‡∏î‡∏¢‡πÑ‡∏°‡πà‡πÑ‡∏î‡πâ‡∏£‡∏±‡∏ö‡∏≠‡∏ô‡∏∏‡∏ç‡∏≤‡∏ï‡∏à‡∏∞‡∏°‡∏µ‡∏Ñ‡∏ß‡∏≤‡∏°‡∏ú‡∏¥‡∏î‡∏ï‡∏≤‡∏°‡∏°‡∏≤‡∏ï‡∏£‡∏≤ 10 ‡∏Ç‡∏≠‡∏á‡∏û‡∏£‡∏∞‡∏£‡∏≤‡∏ä‡∏ö‡∏±‡∏ç‡∏ç‡∏±‡∏ï‡∏¥‡∏£‡∏±‡∏Å‡∏©‡∏≤‡∏Ñ‡∏ß‡∏≤‡∏°‡∏™‡∏∞‡∏≠‡∏≤‡∏î‡πÅ‡∏•‡∏∞‡∏Ñ‡∏ß‡∏≤‡∏°‡πÄ‡∏õ‡πá‡∏ô‡∏£‡∏∞‡πÄ‡∏ö‡∏µ‡∏¢‡∏ö‡πÄ‡∏£‡∏µ‡∏¢‡∏ö‡∏£‡πâ‡∏≠‡∏¢‡∏Ç‡∏≠‡∏á‡∏ö‡πâ‡∏≤‡∏ô‡πÄ‡∏°‡∏∑‡∏≠‡∏á ‡∏û.‡∏®.2535 ‡πÅ‡∏•‡∏∞‡∏ó‡∏µ‡πà‡πÅ‡∏Å‡πâ‡πÑ‡∏Ç‡πÄ‡∏û‡∏¥‡πà‡∏°‡πÄ‡∏ï‡∏¥‡∏° ‡∏â‡∏ö‡∏±‡∏ö‡∏ó‡∏µ‡πà 2 ‡∏û.‡∏®.2560

1. ‡∏´‡πâ‡∏≤‡∏°‡∏ï‡∏¥‡∏î‡∏ï‡∏±‡πâ‡∏á‡∏õ‡πâ‡∏≤‡∏¢‡πÇ‡∏Ü‡∏©‡∏ì‡∏≤‡∏´‡∏£‡∏∑‡∏≠‡∏™‡∏¥‡πà‡∏á‡∏≠‡∏∑‡πà‡∏ô‡πÉ‡∏î‡∏£‡∏∏‡∏Å‡∏•‡πâ‡∏≥‡∏ó‡∏µ‡πà‡∏´‡∏£‡∏∑‡∏≠‡∏ó‡∏≤‡∏á‡∏™‡∏≤‡∏ò‡∏≤‡∏£‡∏ì‡∏∞

2. ‡∏´‡πâ‡∏≤‡∏°‡πÇ‡∏Ü‡∏©‡∏ì‡∏≤‡∏î‡πâ‡∏ß‡∏¢‡∏Å‡∏≤‡∏£‡∏õ‡∏¥‡∏î ‡∏ó‡∏¥‡πâ‡∏á ‡∏´‡∏£‡∏∑‡∏≠‡πÇ‡∏õ‡∏£‡∏¢‡πÅ‡∏ú‡πà‡∏ô‡∏õ‡∏£‡∏∞‡∏Å‡∏≤‡∏®‡∏´‡∏£‡∏∑‡∏≠‡πÉ‡∏ö‡∏õ‡∏•‡∏¥‡∏ß‡πÉ‡∏ô‡∏ó‡∏µ‡πà‡∏™‡∏≤‡∏ò‡∏≤‡∏£‡∏ì‡∏∞ ‡∏Å‡πà‡∏≠‡∏ô‡πÑ‡∏î‡πâ‡∏£‡∏±‡∏ö‡∏≠‡∏ô‡∏∏‡∏ç‡∏≤‡∏ï #‡∏õ‡∏£‡∏±‡∏ö‡πÑ‡∏°‡πà‡πÄ‡∏Å‡∏¥‡∏ô 5000 ‡∏ö‡∏≤‡∏ó

3. ‡∏´‡πâ‡∏≤‡∏°‡∏°‡∏¥‡πÉ‡∏´‡πâ‡∏ú‡∏π‡πâ‡πÉ‡∏î‡∏ï‡∏¥‡∏î‡∏ï‡∏±‡πâ‡∏á ‡∏ï‡∏≤‡∏Å ‡∏ß‡∏≤‡∏á ‡∏´‡∏£‡∏∑‡∏≠‡πÅ‡∏Ç‡∏ß‡∏ô‡∏™‡∏¥‡πà‡∏á‡πÉ‡∏î‡πÜ ‡πÉ‡∏ô‡∏ó‡∏µ‡πà‡∏™‡∏≤‡∏ò‡∏≤‡∏£‡∏ì‡∏∞‡∏Å‡πà‡∏≠‡∏ô‡πÑ‡∏î‡πâ‡∏£‡∏±‡∏ö‡∏≠‡∏ô‡∏∏‡∏ç‡∏≤‡∏ï #‡∏õ‡∏£‡∏±‡∏ö‡πÑ‡∏°‡πà‡πÄ‡∏Å‡∏¥‡∏ô5000‡∏ö‡∏≤‡∏ó

üí¢‡∏ù‡πà‡∏≤‡∏ù‡∏∑‡∏ô‡∏°‡∏µ‡∏Å‡∏≤‡∏£‡∏î‡∏≥‡πÄ‡∏ô‡∏¥‡∏ô‡∏Ñ‡∏î‡∏µ‡∏ï‡∏≤‡∏°‡∏û.‡∏£.‡∏ö.‡∏£‡∏±‡∏Å‡∏©‡∏≤‡∏Ñ‡∏ß‡∏≤‡∏°‡∏™‡∏∞‡∏≠‡∏≤‡∏î‡πÅ‡∏•‡∏∞‡∏Ñ‡∏ß‡∏≤‡∏°‡πÄ‡∏õ‡πá‡∏ô‡∏£‡∏∞‡πÄ‡∏ö‡∏µ‡∏¢‡∏ö‡πÄ‡∏£‡∏µ‡∏¢‡∏ö‡∏£‡πâ‡∏≠‡∏¢‡∏Ç‡∏≠‡∏á‡∏ö‡πâ‡∏≤‡∏ô‡πÄ‡∏°‡∏∑‡∏≠‡∏á 2535 ‡πÅ‡∏•‡∏∞‡∏â‡∏ö‡∏±‡∏ö‡πÅ‡∏Å‡πâ‡πÑ‡∏Ç‡πÄ‡∏û‡∏¥‡πà‡∏°‡πÄ‡∏ï‡∏¥‡∏° 2560 ‡∏û.‡∏£.‡∏ö.‡∏Ñ‡∏ß‡∏ö‡∏Ñ‡∏∏‡∏°‡∏≠‡∏≤‡∏Ñ‡∏≤‡∏£‡∏´‡∏£‡∏∑‡∏≠‡∏Å‡∏é‡∏´‡∏°‡∏≤‡∏¢‡∏≠‡∏∑‡πà‡∏ô‡πÜ ‡∏ó‡∏µ‡πà‡πÄ‡∏Å‡∏µ‡πà‡∏¢‡∏ß‡∏Ç‡πâ‡∏≠‡∏á ‡πÅ‡∏•‡πâ‡∏ß‡πÅ‡∏ï‡πà‡∏Å‡∏£‡∏ì‡∏µ‡πÉ‡∏ô‡∏≠‡∏±‡∏ï‡∏£‡∏≤‡πÇ‡∏ó‡∏©‡∏™‡∏π‡∏á‡∏™‡∏∏‡∏î
üí•‡∏õ‡∏£‡∏±‡∏ö‡πÄ‡∏õ‡πá‡∏ô‡∏û‡∏¥‡∏ô‡∏±‡∏¢ ‡∏Ñ‡πà‡∏≤‡∏õ‡∏£‡∏±‡∏ö‡πÄ‡∏õ‡πá‡∏ô‡∏û‡∏¥‡∏ô‡∏±‡∏¢ ‡∏Ñ‡∏∑‡∏≠ ‡πÄ‡∏á‡∏¥‡∏ô‡∏Ñ‡πà‡∏≤‡∏õ‡∏£‡∏±‡∏ö‡∏ó‡∏µ‡πà‡∏ï‡πâ‡∏≠‡∏á‡∏ä‡∏≥‡∏£‡∏∞‡πÉ‡∏´‡πâ‡πÅ‡∏Å‡πà‡∏£‡∏±‡∏ê ‡∏ã‡∏∂‡πà‡∏á‡πÄ‡∏õ‡πá‡∏ô‡∏°‡∏≤‡∏ï‡∏£‡∏Å‡∏≤‡∏£‡∏ó‡∏≤‡∏á‡∏Å‡∏é‡∏´‡∏°‡∏≤‡∏¢‡∏ó‡∏µ‡πà‡∏à‡∏∞‡∏ô‡∏≥‡∏°‡∏≤‡πÉ‡∏ä‡πâ ‡πÅ‡∏ó‡∏ô‡πÇ‡∏ó‡∏©‡∏ó‡∏≤‡∏á‡∏≠‡∏≤‡∏ç‡∏≤‡∏™‡∏≥‡∏´‡∏£‡∏±‡∏ö‡∏ú‡∏π‡πâ‡∏Å‡∏£‡∏∞‡∏ó‡∏≥‡∏Ñ‡∏ß‡∏≤‡∏°‡∏ú‡∏¥‡∏î‡πÑ‡∏°‡πà‡∏£‡πâ‡∏≤‡∏¢‡πÅ‡∏£‡∏á‡πÅ‡∏•‡∏∞‡πÇ‡∏î‡∏¢‡∏™‡∏†‡∏≤‡∏û‡πÑ‡∏°‡πà‡∏Å‡∏£‡∏∞‡∏ó‡∏ö‡∏ï‡πà‡∏≠‡∏Ñ‡∏ß‡∏≤‡∏°‡∏™‡∏á‡∏ö‡πÄ‡∏£‡∏µ‡∏¢‡∏ö‡∏£‡πâ‡∏≠‡∏¢‡∏´‡∏£‡∏∑‡∏≠ ‡∏®‡∏µ‡∏•‡∏ò‡∏£‡∏£‡∏°‡∏≠‡∏±‡∏ô‡∏î‡∏µ‡∏Ç‡∏≠‡∏á‡∏õ‡∏£‡∏∞‡∏ä‡∏≤‡∏ä‡∏ô‡∏≠‡∏¢‡πà‡∏≤‡∏á‡∏£‡πâ‡∏≤‡∏¢‡πÅ‡∏£‡∏á‡∏´‡∏£‡∏∑‡∏≠‡πÑ‡∏°‡πà‡∏Å‡∏£‡∏∞‡∏ó‡∏ö‡∏ï‡πà‡∏≠‡∏™‡πà‡∏ß‡∏ô‡∏£‡∏ß‡∏°‡∏≠‡∏¢‡πà‡∏≤‡∏á‡∏Å‡∏ß‡πâ‡∏≤‡∏á‡∏Ç‡∏ß‡∏≤‡∏á
‚öñÔ∏è ‡∏Å‡∏é‡∏´‡∏°‡∏≤‡∏¢‡∏õ‡πâ‡∏≤‡∏¢‡πÇ‡∏Ü‡∏©‡∏ì‡∏≤ ‡∏£‡∏π‡πâ‡πÑ‡∏ß‡πâ‡∏Å‡πà‡∏≠‡∏ô‡∏ï‡∏¥‡∏î‡∏ï‡∏±‡πâ‡∏áüßê
.
1. ‡∏û‡∏£‡∏∞‡∏£‡∏≤‡∏ä‡∏ö‡∏±‡∏ç‡∏ç‡∏±‡∏ï‡∏¥‡∏£‡∏±‡∏Å‡∏©‡∏≤‡∏Ñ‡∏ß‡∏≤‡∏°‡∏™‡∏∞‡∏≠‡∏≤‡∏î‡πÅ‡∏•‡∏∞‡∏Ñ‡∏ß‡∏≤‡∏°‡πÄ‡∏õ‡πá‡∏ô‡∏£‡∏∞‡πÄ‡∏ö‡∏µ‡∏¢‡∏ö‡πÄ‡∏£‡∏µ‡∏¢‡∏ö‡∏£‡πâ‡∏≠‡∏¢‡∏Ç‡∏≠‡∏á‡∏ö‡πâ‡∏≤‡∏ô‡πÄ‡∏°‡∏∑‡∏≠‡∏á ‡∏û.‡∏®. 2535
üìù‡∏´‡πâ‡∏≤‡∏°‡∏ï‡∏¥‡∏î‡∏ï‡∏±‡πâ‡∏á‡∏õ‡πâ‡∏≤‡∏¢‡πÇ‡∏Ü‡∏©‡∏ì‡∏≤‡πÉ‡∏ô‡∏ó‡∏µ‡πà‡∏™‡∏≤‡∏ò‡∏≤‡∏£‡∏ì‡∏∞‡πÇ‡∏î‡∏¢‡πÑ‡∏°‡πà‡πÑ‡∏î‡πâ‡∏£‡∏±‡∏ö‡∏≠‡∏ô‡∏∏‡∏ç‡∏≤‡∏ï (‡∏°‡∏≤‡∏ï‡∏£‡∏≤ 10)
üìù‡πÄ‡∏à‡πâ‡∏≤‡∏´‡∏ô‡πâ‡∏≤‡∏ó‡∏µ‡πà‡∏°‡∏µ‡∏≠‡∏≥‡∏ô‡∏≤‡∏à‡∏Ç‡∏à‡∏±‡∏î‡∏õ‡πâ‡∏≤‡∏¢‡πÇ‡∏Ü‡∏©‡∏ì‡∏≤‡∏ó‡∏µ‡πà‡∏ú‡∏¥‡∏î‡∏Å‡∏é‡∏´‡∏°‡∏≤‡∏¢ (‡∏°‡∏≤‡∏ï‡∏£‡∏≤ 45)
üìù‡πÄ‡∏à‡πâ‡∏≤‡∏´‡∏ô‡πâ‡∏≤‡∏ó‡∏µ‡πà‡∏°‡∏µ‡∏≠‡∏≥‡∏ô‡∏≤‡∏à‡∏à‡∏±‡∏ö‡∏Å‡∏∏‡∏°‡∏ú‡∏π‡πâ‡∏ï‡∏¥‡∏î‡∏ï‡∏±‡πâ‡∏á‡∏õ‡πâ‡∏≤‡∏¢‡πÇ‡∏Ü‡∏©‡∏ì‡∏≤‡∏ó‡∏µ‡πà‡∏ú‡∏¥‡∏î‡∏Å‡∏é‡∏´‡∏°‡∏≤‡∏¢ (‡∏°‡∏≤‡∏ï‡∏£‡∏≤ 50)
üìù‡∏ú‡∏π‡πâ‡∏ù‡πà‡∏≤‡∏ù‡∏∑‡∏ô‡∏°‡∏≤‡∏ï‡∏£‡∏≤ 10 ‡∏°‡∏µ‡πÇ‡∏ó‡∏©‡∏õ‡∏£‡∏±‡∏ö‡πÑ‡∏°‡πà‡πÄ‡∏Å‡∏¥‡∏ô 5,000 ‡∏ö‡∏≤‡∏ó (‡∏°‡∏≤‡∏ï‡∏£‡∏≤ 56)
2. ‡∏û‡∏£‡∏∞‡∏£‡∏≤‡∏ä‡∏ö‡∏±‡∏ç‡∏ç‡∏±‡∏ï‡∏¥‡∏ß‡πà‡∏≤‡∏î‡πâ‡∏ß‡∏¢‡∏Å‡∏≤‡∏£‡∏õ‡∏£‡∏±‡∏ö‡πÄ‡∏õ‡πá‡∏ô‡∏û‡∏¥‡∏ô‡∏±‡∏¢ ‡∏û.‡∏®. 2565
üìù‡πÄ‡∏à‡πâ‡∏≤‡∏´‡∏ô‡πâ‡∏≤‡∏ó‡∏µ‡πà‡∏£‡∏±‡∏ê‡∏°‡∏µ‡∏≠‡∏≥‡∏ô‡∏≤‡∏à‡πÅ‡∏™‡∏ß‡∏á‡∏´‡∏≤‡∏Ç‡πâ‡∏≠‡πÄ‡∏ó‡πá‡∏à‡∏à‡∏£‡∏¥‡∏á‡πÅ‡∏•‡∏∞‡∏£‡∏ß‡∏ö‡∏£‡∏ß‡∏°‡∏û‡∏¢‡∏≤‡∏ô‡∏´‡∏•‡∏±‡∏Å‡∏ê‡∏≤‡∏ô (‡∏°‡∏≤‡∏ï‡∏£‡∏≤ 19)
üìù‡πÄ‡∏à‡πâ‡∏≤‡∏´‡∏ô‡πâ‡∏≤‡∏ó‡∏µ‡πà‡∏£‡∏±‡∏ê‡∏°‡∏µ‡∏≠‡∏≥‡∏ô‡∏≤‡∏à‡∏≠‡∏≠‡∏Å‡∏Ñ‡∏≥‡∏™‡∏±‡πà‡∏á‡∏õ‡∏£‡∏±‡∏ö‡πÄ‡∏õ‡πá‡∏ô‡∏û‡∏¥‡∏ô‡∏±‡∏¢ (‡∏°‡∏≤‡∏ï‡∏£‡∏≤ 20)
üìù‡∏ú‡∏π‡πâ‡∏ñ‡∏π‡∏Å‡∏Å‡∏•‡πà‡∏≤‡∏ß‡∏´‡∏≤‡∏™‡∏≤‡∏°‡∏≤‡∏£‡∏ñ‡∏õ‡∏è‡∏¥‡πÄ‡∏™‡∏ò‡∏Ç‡πâ‡∏≠‡∏Å‡∏•‡πà‡∏≤‡∏ß‡∏´‡∏≤‡πÅ‡∏•‡∏∞‡∏™‡πà‡∏á‡∏Ñ‡∏î‡∏µ‡∏ï‡πà‡∏≠‡∏®‡∏≤‡∏• (‡∏°‡∏≤‡∏ï‡∏£‡∏≤ 23)",1847,5,5,7,12,2024,100.65009,13.78686,11.866649166648148,0,34.0,19.0,94.0,35.0,1018.0,1006.0
2024-AM3FTG,road,‡∏™‡∏≤‡∏ó‡∏£,‡∏¢‡∏≤‡∏ô‡∏ô‡∏≤‡∏ß‡∏≤,‡∏Å‡∏£‡∏∏‡∏á‡πÄ‡∏ó‡∏û‡∏°‡∏´‡∏≤‡∏ô‡∏Ñ‡∏£,high,"‡πÄ‡∏£‡∏µ‡∏¢‡∏ô‡∏ó‡πà‡∏≤‡∏ô‡∏ú‡∏π‡πâ‡∏ß‡πà‡∏≤‡∏Å.‡∏ó.‡∏°
‡∏ñ‡∏∂‡∏á‡∏Å‡πà‡∏≠‡∏ô‡∏õ‡∏≤‡∏Å‡∏ã‡∏≠‡∏¢‡∏à‡∏±‡∏ô‡∏ó‡∏£‡πå28/2‡∏ó‡∏≤‡∏á‡πÄ‡∏ó‡πâ‡∏≤‡∏û‡∏∂‡πà‡∏á‡∏ó‡∏≥‡πÉ‡∏´‡∏°‡πà‡πÉ‡∏´‡πâ‡∏õ‡∏£‡∏∞‡∏ä‡∏≤‡∏ä‡∏ô‡πÄ‡∏î‡∏¥‡∏ô‡∏ó‡∏≤‡∏á‡πÄ‡∏ó‡πâ‡∏≤‡∏õ‡∏•‡∏≠‡∏î‡∏†‡∏±‡∏¢‡∏°‡∏µ‡∏£‡∏ñ‡∏à‡∏±‡∏Å‡∏£‡∏¢‡∏≤‡∏ô‡∏¢‡∏ô‡∏ï‡πå‡∏Ç‡∏µ‡πà‡∏à‡∏≠‡∏î‡∏ö‡∏ô‡∏ó‡∏≤‡∏á‡πÄ‡∏ó‡πâ‡∏≤‡∏ó‡∏∞‡πÄ‡∏ö‡∏µ‡∏¢‡∏ô‡∏£‡∏ñ8‡∏Å‡∏Ç‡∏Å‡∏£‡∏∏‡∏á‡πÄ‡∏ó‡∏û‡∏°‡∏´‡∏≤‡∏ô‡∏Ñ‡∏£85‡∏ä‡πà‡∏ß‡∏á‡πÄ‡∏ß‡∏•‡∏≤20:45‡∏ô.‡∏ß‡∏±‡∏ô‡∏ó‡∏µ‡πà23/9/67‡πÄ‡∏Ç‡∏ï‡∏™‡∏≤‡∏ó‡∏£",181,0,14,23,9,2024,100.52132,13.70747,12.46195016349537,0,35.0,24.0,100.0,47.0,1013.0,999.0
2024-7E4F6Q,cleaning,‡∏õ‡∏£‡∏∞‡πÄ‡∏ß‡∏®,‡∏õ‡∏£‡∏∞‡πÄ‡∏ß‡∏®,‡∏Å‡∏£‡∏∏‡∏á‡πÄ‡∏ó‡∏û‡∏°‡∏´‡∏≤‡∏ô‡∏Ñ‡∏£,mid,‡πÄ‡∏´‡∏°‡πá‡∏ô‡∏Ç‡∏¢‡∏∞‡∏ó‡∏∏‡∏Å‡∏ß‡∏±‡∏¢,14,1,22,24,12,2024,100.67547,13.70103,11.866649166648148,0,34.0,19.0,94.0,35.0,1018.0,1006.0
2024-D297XF,road,‡∏ö‡∏≤‡∏á‡πÅ‡∏Ñ,‡∏ö‡∏≤‡∏á‡πÑ‡∏ú‡πà,‡∏Å‡∏£‡∏∏‡∏á‡πÄ‡∏ó‡∏û‡∏°‡∏´‡∏≤‡∏ô‡∏Ñ‡∏£,high,‡∏ó‡∏≥‡∏ó‡∏≤‡∏á‡∏£‡∏∞‡∏ö‡∏≤‡∏¢‡∏ô‡πâ‡∏≥‡∏õ‡∏¥‡∏î‡∏ñ‡∏ô‡∏ô1‡πÄ‡∏•‡∏ô ‡∏£‡∏∞‡∏´‡∏ß‡πà‡∏≤‡∏á‡∏ó‡∏µ‡πà‡∏ó‡∏≥‡πÑ‡∏°‡πà‡∏°‡∏µ‡πÄ‡∏à‡πâ‡∏≤‡∏´‡∏ô‡πâ‡∏≤‡∏ó‡∏µ‡πà‡∏î‡∏π‡πÅ‡∏•‡∏à‡∏£‡∏≤‡∏à‡∏£‡πÄ‡∏•‡∏¢‡∏£‡∏ñ‡∏™‡∏ß‡∏ô‡πÑ‡∏°‡πà‡πÑ‡∏î‡πâ‡∏ï‡πâ‡∏≠‡∏á‡∏Ñ‡πà‡∏≠‡∏¢‡∏î‡∏π‡∏Å‡∏±‡∏ô‡πÄ‡∏≠‡∏á ‡∏™‡∏≠‡∏ö‡∏ñ‡∏≤‡∏°‡∏Ñ‡∏ô‡∏á‡∏≤‡∏ô‡∏ó‡∏µ‡πà‡∏ó‡∏≥‡∏á‡∏≤‡∏ô‡πÑ‡∏°‡πà‡∏°‡∏µ‡∏ú‡∏π‡πâ‡∏Ñ‡∏ß‡∏ö‡∏Ñ‡∏∏‡∏°‡∏á‡∏≤‡∏ô‡∏≠‡∏¢‡∏π‡πà‡∏°‡∏µ‡πÅ‡∏ï‡πà‡πÅ‡∏£‡∏á‡∏á‡∏≤‡∏ô‡∏ï‡πà‡∏≤‡∏á‡∏î‡πâ‡∏≤‡∏ß ‡πÑ‡∏°‡πà‡∏°‡∏µ‡∏Ñ‡∏ß‡∏≤‡∏°‡∏õ‡∏•‡∏≠‡∏î‡∏†‡∏±‡∏¢‡πÉ‡∏´‡πâ‡∏Ñ‡∏ô‡πÉ‡∏´‡πâ‡∏ó‡∏≤‡∏á‡πÄ‡∏•‡∏¢,182,1,17,22,10,2024,100.3752,13.73016,12.46195016349537,1,35.0,23.0,100.0,49.0,1014.0,1002.0
2024-HQR66L,road,‡∏ö‡∏≤‡∏á‡∏Å‡∏∞‡∏õ‡∏¥,‡∏Ñ‡∏•‡∏≠‡∏á‡∏à‡∏±‡πà‡∏ô,‡∏Å‡∏£‡∏∏‡∏á‡πÄ‡∏ó‡∏û‡∏°‡∏´‡∏≤‡∏ô‡∏Ñ‡∏£,high,‡∏´‡∏ô‡πâ‡∏≤‡πÄ‡∏î‡∏≠‡∏∞‡∏°‡∏≠‡∏•‡∏•‡πå ‡∏Ñ‡∏ô‡πÄ‡∏î‡∏¥‡∏°‡∏´‡∏ô‡πâ‡∏≤‡πÄ‡∏î‡∏¥‡∏°‡πÜ,29,3,10,19,9,2024,100.64233,13.76783,12.46195016349537,0,35.0,24.0,100.0,47.0,1013.0,999.0
2024-4YM7ZZ,road,‡∏†‡∏≤‡∏©‡∏µ‡πÄ‡∏à‡∏£‡∏¥‡∏ç,‡∏ö‡∏≤‡∏á‡∏î‡πâ‡∏ß‡∏ô,‡∏Å‡∏£‡∏∏‡∏á‡πÄ‡∏ó‡∏û‡∏°‡∏´‡∏≤‡∏ô‡∏Ñ‡∏£,high,‡∏Ç‡∏≤‡∏¢‡∏ö‡∏ô‡∏ó‡∏≤‡∏á‡πÄ‡∏ó‡πâ‡∏≤ ‡πÉ‡∏´‡πâ‡πÑ‡∏õ‡πÄ‡∏ä‡πà‡∏≤‡∏ä‡∏≤‡∏¢‡∏ï‡∏£‡∏á seven ‡∏ô‡∏∞‡∏Ñ‡∏£‡∏±‡∏ö,41,6,2,15,9,2024,100.43877,13.72379,12.46195016349537,0,35.0,24.0,100.0,47.0,1013.0,999.0
2024-AP69D3,cleaning,‡∏£‡∏≤‡∏©‡∏é‡∏£‡πå‡∏ö‡∏π‡∏£‡∏ì‡∏∞,‡∏ö‡∏≤‡∏á‡∏õ‡∏∞‡∏Å‡∏≠‡∏Å,‡∏Å‡∏£‡∏∏‡∏á‡πÄ‡∏ó‡∏û‡∏°‡∏´‡∏≤‡∏ô‡∏Ñ‡∏£,mid,‡∏ä‡∏∏‡∏°‡∏ä‡∏ô/‡∏Å‡∏•‡∏∏‡πà‡∏°‡∏Ñ‡∏ô‡∏ù‡∏±‡πà‡∏á‡∏ï‡∏£‡∏á‡∏Ç‡πâ‡∏≤‡∏°‡∏ö‡πâ‡∏≤‡∏ô ‡πÄ‡∏ú‡∏≤‡∏Ç‡∏¢‡∏∞‡πÄ‡∏õ‡πá‡∏ô‡∏õ‡∏£‡∏∞‡∏ô‡∏≥‡∏ó‡∏∏‡∏Å‡∏ß‡∏±‡∏ô ‡∏™‡πà‡∏á‡∏Å‡∏•‡∏¥‡πà‡∏ô‡∏£‡∏ö‡∏Å‡∏ß‡∏ô ‡∏ó‡∏µ‡πà‡∏ö‡πâ‡∏≤‡∏ô‡∏°‡∏µ‡∏ú‡∏π‡πâ‡∏™‡∏π‡∏á‡∏≠‡∏≤‡∏¢‡∏∏‡∏≠‡∏≤‡∏à‡∏™‡πà‡∏á‡∏ú‡∏•‡∏Å‡∏£‡∏∞‡∏ó‡∏ö‡∏ï‡πà‡∏≠‡∏™‡∏∏‡∏Ç‡∏†‡∏≤‡∏û,106,4,3,6,12,2024,100.50121,13.67934,11.866649166648148,0,34.0,19.0,94.0,35.0,1018.0,1006.0
2024-77PA2F,road,‡∏£‡∏≤‡∏ä‡πÄ‡∏ó‡∏ß‡∏µ,‡∏ñ‡∏ô‡∏ô‡πÄ‡∏û‡∏ä‡∏£‡∏ö‡∏∏‡∏£‡∏µ,‡∏Å‡∏£‡∏∏‡∏á‡πÄ‡∏ó‡∏û‡∏°‡∏´‡∏≤‡∏ô‡∏Ñ‡∏£,high,‡∏≠‡∏¢‡∏≤‡∏Å‡∏™‡∏≠‡∏ö‡∏ó‡∏£‡∏≤‡∏ö‡∏ß‡πà‡∏≤‡∏à‡∏∏‡∏î‡∏ô‡∏µ‡πâ‡∏Ç‡∏≤‡∏¢‡∏Ç‡∏≠‡∏á‡∏ö‡∏ô‡∏ó‡∏≤‡∏á‡πÄ‡∏ó‡πâ‡∏≤‡πÑ‡∏î‡πâ‡∏´‡∏£‡∏≠‡∏Ñ‡∏£‡∏±‡∏ö‡πÄ‡∏´‡πá‡∏ô‡∏ï‡∏±‡πâ‡∏á‡∏ö‡∏≠‡∏á‡∏Ç‡∏≤‡∏¢‡∏Å‡∏±‡∏ô‡∏ï‡∏•‡∏≠‡∏î‡∏ï‡∏≠‡∏ô‡∏Å‡∏•‡∏≤‡∏á‡∏Ñ‡∏∑‡∏ô,76,6,9,4,2,2024,100.53123,13.75032,12.46195016349537,1,37.0,22.0,94.0,30.0,1021.0,1007.0
2024-ELXKFL,safety,‡∏à‡∏ï‡∏∏‡∏à‡∏±‡∏Å‡∏£,‡∏à‡∏±‡∏ô‡∏ó‡∏£‡πÄ‡∏Å‡∏©‡∏°,‡∏Å‡∏£‡∏∏‡∏á‡πÄ‡∏ó‡∏û‡∏°‡∏´‡∏≤‡∏ô‡∏Ñ‡∏£,high,‡πÄ‡∏û‡∏•‡∏ó‡πÄ‡∏´‡∏•‡πá‡∏Å‡∏õ‡∏¥‡∏î‡∏£‡∏≠‡∏¢‡πÄ‡∏à‡∏≤‡∏∞‡πÄ‡∏õ‡∏¥‡∏î‡∏´‡∏ô‡πâ‡∏≤‡∏ñ‡∏ô‡∏ô‡∏õ‡∏¥‡∏î‡πÑ‡∏°‡πà‡∏™‡∏ô‡∏¥‡∏ó ‡∏£‡∏ñ‡∏Ç‡∏±‡∏ö‡∏ú‡πà‡∏≤‡∏ô‡∏≠‡∏±‡∏ô‡∏ï‡∏£‡∏≤‡∏¢‡∏°‡∏≤‡∏Å ‡∏ó‡∏µ‡πà‡∏™‡∏≥‡∏Ñ‡∏±‡∏ç‡πÄ‡∏û‡∏¥‡πà‡∏á‡∏à‡∏∞‡∏•‡∏≤‡∏î‡πÅ‡∏≠‡∏•‡∏ü‡∏±‡∏•‡∏ó‡πå‡πÑ‡∏õ‡πÅ‡∏õ‡πä‡∏ö‡πÄ‡∏î‡∏µ‡∏¢‡∏ß ‡∏ó‡∏≥‡πÑ‡∏°‡πÄ‡∏à‡∏≤‡∏∞‡πÉ‡∏´‡πâ‡πÄ‡∏™‡∏µ‡∏¢‡∏´‡∏≤‡∏¢‡∏≠‡∏µ‡∏Å‡∏•‡πà‡∏∞‡∏Ñ‡∏∞ ‡πÅ‡∏ñ‡∏°‡∏û‡∏≠‡∏ï‡∏≠‡∏ô‡∏õ‡∏¥‡∏î‡∏Ñ‡∏∑‡∏ô ‡∏Å‡πá‡∏õ‡∏¥‡∏î‡πÑ‡∏°‡πà‡πÄ‡∏£‡∏µ‡∏¢‡∏ö‡πÄ‡∏ô‡∏µ‡∏¢‡∏ô‡∏≠‡∏µ‡∏Å ‡∏û‡∏≠‡∏à‡∏∞‡∏£‡∏π‡πâ‡πÜ‡∏Å‡∏±‡∏ô‡∏≠‡∏¢‡∏π‡πà‡∏ß‡πà‡∏≤‡∏£‡∏≠‡∏¢‡∏õ‡∏¥‡∏î‡πÄ‡∏õ‡πá‡∏ô‡∏¢‡∏±‡∏á‡πÑ‡∏á,196,0,12,5,2,2024,100.57639,13.80474,14.08306067712731,1,37.0,22.0,94.0,30.0,1021.0,1007.0
2024-8894YR,lighting,‡∏•‡∏≤‡∏î‡∏Å‡∏£‡∏∞‡∏ö‡∏±‡∏á,‡∏Ñ‡∏•‡∏≠‡∏á‡∏™‡∏≠‡∏á‡∏ï‡πâ‡∏ô‡∏ô‡∏∏‡πà‡∏ô,‡∏Å‡∏£‡∏∏‡∏á‡πÄ‡∏ó‡∏û‡∏°‡∏´‡∏≤‡∏ô‡∏Ñ‡∏£,high,‡πÑ‡∏ü‡πÑ‡∏°‡πà‡∏ï‡∏¥‡∏î‡∏ï‡∏£‡∏á‡∏ñ‡∏ô‡∏ô‡∏ï‡∏±‡∏î‡πÉ‡∏´‡∏°‡πà‡∏Ñ‡πà‡∏∞,24,3,15,4,1,2024,100.71112,13.75395,73.68319893052893,0,35.0,23.0,94.0,28.0,1020.0,1008.0
79XKZJ,cleaning,‡∏ö‡∏≤‡∏á‡∏ã‡∏∑‡πà‡∏≠,‡∏ö‡∏≤‡∏á‡∏ã‡∏∑‡πà‡∏≠,‡∏Å‡∏£‡∏∏‡∏á‡πÄ‡∏ó‡∏û‡∏°‡∏´‡∏≤‡∏ô‡∏Ñ‡∏£,mid,"‡∏õ‡∏±‡∏ç‡∏´‡∏≤: ‡∏ö‡∏£‡∏¥‡πÄ‡∏ß‡∏ì‡πÉ‡∏ô‡∏ä‡∏∏‡∏°‡∏ä‡∏ô‡πÇ‡∏Ñ‡∏Å‡∏õ‡∏π‡πà‡πÅ‡∏Å‡πà‡∏ô ‡∏†‡∏≤‡∏¢‡πÉ‡∏ô‡∏ã‡∏≠‡∏¢‡∏î‡∏±‡∏á‡∏Å‡∏•‡πà‡∏≤‡∏ß‡∏û‡∏ö‡∏ú‡∏π‡πâ‡∏™‡∏π‡∏á‡∏≠‡∏≤‡∏¢‡∏∏‡πÄ‡∏û‡∏®‡∏ä‡∏≤‡∏¢ ‡πÑ‡∏°‡πà‡∏™‡∏≤‡∏°‡∏≤‡∏£‡∏ñ‡∏î‡∏π‡πÅ‡∏•‡∏ï‡∏ô‡πÄ‡∏≠‡∏á‡πÑ‡∏î‡πâ ‡∏°‡∏µ‡∏û‡∏§‡∏ï‡∏¥‡∏Å‡∏£‡∏£‡∏°‡∏Ç‡∏±‡∏ö‡∏ñ‡πà‡∏≤‡∏¢‡πÑ‡∏°‡πà‡πÄ‡∏õ‡πá‡∏ô‡∏ó‡∏µ‡πà‡πÄ‡∏õ‡πá‡∏ô‡∏ó‡∏≤‡∏á‡∏™‡πà‡∏á‡∏Å‡∏•‡∏¥‡πà‡∏ô‡πÄ‡∏´‡∏°‡πá‡∏ô‡∏£‡∏ö‡∏Å‡∏ß‡∏ô‡πÅ‡∏•‡∏∞‡∏°‡∏µ‡∏û‡∏§‡∏ï‡∏¥‡∏Å‡∏£‡∏£‡∏°‡∏Ç‡πÇ‡∏°‡∏¢‡∏Ç‡∏≠‡∏á‡πÉ‡∏ô‡∏ä‡∏∏‡∏°‡∏ä‡∏ô 
‡∏ï‡πâ‡∏≠‡∏á‡∏Å‡∏≤‡∏£‡πÉ‡∏´‡πâ‡∏´‡∏ô‡πà‡∏ß‡∏¢‡∏á‡∏≤‡∏ô‡∏ó‡∏µ‡πà‡πÄ‡∏Å‡∏µ‡πà‡∏¢‡∏ß‡∏Ç‡πâ‡∏≠‡∏á‡πÄ‡∏Ç‡πâ‡∏≤‡πÑ‡∏õ‡∏î‡∏π‡πÅ‡∏•‡∏ú‡∏π‡πâ‡∏™‡∏π‡∏á‡∏≠‡∏≤‡∏¢‡∏∏‡∏î‡∏±‡∏á‡∏Å‡∏•‡πà‡∏≤‡∏ß
‡∏ã‡∏≠‡∏¢: ‡∏õ‡∏£‡∏∞‡∏ä‡∏≤‡∏£‡∏≤‡∏©‡∏é‡∏£‡πå‡∏™‡∏≤‡∏¢ 1 ‡∏ó‡∏µ‡πà 10
‡∏ñ‡∏ô‡∏ô: ‡∏õ‡∏£‡∏∞‡∏ä‡∏≤‡∏£‡∏≤‡∏©‡∏é‡∏£‡πå‡∏™‡∏≤‡∏¢ 1
‡∏à‡∏∏‡∏î‡∏™‡∏±‡∏á‡πÄ‡∏Å‡∏ï: ‡πÄ‡∏Ç‡πâ‡∏≤‡πÑ‡∏õ‡πÉ‡∏ô‡∏ã‡∏≠‡∏¢‡∏î‡∏±‡∏á‡∏Å‡∏•‡πà‡∏≤‡∏ß‡∏à‡∏ô‡∏û‡∏ö‡∏®‡∏≤‡∏•‡∏õ‡∏£‡∏∞‡∏à‡∏≥‡∏ä‡∏∏‡∏°‡∏ä‡∏ô‡∏à‡∏∏‡∏î‡πÄ‡∏Å‡∏¥‡∏î‡πÄ‡∏´‡∏ï‡∏∏‡∏≠‡∏¢‡∏π‡πà‡∏ã‡πâ‡∏≤‡∏¢‡∏°‡∏∑‡∏≠‡πÄ‡∏¢‡∏∑‡πâ‡∏≠‡∏á‡πÜ‡∏Å‡∏±‡∏ö‡∏®‡∏≤‡∏•‡∏õ‡∏£‡∏∞‡∏à‡∏≥‡∏ä‡∏∏‡∏°‡∏ä‡∏ô
‡πÄ‡∏Ç‡∏ï: ‡∏ö‡∏≤‡∏á‡∏ã‡∏∑‡πà‡∏≠
#1555",392,5,12,17,2,2024,100.52467,13.80263,11.866649166648148,0,37.0,22.0,94.0,30.0,1021.0,1007.0
2024-8LWV6A,road,‡∏´‡∏•‡∏±‡∏Å‡∏™‡∏µ‡πà,‡∏ï‡∏•‡∏≤‡∏î‡∏ö‡∏≤‡∏á‡πÄ‡∏Ç‡∏ô,‡∏Å‡∏£‡∏∏‡∏á‡πÄ‡∏ó‡∏û‡∏°‡∏´‡∏≤‡∏ô‡∏Ñ‡∏£,high,‡πÅ‡∏Ç‡∏ß‡∏ô‡∏õ‡πâ‡∏≤‡∏¢‡πÄ‡∏Å‡∏∞‡∏Å‡∏∞,13,6,8,18,8,2024,100.57707,13.87544,12.46195016349537,0,36.0,24.0,100.0,44.0,1012.0,1002.0
2024-8FTD6Q,road,‡∏ß‡∏±‡∏í‡∏ô‡∏≤,‡∏Ñ‡∏•‡∏≠‡∏á‡πÄ‡∏ï‡∏¢‡πÄ‡∏´‡∏ô‡∏∑‡∏≠,‡∏Å‡∏£‡∏∏‡∏á‡πÄ‡∏ó‡∏û‡∏°‡∏´‡∏≤‡∏ô‡∏Ñ‡∏£,high,‡∏Ç‡∏≠‡πÉ‡∏´‡πâ‡∏ó‡∏≤‡∏á ‡∏Å‡∏ó‡∏° ‡∏£‡∏µ‡∏ö‡∏î‡∏π‡∏Å‡∏•‡πâ‡∏≠‡∏á ‡∏´‡∏≤‡∏£‡∏ñ‡∏õ‡∏π‡∏ô‡∏ó‡∏µ‡πà‡∏ó‡∏≥‡∏ñ‡∏ô‡∏ô‡πÄ‡∏•‡∏≠‡∏∞‡∏õ‡∏π‡∏ô ‡∏ñ‡∏ô‡∏ô‡∏•‡∏≤‡∏î‡∏¢‡∏≤‡∏á‡πÄ‡∏õ‡πá‡∏ô‡∏•‡πâ‡∏≤‡∏ô‡πÄ‡∏™‡∏µ‡∏¢‡∏´‡∏≤‡∏¢,71,6,3,3,3,2024,100.56305,13.74759,12.46195016349537,1,39.0,25.0,94.0,20.0,1016.0,1005.0
2024-N3K2HE,noise,‡∏î‡∏≠‡∏ô‡πÄ‡∏°‡∏∑‡∏≠‡∏á,‡∏™‡∏µ‡∏Å‡∏±‡∏ô,‡∏Å‡∏£‡∏∏‡∏á‡πÄ‡∏ó‡∏û‡∏°‡∏´‡∏≤‡∏ô‡∏Ñ‡∏£,mid,‡∏°‡∏µ‡∏Å‡∏≤‡∏£‡∏Å‡πà‡∏≠‡∏™‡∏£‡πâ‡∏≤‡∏á‡πÉ‡∏ô‡∏ä‡πà‡∏ß‡∏á‡∏ß‡∏±‡∏ô‡∏´‡∏¢‡∏∏‡∏î‡∏™‡πà‡∏á‡πÄ‡∏™‡∏µ‡∏¢‡∏á‡∏£‡∏ö‡∏Å‡∏ß‡∏ô‡πÄ‡∏Å‡∏¥‡∏ô 75 ‡πÄ‡∏î‡∏ã‡∏¥‡πÄ‡∏ö‡∏• ‡πÅ‡∏•‡∏∞‡∏Å‡∏≤‡∏£‡∏Ç‡∏∏‡∏î‡πÄ‡∏à‡∏≤‡∏∞‡∏ó‡∏≥‡πÉ‡∏´‡πâ‡πÄ‡∏™‡∏µ‡∏¢‡∏á‡∏î‡∏±‡∏á‡∏°‡∏≤‡∏Å‡∏£‡∏ö‡∏Å‡∏ß‡∏ô‡∏Å‡∏≤‡∏£‡∏û‡∏±‡∏Å‡∏ú‡πà‡∏≠‡∏ô‡∏Å‡πà‡∏≠‡∏ô 8 ‡πÇ‡∏°‡∏á‡πÄ‡∏ä‡πâ‡∏≤,113,5,1,16,11,2024,100.58008,13.93539,28.791555815460676,0,35.0,21.0,100.0,41.0,1016.0,1006.0
2024-LA6AA2,road,‡∏ö‡∏≤‡∏á‡πÅ‡∏Ñ,‡∏ö‡∏≤‡∏á‡πÅ‡∏Ñ‡πÄ‡∏´‡∏ô‡∏∑‡∏≠,‡∏Å‡∏£‡∏∏‡∏á‡πÄ‡∏ó‡∏û‡∏°‡∏´‡∏≤‡∏ô‡∏Ñ‡∏£,high,‡πÄ‡∏ô‡∏∑‡πà‡∏≠‡∏á‡∏à‡∏≤‡∏Å‡πÉ‡∏ô‡∏ã‡∏≠‡∏¢‡πÄ‡∏û‡∏ä‡∏£‡πÄ‡∏Å‡∏©‡∏°68 ‡∏à‡∏∞‡∏°‡∏µ‡πÄ‡∏ã‡πÄ‡∏ß‡πà‡∏ô‡∏≠‡∏¢‡∏π‡πà‡πÉ‡∏ô‡∏Å‡∏•‡∏≤‡∏á‡∏ã‡∏≠‡∏¢ ‡πÇ‡∏î‡∏¢‡∏ö‡∏£‡∏¥‡πÄ‡∏ß‡∏ì‡∏î‡πâ‡∏≤‡∏ô‡∏ã‡πâ‡∏≤‡∏¢‡∏Ç‡∏≠‡∏á‡πÄ‡∏ã‡πÄ‡∏ß‡πà‡∏ô ‡∏à‡∏∞‡∏°‡∏µ‡∏£‡πâ‡∏≤‡∏ô‡∏Ñ‡πâ‡∏≤‡∏£‡πâ‡∏≤‡∏ô‡∏≠‡∏≤‡∏´‡∏≤‡∏£ ‡∏ã‡∏∂‡πà‡∏á‡∏£‡πâ‡∏≤‡∏ô‡∏ó‡∏µ‡πà‡∏≠‡∏¢‡∏π‡πà‡∏î‡πâ‡∏≤‡∏ô‡∏£‡∏¥‡∏°‡∏ô‡∏≠‡∏Å‡∏™‡∏∏‡∏î ‡πÉ‡∏ô‡∏ä‡πà‡∏ß‡∏á‡πÄ‡∏ä‡πâ‡∏≤‡∏°‡∏µ‡∏Å‡∏≤‡∏£‡∏ï‡∏±‡πâ‡∏á‡∏£‡πâ‡∏≤‡∏ô‡∏Ç‡∏≤‡∏¢‡∏´‡∏°‡∏π‡∏õ‡∏¥‡πâ‡∏á ‡πÇ‡∏î‡∏¢‡∏ô‡∏≥‡∏Å‡∏£‡∏ß‡∏¢‡∏à‡∏£‡∏≤‡∏à‡∏£‡∏°‡∏≤‡∏ï‡∏±‡πâ‡∏á‡∏Ç‡∏ß‡∏≤‡∏á‡∏ó‡∏≤‡∏á‡πÄ‡∏î‡∏¥‡∏ô ‡∏ó‡∏≥‡πÉ‡∏´‡πâ‡∏Ñ‡∏ô‡∏ö‡∏£‡∏¥‡πÄ‡∏ß‡∏ì‡∏ô‡∏±‡πâ‡∏ô‡πÑ‡∏°‡πà‡∏™‡∏≤‡∏°‡∏≤‡∏£‡∏ñ‡πÄ‡∏î‡∏¥‡∏ô‡∏™‡∏±‡∏ç‡∏à‡∏£‡πÑ‡∏õ‡∏°‡∏≤‡∏õ‡∏Å‡∏ï‡∏¥‡πÑ‡∏î‡πâ ‡∏ï‡πâ‡∏≠‡∏á‡πÄ‡∏î‡∏¥‡∏ô‡∏•‡∏á‡∏ö‡∏ô‡∏ñ‡∏ô‡∏ô ‡πÄ‡∏ô‡∏∑‡πà‡∏≠‡∏á‡∏à‡∏≤‡∏Å‡∏£‡πâ‡∏≤‡∏ô‡∏´‡∏°‡∏π‡∏õ‡∏¥‡πâ‡∏á‡∏î‡∏±‡∏á‡∏Å‡∏•‡πà‡∏≤‡∏ß‡∏°‡∏µ‡∏Å‡∏≤‡∏£‡∏ô‡∏≥‡∏Å‡∏£‡∏ß‡∏¢‡∏°‡∏≤‡∏ï‡∏±‡πâ‡∏á‡∏Å‡∏µ‡∏î‡∏Ç‡∏ß‡∏≤‡∏á ‡πÅ‡∏•‡∏∞‡∏ï‡∏±‡πâ‡∏á‡πÄ‡∏ï‡∏≤‡∏Ç‡∏≤‡∏¢‡∏ö‡∏£‡∏¥‡πÄ‡∏ß‡∏ì‡∏ó‡∏≤‡∏á‡πÄ‡∏î‡∏¥‡∏ô,334,2,3,14,8,2024,100.41564,13.7192,12.46195016349537,0,36.0,24.0,100.0,44.0,1012.0,1002.0
2024-KLWDKL,safety,‡∏ï‡∏•‡∏¥‡πà‡∏á‡∏ä‡∏±‡∏ô,‡∏ö‡∏≤‡∏á‡πÄ‡∏ä‡∏∑‡∏≠‡∏Å‡∏´‡∏ô‡∏±‡∏á,‡∏Å‡∏£‡∏∏‡∏á‡πÄ‡∏ó‡∏û‡∏°‡∏´‡∏≤‡∏ô‡∏Ñ‡∏£,high,‡∏°‡∏µ‡∏´‡∏•‡∏∏‡∏°‡∏Å‡∏•‡∏≤‡∏á‡∏ñ‡∏ô‡∏ô ‡πÄ‡∏Å‡∏¥‡∏î‡∏≠‡∏∏‡∏ö‡∏±‡∏ï‡∏¥‡πÄ‡∏´‡∏ï‡∏∏‡∏Ç‡∏±‡∏ö‡∏£‡∏ñ‡∏¢‡∏ô‡∏ï‡πå‡∏ï‡∏Å‡∏´‡∏•‡∏∏‡∏°‡∏¢‡∏≤‡∏á‡πÅ‡∏ï‡∏Å 2 ‡∏Ç‡πâ‡∏≤‡∏á,56,0,6,30,9,2024,100.42745,13.74999,14.08306067712731,0,35.0,24.0,100.0,47.0,1013.0,999.0
2024-873LL7,cleaning,‡∏û‡∏£‡∏∞‡πÇ‡∏Ç‡∏ô‡∏á,‡∏ö‡∏≤‡∏á‡∏à‡∏≤‡∏Å,‡∏Å‡∏£‡∏∏‡∏á‡πÄ‡∏ó‡∏û‡∏°‡∏´‡∏≤‡∏ô‡∏Ñ‡∏£,mid,‡∏°‡∏≤‡∏ó‡∏¥‡πâ‡∏á ‡πÇ‡∏ã‡∏ü‡∏≤ ‡∏ó‡∏±‡πâ‡∏á‡∏ï‡∏±‡∏ß‡πÄ‡∏•‡∏¢‡∏Ñ‡πà‡∏∞,25,6,2,29,9,2024,100.61317,13.68976,11.866649166648148,0,35.0,24.0,100.0,47.0,1013.0,999.0
2024-3ZQ7VV,safety,‡∏Ñ‡∏•‡∏≠‡∏á‡πÄ‡∏ï‡∏¢,‡∏Ñ‡∏•‡∏≠‡∏á‡πÄ‡∏ï‡∏¢,‡∏Å‡∏£‡∏∏‡∏á‡πÄ‡∏ó‡∏û‡∏°‡∏´‡∏≤‡∏ô‡∏Ñ‡∏£,high,"‡∏ß‡∏±‡∏ô‡πÄ‡∏™‡∏≤‡∏£‡πå‡∏ó‡∏µ‡πà 20 ‡∏Å.‡∏Ñ.  ‡∏ä‡πà‡∏ß‡∏á‡πÄ‡∏ß‡∏•‡∏≤  15:32
‡∏ã‡∏≠‡∏¢‡∏ô‡∏≤‡∏ô‡∏≤‡πÉ‡∏ï‡πâ ‡∏û‡∏ö‡∏£‡∏ñ‡∏ö‡∏£‡∏¥‡∏Å‡∏≤‡∏£ 2 ‡∏Ñ‡∏±‡∏ô ‡∏à‡∏≠‡∏î‡∏´‡∏ô‡πâ‡∏≤‡πÇ‡∏£‡∏á‡πÅ‡∏£‡∏° ‡πÉ‡∏ô‡πÄ‡∏Ç‡∏ï‡∏´‡πâ‡∏≤‡∏°‡∏à‡∏≠‡∏î‡∏ï‡∏•‡∏≠‡∏î‡πÄ‡∏ß‡∏•‡∏≤ ‡πÄ‡∏™‡∏µ‡πà‡∏¢‡∏á‡πÄ‡∏Å‡∏¥‡∏î‡∏≠‡∏∏‡∏ö‡∏±‡∏ï‡∏¥‡πÄ‡∏´‡∏ï‡∏∏ ‡∏ô‡∏≤‡∏ô‡∏≤‡πÉ‡∏ï‡πâ‡πÄ‡∏õ‡πá‡∏ô‡∏ã‡∏≠‡∏¢‡∏•‡∏±‡∏î‡∏°‡∏µ‡∏£‡∏ñ‡∏¢‡∏ô‡∏ï‡πå‡∏ß‡∏¥‡πà‡∏á‡∏à‡∏≥‡∏ô‡∏ß‡∏ô‡∏°‡∏≤‡∏Å ‡∏Ç‡∏≠‡πÄ‡∏à‡πâ‡∏≤‡∏´‡∏ô‡πâ‡∏≤‡∏ó‡∏µ‡πà ‡∏°‡∏≤‡∏•‡πä‡∏≠‡∏Ñ‡∏•‡πâ‡∏≠ ‡∏à‡∏±‡∏ö‡∏õ‡∏£‡∏±‡∏ö ‡∏ï‡∏≤‡∏° ‡∏û‡∏£‡∏ö ‡∏à‡∏£‡∏≤‡∏à‡∏£‡∏ó‡∏≤‡∏á‡∏ö‡∏Å ‡∏û.‡∏®.2567 ‡∏Ñ‡πà‡∏∞",222,5,13,20,7,2024,100.55303,13.7394,14.08306067712731,0,36.0,24.0,100.0,47.0,1012.0,1001.0
2024-G8A3HL,road,‡∏¢‡∏≤‡∏ô‡∏ô‡∏≤‡∏ß‡∏≤,‡∏ä‡πà‡∏≠‡∏á‡∏ô‡∏ô‡∏ó‡∏£‡∏µ,‡∏Å‡∏£‡∏∏‡∏á‡πÄ‡∏ó‡∏û‡∏°‡∏´‡∏≤‡∏ô‡∏Ñ‡∏£,high,‡∏¢‡∏±‡∏á‡∏Ñ‡∏á‡∏û‡∏ö‡∏£‡∏ñ‡∏¢‡∏ô‡∏ï‡πå‡∏à‡∏≠‡∏î‡∏ö‡∏ô‡∏ó‡∏≤‡∏á‡πÄ‡∏ó‡πâ‡∏≤ ‡∏û‡∏∂‡πà‡∏á‡πÅ‡∏à‡πâ‡∏á‡πÄ‡∏£‡∏∑‡πà‡∏≠‡∏á‡πÑ‡∏õ‡∏ï‡∏≠‡∏ô‡πÄ‡∏ä‡πâ‡∏≤ ‡∏ï‡∏≠‡∏ô‡πÄ‡∏¢‡πá‡∏ô‡∏Å‡πá‡∏¢‡∏±‡∏á‡∏û‡∏ö‡∏à‡∏≠‡∏î‡∏ö‡∏ô‡∏ó‡∏≤‡∏á‡πÄ‡∏ó‡πâ‡∏≤‡πÄ‡∏´‡∏°‡∏∑‡∏≠‡∏ô‡πÄ‡∏î‡∏¥‡∏°,86,2,10,17,1,2024,100.54729,13.69153,12.46195016349537,0,35.0,23.0,94.0,28.0,1020.0,1008.0
2024-LQ2Z4Q,road,‡∏û‡∏ç‡∏≤‡πÑ‡∏ó,‡∏™‡∏≤‡∏°‡πÄ‡∏™‡∏ô‡πÉ‡∏ô,‡∏Å‡∏£‡∏∏‡∏á‡πÄ‡∏ó‡∏û‡∏°‡∏´‡∏≤‡∏ô‡∏Ñ‡∏£,high,‡∏Ç‡∏±‡∏ö‡∏Ç‡∏µ‡πà‡∏£‡∏ñ‡∏ö‡∏ô‡∏ó‡∏≤‡∏á‡πÄ‡∏î‡∏¥‡∏ô‡πÄ‡∏ó‡πâ‡∏≤,21,0,3,2,9,2024,100.55947,13.78919,12.46195016349537,0,35.0,24.0,100.0,47.0,1013.0,999.0
2024-F3MKCW,road,‡∏ö‡∏∂‡∏á‡∏Å‡∏∏‡πà‡∏°,‡∏ô‡∏ß‡∏°‡∏¥‡∏ô‡∏ó‡∏£‡πå,‡∏Å‡∏£‡∏∏‡∏á‡πÄ‡∏ó‡∏û‡∏°‡∏´‡∏≤‡∏ô‡∏Ñ‡∏£,high,"üì¢üîäüõ£Ô∏èüï≥Ô∏è‡πÅ‡∏à‡πâ‡∏á‡∏ñ‡∏ô‡∏ô‡∏ä‡∏≥‡∏£‡∏∏‡∏î üò±
‡∏ï‡∏£‡∏á‡∏ó‡∏µ‡πà‡πÄ‡∏Ñ‡∏¢‡∏°‡∏≤‡∏õ‡∏£‡∏±‡∏ö‡∏õ‡∏£‡∏∏‡∏á‡∏ï‡∏≠‡∏ô‡∏ô‡∏µ‡πâ‡πÄ‡∏™‡∏∑‡πà‡∏≠‡∏°‡∏™‡∏†‡∏≤‡∏û‡∏´‡∏•‡∏∏‡∏î‡∏£‡πà‡∏≠‡∏ô‡∏≠‡∏≠‡∏Å‡πÄ‡∏õ‡πá‡∏ô‡∏´‡∏•‡∏∏‡∏° ‡πÄ‡∏õ‡πá‡∏ô‡∏£‡πà‡∏≠‡∏á ‡∏ï‡∏≤‡∏°‡πÄ‡∏î‡∏¥‡∏°
üó£Ô∏è‡∏£‡∏ö‡∏Å‡∏ß‡∏ô‡∏ï‡∏£‡∏ß‡∏à‡∏™‡∏≠‡∏ö‡πÅ‡∏Å‡πâ‡πÑ‡∏Ç
üì∏
üìå‡∏ï‡∏£‡∏á ‡∏ô‡∏ß‡∏°‡∏¥‡∏ô‡∏ó‡∏£‡πå 91
üõ£Ô∏è‡∏ñ‡∏ô‡∏ô‡∏ô‡∏ß‡∏°‡∏¥‡∏ô‡∏ó‡∏£‡πå ‡∏Ç‡∏≤‡∏≠‡∏≠‡∏Å
üôèüë∑üë©‚Äçüîß‡∏Ç‡∏≠‡∏Ç‡∏≠‡∏ö‡∏Ñ‡∏∏‡∏ì ‡πÄ‡∏à‡πâ‡∏≤‡∏´‡∏ô‡πâ‡∏≤‡∏ó‡∏µ‡πà‡∏ó‡∏∏‡∏Å‡∏ó‡πà‡∏≤‡∏ô‚úåÔ∏è‚úåÔ∏èüí™üëèüëèüëè
üí•üé§üöòüöñüï≥Ô∏è‡∏£‡∏ñ‡∏ï‡∏Å‡∏´‡∏•‡∏∏‡∏°‡∏ö‡πà‡∏≠‡∏¢‡πÜ‡πÅ‡∏£‡∏á‡∏Å‡∏£‡∏∞‡πÅ‡∏ó‡∏Å‡∏≠‡∏≤‡∏à‡∏ó‡∏≥‡πÉ‡∏´‡πâüëâ‡∏•‡∏π‡∏Å‡∏õ‡∏∑‡∏ô‡∏•‡πâ‡∏≠‡πÅ‡∏ï‡∏Å ‡∏ä‡πà‡∏ß‡∏á‡∏•‡πà‡∏≤‡∏á‡∏õ‡∏µ‡∏Å‡∏ô‡∏Å‡πÇ‡∏ä‡πä‡∏Ñ‡∏≠‡∏±‡∏û‡πÄ‡∏™‡∏µ‡∏¢‡∏´‡∏≤‡∏¢ ‡∏•‡πâ‡∏≠‡πÅ‡∏°‡πá‡∏Å‡∏î‡∏∏‡πâ‡∏á ‡πÅ‡∏ï‡∏Å ‡∏¢‡∏≤‡∏á‡∏ö‡∏ß‡∏°‡∏¢‡∏≤‡∏á‡πÅ‡∏ï‡∏Å‡∏¢‡∏≤‡∏á‡∏â‡∏µ‡∏Å ‡∏ñ‡πâ‡∏≤‡πÅ‡∏£‡∏á‡∏Å‡∏ß‡πà‡∏≤‡∏ô‡∏±‡πâ‡∏ô‡∏ï‡∏±‡∏ß‡∏ñ‡∏±‡∏á‡∏≠‡∏≤‡∏à‡πÄ‡∏™‡∏µ‡∏¢‡∏´‡∏≤‡∏¢üò∞",337,1,4,1,10,2024,100.64912,13.79964,12.46195016349537,1,35.0,23.0,100.0,49.0,1014.0,1002.0
2024-UHZ2V6,road,‡∏ö‡∏≤‡∏á‡∏Å‡∏∞‡∏õ‡∏¥,‡∏Ñ‡∏•‡∏≠‡∏á‡∏à‡∏±‡πà‡∏ô,‡∏Å‡∏£‡∏∏‡∏á‡πÄ‡∏ó‡∏û‡∏°‡∏´‡∏≤‡∏ô‡∏Ñ‡∏£,high,‡πÄ‡∏Å‡∏≤‡∏∞‡∏Å‡∏•‡∏≤‡∏á‡∏ñ‡∏ô‡∏ô‡∏•‡∏≤‡∏î‡∏û‡∏£‡πâ‡∏≤‡∏ß  ‡∏Å‡∏ó‡∏°.‡πÄ‡∏•‡∏∑‡∏≠‡∏Å‡∏õ‡∏•‡∏π‡∏Å‡∏ï‡πâ‡∏ô‡∏ó‡∏≠‡∏á‡∏≠‡∏∏‡πÑ‡∏£‡∏ã‡∏∂‡πà‡∏á‡πÄ‡∏ï‡∏¥‡∏ö‡πÇ‡∏ï‡∏´‡∏ô‡∏≤‡πÅ‡∏ô‡πà‡∏ô‡πÅ‡∏•‡∏∞‡∏™‡∏π‡∏á‡πÄ‡∏£‡πá‡∏ß‡∏°‡∏≤‡∏Å‡∏ö‡∏±‡∏á‡∏™‡∏≤‡∏¢‡∏ï‡∏≤(‡πÅ‡∏ó‡∏ô‡∏Å‡∏≤‡∏£‡∏õ‡∏•‡∏π‡∏Å‡∏ï‡∏±‡∏ô‡πÑ‡∏°‡πâ‡∏≠‡∏∑‡πà‡∏ô ‡πÄ‡∏ä‡πà‡∏ô ‡∏î‡∏≠‡∏Å‡πÄ‡∏Ç‡πá‡∏°) ‡∏Ç‡∏≤‡∏î‡∏Å‡∏≤‡∏£‡∏Ñ‡∏ß‡∏ö‡∏î‡∏π‡πÅ‡∏•‡∏Å‡∏≤‡∏£‡∏ï‡∏±‡∏î‡πÅ‡∏ï‡πà‡∏á‡∏Ñ‡∏ß‡∏≤‡∏°‡∏™‡∏π‡∏á‡πÄ‡∏û‡∏∑‡πà‡∏≠‡πÉ‡∏´‡πâ‡∏Å‡∏≤‡∏£‡πÉ‡∏ä‡πâ‡∏ñ‡∏ô‡∏ô‡∏õ‡∏•‡∏≠‡∏î‡∏†‡πâ‡∏¢  ‡πÄ‡∏û‡∏£‡∏≤‡∏∞ ‡∏ó‡∏≥‡πÉ‡∏´‡πâ‡∏ö‡∏±‡∏á‡∏õ‡πâ‡∏≤‡∏¢‡∏™‡∏±‡∏ç‡∏ç‡∏≤‡∏ì‡∏à‡∏£‡∏≤‡∏à‡∏£ ‡πÄ‡∏ä‡πà‡∏ô‡∏¢‡∏π‡πÄ‡∏ó‡∏¥‡∏ô  ‡πÅ‡∏•‡∏∞‡∏ä‡πà‡∏≠‡∏á‡∏Ñ‡∏ô‡πÄ‡∏î‡∏¥‡∏ô‡∏Ç‡πâ‡∏≤‡∏°‡∏ó‡∏™‡∏á‡∏°‡πâ‡∏≤‡∏•‡∏≤‡∏¢‡∏ó‡∏≥‡∏ä‡πà‡∏≠‡∏á‡πÄ‡∏•‡πá‡∏Å‡πÜ ‡πÅ‡∏ñ‡∏°‡∏°‡∏µ‡∏°‡∏≠‡πÄ‡∏ï‡∏≠‡∏£‡πå‡πÑ‡∏ã‡∏î‡πå‡πÉ‡∏ä‡πâ‡∏¢‡∏π‡πÄ‡∏ó‡∏¥‡∏ô‡∏£‡πà‡∏ß‡∏°‡∏î‡πâ‡∏ß‡∏¢ ‡∏ó‡∏≥‡πÉ‡∏´‡πâ‡πÄ‡∏Å‡∏¥‡∏î‡∏≠‡∏∏‡∏ö‡∏±‡∏ï‡∏¥‡πÄ‡∏´‡∏ï‡∏∏‡πÑ‡∏î‡πâ‡∏á‡πà‡∏≤‡∏¢ ‡πÇ‡∏î‡∏¢‡πÄ‡∏â‡∏û‡∏≤‡∏∞‡∏ã.‡∏•‡∏≤‡∏î‡∏û‡∏£‡πâ‡∏≤‡∏ß 101‡∏ñ‡∏µ‡∏á ‡∏™‡∏∞‡∏û‡∏≤‡∏ô‡∏Ç‡πâ‡∏≤‡∏°‡πÅ‡∏¢‡∏Å‡πÅ‡∏Æ‡∏õ‡∏õ‡∏µ‡πâ‡πÅ‡∏•‡∏ô‡∏î‡πå,364,6,11,6,10,2024,100.63314,13.77287,12.46195016349537,0,35.0,23.0,100.0,49.0,1014.0,1002.0
2024-PBAPY6,flood,‡∏ö‡∏≤‡∏á‡∏£‡∏±‡∏Å,‡∏°‡∏´‡∏≤‡∏û‡∏§‡∏í‡∏≤‡∏£‡∏≤‡∏°,‡∏Å‡∏£‡∏∏‡∏á‡πÄ‡∏ó‡∏û‡∏°‡∏´‡∏≤‡∏ô‡∏Ñ‡∏£,high,‡∏à‡∏≤‡∏Å‡∏ó‡∏µ‡πà‡∏°‡∏µ‡∏Å‡∏≤‡∏£‡∏°‡∏≤‡πÄ‡∏õ‡∏¥‡∏î‡πÅ‡∏•‡∏∞‡∏Ç‡∏∏‡∏î‡∏ó‡πà‡∏≠‡πÄ‡∏°‡∏∑‡πà‡∏≠‡πÄ‡∏î‡∏∑‡∏≠‡∏ô‡∏ó‡∏µ‡πà‡πÅ‡∏•‡πâ‡∏ß ‡∏ù‡∏≤‡∏ó‡πà‡∏≠‡∏Ñ‡πà‡∏≠‡∏ô‡∏Ç‡πâ‡∏≤‡∏á‡πÅ‡∏ï‡∏Å‡∏ä‡∏≥‡∏£‡∏∏‡∏î‡πÅ‡∏•‡∏∞‡∏Å‡∏•‡∏±‡∏ß‡∏à‡∏∞‡πÄ‡∏î‡∏¥‡∏ô‡πÅ‡∏•‡πâ‡∏ß‡∏ï‡∏Å‡∏•‡∏á‡πÑ‡∏õ ‡∏£‡∏ö‡∏Å‡∏ß‡∏ô‡πÄ‡∏õ‡∏•‡∏µ‡πà‡∏¢‡∏ô‡∏ù‡∏≤‡∏ó‡πà‡∏≠‡πÉ‡∏´‡πâ‡∏´‡∏ô‡πà‡∏≠‡∏¢‡∏ô‡∏∞‡∏Ñ‡∏∞ ‡πÅ‡∏ñ‡∏ß‡∏ô‡∏µ‡πâ‡πÄ‡∏î‡πá‡∏Å‡πÄ‡∏¢‡∏≠‡∏∞‡∏Ñ‡πà‡∏∞,136,1,23,5,3,2024,100.52503,13.73218,11.670945969684022,1,39.0,25.0,94.0,20.0,1016.0,1005.0
2024-FV3T4W,cleaning,‡∏Ñ‡∏•‡∏≠‡∏á‡∏™‡∏≤‡∏ô,‡∏Ñ‡∏•‡∏≠‡∏á‡∏™‡∏≤‡∏ô,‡∏Å‡∏£‡∏∏‡∏á‡πÄ‡∏ó‡∏û‡∏°‡∏´‡∏≤‡∏ô‡∏Ñ‡∏£,mid,‡∏´‡∏ô‡πâ‡∏≤‡πÄ‡∏ã‡πÄ‡∏ß‡πà‡∏ô‡∏°‡∏µ‡∏Ç‡∏¢‡∏∞‡πÄ‡∏¢‡∏≠‡∏∞‡∏Ñ‡∏£‡∏±‡∏ö,23,2,15,13,11,2024,100.50293,13.73209,11.866649166648148,0,35.0,21.0,100.0,41.0,1016.0,1006.0
2024-AMPP7X,road,‡∏ó‡∏ß‡∏µ‡∏ß‡∏±‡∏í‡∏ô‡∏≤,‡∏®‡∏≤‡∏•‡∏≤‡∏ò‡∏£‡∏£‡∏°‡∏™‡∏û‡∏ô‡πå,‡∏Å‡∏£‡∏∏‡∏á‡πÄ‡∏ó‡∏û‡∏°‡∏´‡∏≤‡∏ô‡∏Ñ‡∏£,high,‡∏ñ‡∏ô‡∏ô‡πÄ‡∏õ‡πá‡∏ô‡∏´‡∏•‡∏∏‡∏°‡∏≠‡∏µ‡∏Å‡πÅ‡∏•‡πâ‡∏ß ‡∏à‡∏∏‡∏î‡πÄ‡∏î‡∏¥‡∏°‡∏ó‡∏µ‡πà‡πÄ‡∏Ñ‡∏¢‡πÄ‡∏õ‡πá‡∏ô ‡∏Ç‡∏±‡∏ö‡∏£‡∏ñ‡∏ï‡∏Å‡∏ï‡∏•‡∏≠‡∏î ‡∏ñ‡πâ‡∏≤‡πÑ‡∏°‡πà‡∏ï‡∏Å‡∏Å‡πá‡∏ï‡πâ‡∏≠‡∏á‡πÄ‡∏Å‡∏∑‡∏≠‡∏ö‡πÄ‡∏ö‡∏µ‡∏¢‡∏î‡∏™‡∏∞‡∏û‡∏≤‡∏ô ‡∏£‡∏ö‡∏Å‡∏á‡∏ô‡∏ä‡πà‡∏ß‡∏¢‡∏õ‡∏£‡∏±‡∏ö‡∏õ‡∏£‡∏∏‡∏á‡∏Å‡∏ô‡πà‡∏≠‡∏¢‡∏Ñ‡πà‡∏∞ ‡∏à‡∏∏‡∏î‡∏ô‡∏µ‡πâ‡∏™‡∏≠‡∏á‡∏´‡∏•‡∏∏‡∏°‡∏Ñ‡πà‡∏∞,121,1,7,24,9,2024,100.41005,13.79769,12.46195016349537,0,35.0,24.0,100.0,47.0,1013.0,999.0
NYFF86,road,‡∏à‡∏≠‡∏°‡∏ó‡∏≠‡∏á,‡∏ö‡∏≤‡∏á‡∏Ç‡∏∏‡∏ô‡πÄ‡∏ó‡∏µ‡∏¢‡∏ô,‡∏Å‡∏£‡∏∏‡∏á‡πÄ‡∏ó‡∏û‡∏°‡∏´‡∏≤‡∏ô‡∏Ñ‡∏£,high,"‡∏õ‡∏±‡∏ç‡∏´‡∏≤: ‡∏ö‡∏£‡∏¥‡πÄ‡∏ß‡∏ì‡∏ñ‡∏ô‡∏ô‡∏î‡∏±‡∏á‡∏Å‡∏•‡πà‡∏≤‡∏ß‡∏°‡∏∏‡πà‡∏á‡∏´‡∏ô‡πâ‡∏≤‡πÑ‡∏õ‡πÅ‡∏¢‡∏Å‡∏Å‡∏≥‡∏ô‡∏±‡∏ô‡πÅ‡∏°‡πâ‡∏ô ‡∏ú‡∏π‡πâ‡∏£‡πâ‡∏≠‡∏á‡πÅ‡∏à‡πâ‡∏á‡∏ß‡πà‡∏≤‡∏û‡∏ö‡πÄ‡∏´‡πá‡∏ô‡∏ã‡∏≤‡∏Å‡∏™‡∏∏‡∏ô‡∏±‡∏Ç ‡∏ï‡πâ‡∏≠‡∏á‡∏Å‡∏≤‡∏£‡πÉ‡∏´‡πâ‡πÄ‡∏à‡πâ‡∏≤‡∏´‡∏ô‡πâ‡∏≤‡∏ó‡∏µ‡πà‡∏î‡∏≥‡πÄ‡∏ô‡∏¥‡∏ô‡∏Å‡∏≤‡∏£‡πÄ‡∏Å‡πá‡∏ö‡∏ã‡∏≤‡∏Å‡∏™‡∏∏‡∏ô‡∏±‡∏Ç

‡∏ñ‡∏ô‡∏ô: ‡∏Å‡∏±‡∏•‡∏õ‡∏û‡∏§‡∏Å‡∏©‡πå
‡∏à‡∏∏‡∏î‡∏™‡∏±‡∏á‡πÄ‡∏Å‡∏ï: ‡∏ö‡∏£‡∏¥‡πÄ‡∏ß‡∏ì‡∏ñ‡∏ô‡∏ô‡∏î‡∏±‡∏á‡∏Å‡∏•‡πà‡∏≤‡∏ß‡∏°‡∏∏‡πà‡∏á‡∏´‡∏ô‡πâ‡∏≤‡πÑ‡∏õ‡πÅ‡∏¢‡∏Å‡∏Å‡∏≥‡∏ô‡∏±‡∏ô‡πÅ‡∏°‡πâ‡∏ô‡∏°‡∏µ‡∏õ‡πâ‡∏≤‡∏¢‡∏Ç‡∏ô‡∏≤‡∏î‡πÉ‡∏´‡∏ç‡πà‡πÄ‡∏õ‡πá‡∏ô‡∏õ‡πâ‡∏≤‡∏¢‡∏´‡πâ‡∏≤‡∏°‡∏à‡∏≠‡∏î‡∏£‡∏ñ ‡πÅ‡∏•‡∏∞‡∏ö‡∏£‡∏¥‡πÄ‡∏ß‡∏ì‡πÉ‡∏Å‡∏•‡πâ‡πÄ‡∏Ñ‡∏µ‡∏¢‡∏á‡πÄ‡∏õ‡πá‡∏ô‡∏û‡∏∑‡πâ‡∏ô‡∏ó‡∏µ‡πà‡∏ß‡πà‡∏≤‡∏á‡πÄ‡∏õ‡∏•‡πà‡∏≤‡∏°‡∏µ‡∏£‡∏ñ‡πÅ‡∏°‡πá‡∏Ñ‡πÇ‡∏Ñ‡∏£‡∏à‡∏≠‡∏î‡∏≠‡∏¢‡∏π‡πà 2 ‡∏Ñ‡∏±‡∏ô
‡πÄ‡∏Ç‡∏ï: ‡∏à‡∏≠‡∏°‡∏ó‡∏≠‡∏á
#1555",298,4,0,9,2,2024,100.43824,13.69496,12.46195016349537,0,37.0,22.0,94.0,30.0,1021.0,1007.0
2024-BM9XKG,safety,‡∏Ñ‡∏•‡∏≠‡∏á‡πÄ‡∏ï‡∏¢,‡∏Ñ‡∏•‡∏≠‡∏á‡πÄ‡∏ï‡∏¢,‡∏Å‡∏£‡∏∏‡∏á‡πÄ‡∏ó‡∏û‡∏°‡∏´‡∏≤‡∏ô‡∏Ñ‡∏£,high,‡∏ï‡∏±‡∏î‡∏ï‡πâ‡∏ô‡∏°‡∏∞‡∏û‡∏£‡πâ‡∏≤‡∏ß‡∏à‡∏∞‡πÇ‡∏Ñ‡πà‡∏ô‡∏•‡πâ‡∏°‡∏ó‡∏±‡∏ö‡∏´‡∏•‡∏±‡∏á‡∏Ñ‡∏≤‡∏ö‡πâ‡∏≤‡∏ô ‡∏ö‡∏£‡∏¥‡πÄ‡∏ß‡∏ì‡∏ó‡πâ‡∏≤‡∏¢‡∏ã‡∏≠‡∏¢ 8,51,1,10,5,3,2024,100.5753,13.70862,14.08306067712731,0,39.0,25.0,94.0,20.0,1016.0,1005.0
2024-E8G6KM,road,‡∏¢‡∏≤‡∏ô‡∏ô‡∏≤‡∏ß‡∏≤,‡∏ä‡πà‡∏≠‡∏á‡∏ô‡∏ô‡∏ó‡∏£‡∏µ,‡∏Å‡∏£‡∏∏‡∏á‡πÄ‡∏ó‡∏û‡∏°‡∏´‡∏≤‡∏ô‡∏Ñ‡∏£,high,‡∏Ç‡∏±‡∏ö‡∏Ç‡∏µ‡πà‡∏ó‡∏≤‡∏á‡πÄ‡∏ó‡πâ‡∏≤,13,2,1,4,9,2024,100.54083,13.69962,12.46195016349537,0,35.0,24.0,100.0,47.0,1013.0,999.0
ZKL74P,road,‡∏Ñ‡∏±‡∏ô‡∏ô‡∏≤‡∏¢‡∏≤‡∏ß,‡∏£‡∏≤‡∏°‡∏≠‡∏¥‡∏ô‡∏ó‡∏£‡∏≤,‡∏Å‡∏£‡∏∏‡∏á‡πÄ‡∏ó‡∏û‡∏°‡∏´‡∏≤‡∏ô‡∏Ñ‡∏£,high,"‡∏õ‡∏±‡∏ç‡∏´‡∏≤: ‡∏†‡∏≤‡∏¢‡πÉ‡∏ô‡∏ã‡∏≠‡∏¢‡∏î‡∏±‡∏á‡∏Å‡∏•‡πà‡∏≤‡∏ß ‡∏û‡∏ö‡∏°‡∏µ‡∏Å‡∏≤‡∏£‡∏ô‡∏≥‡∏´‡∏¥‡∏ô‡∏°‡∏≤‡∏ß‡∏≤‡∏á‡∏Å‡∏≠‡∏á‡πÑ‡∏ß‡πâ‡∏ö‡∏ô‡∏ú‡∏¥‡∏ß‡∏Å‡∏≤‡∏£‡∏à‡∏£‡∏≤‡∏à‡∏£ ‡∏ó‡∏≥‡πÉ‡∏´‡πâ‡∏Å‡∏µ‡∏î‡∏Ç‡∏ß‡∏≤‡∏á‡∏ó‡∏≤‡∏á‡∏™‡∏±‡∏ç‡∏à‡∏£ ‡∏™‡∏£‡πâ‡∏≤‡∏á‡∏Ñ‡∏ß‡∏≤‡∏°‡πÄ‡∏î‡∏∑‡∏≠‡∏î‡∏£‡πâ‡∏≠‡∏ô‡πÉ‡∏´‡πâ‡∏Å‡∏±‡∏ö‡∏ú‡∏π‡πâ‡∏ó‡∏µ‡πà‡∏™‡∏±‡∏ç‡∏à‡∏£‡∏ú‡πà‡∏≤‡∏ô‡πÑ‡∏õ-‡∏°‡∏≤ ‡∏≠‡πâ‡∏≤‡∏á‡∏≠‡∏¥‡∏á‡πÄ‡∏•‡∏Ç‡∏ó‡∏µ‡πà‡∏£‡∏±‡∏ö‡πÅ‡∏à‡πâ‡∏á UAZHZU ‡πÄ‡∏à‡πâ‡∏≤‡∏´‡∏ô‡πâ‡∏≤‡∏ó‡∏µ‡πà‡∏ï‡∏≠‡∏ö‡∏Å‡∏•‡∏±‡∏ö‡∏°‡∏≤‡πÄ‡∏°‡∏∑‡πà‡∏≠‡∏ß‡∏±‡∏ô‡∏ó‡∏µ‡πà 23 ‡∏™.‡∏Ñ. 67 ‡πÅ‡∏à‡πâ‡∏á‡∏ß‡πà‡∏≤ ‡πÄ‡∏à‡πâ‡∏≤‡∏´‡∏ô‡πâ‡∏≤‡∏ó‡∏µ‡πà‡πÄ‡∏ó‡∏®‡∏Å‡∏¥‡∏à‡∏ï‡∏£‡∏ß‡∏à‡∏™‡∏≠‡∏ö‡∏ã‡∏≠‡∏¢‡∏£‡∏≤‡∏°‡∏≠‡∏¥‡∏ô‡∏ó‡∏£‡∏≤ 79 ‡∏ï‡∏•‡∏≠‡∏î‡∏ó‡∏±‡πâ‡∏á‡∏ã‡∏≠‡∏¢ ‡πÑ‡∏°‡πà‡∏û‡∏ö‡∏Å‡∏≠‡∏á‡∏´‡∏¥‡∏ô ‡πÅ‡∏•‡∏∞‡πÑ‡∏î‡πâ‡∏™‡∏≠‡∏ö‡∏ñ‡∏≤‡∏°‡∏õ‡∏£‡∏∞‡∏ä‡∏≤‡∏ä‡∏ô‡∏ú‡∏π‡πâ‡∏û‡∏±‡∏Å‡∏≠‡∏≤‡∏®‡∏±‡∏¢‡πÉ‡∏ô‡∏ã‡∏≠‡∏¢ ‡πÑ‡∏î‡πâ‡∏£‡∏±‡∏ö‡πÅ‡∏à‡πâ‡∏á‡∏ß‡πà‡∏≤‡πÑ‡∏°‡πà‡∏°‡∏µ‡∏Å‡∏≠‡∏á‡∏´‡∏¥‡∏ô‡∏´‡∏£‡∏∑‡∏≠‡∏™‡∏¥‡πà‡∏á‡πÉ‡∏î‡πÜ ‡∏°‡∏≤‡∏Å‡∏≠‡∏á‡∏ö‡∏ô‡∏ñ‡∏ô‡∏ô

‡∏ú‡∏π‡πâ‡∏£‡πâ‡∏≠‡∏á‡πÅ‡∏à‡πâ‡∏á‡∏ß‡πà‡∏≤‡∏õ‡∏±‡∏ç‡∏´‡∏≤‡∏¢‡∏±‡∏á‡πÑ‡∏°‡πà‡πÑ‡∏î‡πâ‡∏£‡∏±‡∏ö‡∏Å‡∏≤‡∏£‡πÅ‡∏Å‡πâ‡πÑ‡∏Ç ‡∏¢‡∏±‡∏á‡∏°‡∏µ‡∏Å‡∏≠‡∏á‡∏´‡∏¥‡∏ô‡∏ß‡∏≤‡∏á‡∏Å‡∏≠‡∏á‡πÑ‡∏ß‡πâ‡∏≠‡∏¢‡∏π‡πà‡πÄ‡∏ä‡πà‡∏ô‡πÄ‡∏î‡∏¥‡∏° ‡∏ï‡πâ‡∏≠‡∏á‡∏Å‡∏≤‡∏£‡πÉ‡∏´‡πâ‡πÄ‡∏à‡πâ‡∏≤‡∏´‡∏ô‡πâ‡∏≤‡∏ó‡∏µ‡πà‡∏ï‡∏£‡∏ß‡∏à‡∏™‡∏≠‡∏ö‡πÅ‡∏•‡∏∞‡∏î‡∏≥‡πÄ‡∏ô‡∏¥‡∏ô‡∏Å‡∏≤‡∏£‡∏≠‡∏µ‡∏Å‡∏Ñ‡∏£‡∏±‡πâ‡∏á
‡∏ã‡∏≠‡∏¢: ‡∏£‡∏≤‡∏°‡∏≠‡∏¥‡∏ô‡∏ó‡∏£‡∏≤ 79
‡∏ñ‡∏ô‡∏ô: ‡∏£‡∏≤‡∏°‡∏≠‡∏¥‡∏ô‡∏ó‡∏£‡∏≤
‡∏à‡∏∏‡∏î‡∏™‡∏±‡∏á‡πÄ‡∏Å‡∏ï: ‡πÄ‡∏Ç‡πâ‡∏≤‡∏°‡∏≤‡∏†‡∏≤‡∏¢‡πÉ‡∏ô‡∏ã‡∏≠‡∏¢‡∏õ‡∏£‡∏∞‡∏°‡∏≤‡∏ì 150 ‡πÄ‡∏°‡∏ï‡∏£ ‡∏ä‡πà‡∏ß‡∏á‡∏ö‡∏£‡∏¥‡πÄ‡∏ß‡∏ì‡∏™‡∏¥‡πâ‡∏ô‡∏™‡∏∏‡∏î‡∏ñ‡∏ô‡∏ô‡∏Ñ‡∏≠‡∏ô‡∏Å‡∏£‡∏µ‡∏ï ‡∏Å‡∏≠‡∏á‡∏´‡∏¥‡∏ô‡∏à‡∏∞‡∏≠‡∏¢‡∏π‡πà‡∏ï‡∏¥‡∏î‡∏Å‡∏±‡∏ö‡∏£‡∏±‡πâ‡∏ß‡∏™‡∏±‡∏á‡∏Å‡∏∞‡∏™‡∏µ‡∏Ç‡∏≠‡∏á‡πÇ‡∏£‡∏á‡∏á‡∏≤‡∏ô
‡πÄ‡∏Ç‡∏ï: ‡∏Ñ‡∏±‡∏ô‡∏ô‡∏≤‡∏¢‡∏≤‡∏ß
#1555",637,3,12,5,9,2024,100.66677,13.8371,12.46195016349537,0,35.0,24.0,100.0,47.0,1013.0,999.0
2024-8VUCXF,road,‡∏Ñ‡∏±‡∏ô‡∏ô‡∏≤‡∏¢‡∏≤‡∏ß,‡∏£‡∏≤‡∏°‡∏≠‡∏¥‡∏ô‡∏ó‡∏£‡∏≤,‡∏Å‡∏£‡∏∏‡∏á‡πÄ‡∏ó‡∏û‡∏°‡∏´‡∏≤‡∏ô‡∏Ñ‡∏£,high,"üì¢üîä ‡πÅ‡∏à‡πâ‡∏á‡∏õ‡πâ‡∏≤‡∏¢‡πÄ‡∏ñ‡∏∑‡πà‡∏≠‡∏ô ‡∏õ‡πâ‡∏≤‡∏¢‡∏Å‡∏≠‡∏á‡πÇ‡∏à‡∏£ üò± ‡∏ï‡∏¥‡∏î‡∏õ‡πâ‡∏≤‡∏¢ ‡∏ú‡∏¥‡∏î ‡∏û‡∏£‡∏ö.‡∏Ñ‡∏ß‡∏≤‡∏°‡∏™‡∏∞‡∏≠‡∏≤‡∏î ‡πÅ‡∏•‡∏∞‡∏Ñ‡∏ß‡∏≤‡∏°‡πÄ‡∏õ‡πá‡∏ô‡∏£‡∏∞‡πÄ‡∏ö‡∏µ‡∏¢‡∏ö‡πÄ‡∏£‡∏µ‡∏¢‡∏ö‡∏£‡πâ‡∏≠‡∏¢‡∏Ç‡∏≠‡∏á‡∏ö‡πâ‡∏≤‡∏ô‡πÄ‡∏°‡∏∑‡∏≠‡∏á‚ùåüò§üò†üôÖ‚Äç‚ôÄÔ∏èüôÖ‚Äç‚ôÇÔ∏è
üé§‡πÇ‡∏Ü‡∏©‡∏ì‡∏≤‡∏î‡πâ‡∏ß‡∏¢‡∏Å‡∏≤‡∏£‡∏õ‡∏¥‡∏î ‡∏ó‡∏¥‡πâ‡∏á ‡∏´‡∏£‡∏∑‡∏≠ ‡πÇ‡∏õ‡∏£‡∏¢‡πÅ‡∏ú‡πà‡∏ô‡∏õ‡∏£‡∏∞‡∏Å‡∏≤‡∏®‡∏´‡∏£‡∏∑‡∏≠‡πÉ‡∏ö‡∏õ‡∏•‡∏¥‡∏ß ‡πÉ‡∏ô‡∏ó‡∏µ‡πà‡∏™‡∏≤‡∏ò‡∏≤‡∏£‡∏ì‡∏∞ ‡πÇ‡∏î‡∏¢‡πÑ‡∏°‡πà‡πÑ‡∏î‡πâ‡∏£‡∏±‡∏ö‡∏≠‡∏ô‡∏∏‡∏ç‡∏≤‡∏ï‡∏°‡∏≤‡∏ï‡∏£‡∏≤ 10 ‡πÅ‡∏´‡πà‡∏á ‡∏û.‡∏£.‡∏ö.‡∏£‡∏±‡∏Å‡∏©‡∏≤‡∏Ñ‡∏ß‡∏≤‡∏°‡∏™‡∏∞‡∏≠‡∏≤‡∏î ‡∏û.‡∏®. ‡πí‡πï‡πì‡πï
üì∏
üìå‡∏ï‡∏£‡∏á ‡∏Ñ‡∏π‡πâ‡∏ö‡∏≠‡∏ô 17
üõ£Ô∏è‡∏ñ‡∏ô‡∏ô  ‡∏Ñ‡∏π‡πâ‡∏ö‡∏≠‡∏ô ‡∏Ç‡∏≤‡∏≠‡∏≠‡∏Å
üôèüë∑üë©‚Äçüîß‡∏Ç‡∏≠‡∏Ç‡∏≠‡∏ö‡∏Ñ‡∏∏‡∏ì ‡πÄ‡∏à‡πâ‡∏≤‡∏´‡∏ô‡πâ‡∏≤‡∏ó‡∏µ‡πà‡∏ó‡∏∏‡∏Å‡∏ó‡πà‡∏≤‡∏ô ‡πÉ‡∏ô‡∏Å‡∏≤‡∏£‡∏à‡∏±‡∏î‡∏Å‡∏≤‡∏£‡∏õ‡∏±‡∏ç‡∏´‡∏≤‡∏ô‡∏µ‡πâ‚úåÔ∏è‚úåÔ∏èüí™üëèüëèüëè",333,5,11,3,2,2024,100.66384,13.84674,12.46195016349537,0,37.0,22.0,94.0,30.0,1021.0,1007.0
2024-AQAQ9F,unknown,‡∏£‡∏≤‡∏ä‡πÄ‡∏ó‡∏ß‡∏µ,‡∏°‡∏±‡∏Å‡∏Å‡∏∞‡∏™‡∏±‡∏ô,‡∏Å‡∏£‡∏∏‡∏á‡πÄ‡∏ó‡∏û‡∏°‡∏´‡∏≤‡∏ô‡∏Ñ‡∏£,low,"‡∏ó‡∏µ‡πà‡πÑ‡∏°‡πà‡∏ã‡πà‡∏≠‡∏°‡πÄ‡∏û‡∏£‡∏≤‡∏∞ 
‡∏≠‡∏¢‡∏≤‡∏Å‡∏õ‡∏£‡∏∞‡∏à‡∏≤‡∏ô‡∏ï‡∏±‡∏ß‡πÄ‡∏≠‡∏á ‡∏´‡∏£‡∏∑‡∏≠‡πÄ‡∏õ‡∏•‡πà‡∏≤

‡πÄ‡∏´‡πá‡∏ô‡∏°‡∏≤ 1 ‡πÄ‡∏î‡∏∑‡∏≠‡∏ô ‡∏¢‡∏±‡∏á‡πÄ‡∏´‡∏°‡∏∑‡∏≠‡∏ô‡πÄ‡∏î‡∏¥‡∏° 
‡∏£‡∏≠‡πÄ‡∏û‡∏∑‡πâ‡∏≠ ??",85,0,4,22,4,2024,100.54295,13.76248,90.06795582402778,0,41.0,28.0,89.0,19.0,1012.0,1002.0
2024-8U6WCP,road,‡∏û‡∏£‡∏∞‡∏ô‡∏Ñ‡∏£,‡πÄ‡∏™‡∏≤‡∏ä‡∏¥‡∏á‡∏ä‡πâ‡∏≤,‡∏Å‡∏£‡∏∏‡∏á‡πÄ‡∏ó‡∏û‡∏°‡∏´‡∏≤‡∏ô‡∏Ñ‡∏£,high,"‡πÄ‡∏£‡∏µ‡∏¢‡∏ô ‡∏™‡∏≥‡∏ô‡∏±‡∏Å‡∏á‡∏≤‡∏ô‡∏£‡∏≠‡∏á‡πÄ‡∏•‡∏Ç‡∏≤‡∏ô‡∏∏‡∏Å‡∏≤‡∏£‡∏ú‡∏π‡πâ‡∏ß‡πà‡∏≤ 

‡∏ä‡πà‡∏ß‡∏¢‡∏™‡πà‡∏á‡πÄ‡∏à‡πâ‡∏≤‡∏´‡∏ô‡πâ‡∏≤‡∏ó‡∏µ‡πà‡∏°‡∏≤‡∏õ‡∏£‡∏±‡∏ö‡πÄ‡∏á‡∏¥‡∏ô‡∏£‡πâ‡∏≤‡∏ô‡∏Å‡πã‡∏ß‡∏¢‡πÄ‡∏ï‡∏µ‡πã‡∏¢‡∏ß ‡πÄ‡∏•‡∏Ç‡∏ó‡∏µ‡πà 105-107 ‡∏ñ‡∏ô‡∏ô‡∏´‡∏•‡∏ß‡∏á ‡πÄ‡πÄ‡∏Ç‡∏ß‡∏á‡∏ö‡πâ‡∏≤‡∏ô‡∏ö‡∏≤‡∏ï‡∏£ ‡πÄ‡∏Ç‡∏ï‡∏õ‡πâ‡∏≠‡∏°‡∏õ‡∏£‡∏≤‡∏ö ‡∏ó‡∏∏‡∏Å‡πÜ‡∏ß‡∏±‡∏ô ‡∏£‡πâ‡∏≤‡∏ô‡∏ô‡∏µ‡πâ‡∏ï‡∏±‡πâ‡∏á‡πÇ‡∏ï‡πä‡∏∞‡∏ö‡∏ô‡∏ó‡∏≤‡∏á‡πÄ‡∏ó‡πâ‡∏≤‡∏ó‡∏∏‡∏Å‡∏Ñ‡∏∑‡∏ô 18:00-22:00 ‡∏ó‡∏≤‡∏á‡πÄ‡∏ó‡∏®‡∏Å‡∏¥‡∏à‡πÄ‡∏Ç‡∏ï‡∏´‡∏ß‡∏≤‡∏î‡∏Å‡∏•‡∏±‡∏ß‡∏•‡∏π‡∏Å‡∏Ñ‡πâ‡∏≤‡∏Ç‡∏≠‡∏á‡∏£‡πâ‡∏≤‡∏ô‡∏ô‡∏µ‡πâ‡∏ó‡∏µ‡πà‡πÄ‡∏õ‡πá‡∏ô‡πÄ‡πÄ‡∏Å‡∏á‡∏Ñ‡πå‡∏ã‡∏¥‡πà‡∏á‡∏£‡∏ñ ‡∏à‡∏ô‡πÑ‡∏°‡πà‡∏Å‡∏•‡πâ‡∏≤‡∏°‡∏≤‡∏î‡∏≥‡πÄ‡∏ô‡∏¥‡∏ô‡∏Å‡∏≤‡∏£",254,4,8,30,8,2024,100.50183,13.75388,12.46195016349537,1,36.0,24.0,100.0,44.0,1012.0,1002.0
PH4TG3,lighting,‡∏ó‡∏∏‡πà‡∏á‡∏Ñ‡∏£‡∏∏,‡∏ó‡∏∏‡πà‡∏á‡∏Ñ‡∏£‡∏∏,‡∏Å‡∏£‡∏∏‡∏á‡πÄ‡∏ó‡∏û‡∏°‡∏´‡∏≤‡∏ô‡∏Ñ‡∏£,high,"‡∏õ‡∏±‡∏ç‡∏´‡∏≤: ‡∏†‡∏≤‡∏¢‡πÉ‡∏ô‡∏´‡∏°‡∏π‡πà‡∏ö‡πâ‡∏≤‡∏ô‡∏î‡∏±‡∏á‡∏Å‡∏•‡πà‡∏≤‡∏ß ‡∏û‡∏ö‡∏î‡∏ß‡∏á‡πÑ‡∏ü‡∏ü‡πâ‡∏≤‡∏™‡πà‡∏≠‡∏á‡∏™‡∏ß‡πà‡∏≤‡∏á‡∏ó‡∏≤‡∏á ‡∏°‡∏µ‡πÅ‡∏™‡∏á‡∏™‡∏ß‡πà‡∏≤‡∏á‡πÑ‡∏°‡πà‡πÄ‡∏û‡∏µ‡∏¢‡∏á‡∏û‡∏≠ 
‡∏à‡∏∏‡∏î‡∏ó‡∏µ‡πà 1 ‡∏´‡∏ô‡πâ‡∏≤‡∏ö‡πâ‡∏≤‡∏ô‡πÄ‡∏•‡∏Ç‡∏ó‡∏µ‡πà 83/104
‡∏à‡∏∏‡∏î‡∏ó‡∏µ‡πà 2 ‡∏´‡∏ô‡πâ‡∏≤‡∏ö‡πâ‡∏≤‡∏ô‡πÄ‡∏•‡∏Ç‡∏ó‡∏µ‡πà 83/98
‡∏ó‡∏≥‡πÉ‡∏´‡πâ‡∏ö‡∏£‡∏¥‡πÄ‡∏ß‡∏ì‡∏î‡∏±‡∏á‡∏Å‡∏•‡πà‡∏≤‡∏ß‡∏Ñ‡πà‡∏≠‡∏ô‡∏Ç‡πâ‡∏≤‡∏á‡∏°‡∏∑‡∏î‡∏°‡∏≤‡∏Å ‡∏à‡∏∂‡∏á‡∏Ç‡∏≠‡πÉ‡∏´‡πâ‡πÄ‡∏õ‡∏•‡∏µ‡πà‡∏¢‡∏ô‡πÄ‡∏õ‡πá‡∏ô‡∏´‡∏•‡∏≠‡∏î‡∏£‡∏∏‡πà‡∏ô‡πÉ‡∏´‡∏°‡πà 
‡∏≠‡πâ‡∏≤‡∏á‡∏≠‡∏¥‡∏á‡πÄ‡∏•‡∏Ç‡∏ó‡∏µ‡πà‡∏£‡∏±‡∏ö‡πÅ‡∏à‡πâ‡∏á 92VWEV ‡πÄ‡∏à‡πâ‡∏≤‡∏´‡∏ô‡πâ‡∏≤‡∏ó‡∏µ‡πà‡∏ï‡∏≠‡∏ö‡∏Å‡∏•‡∏±‡∏ö‡∏°‡∏≤‡πÄ‡∏°‡∏∑‡πà‡∏≠‡∏ß‡∏±‡∏ô‡∏ó‡∏µ‡πà ‡∏û. 6 ‡∏°‡∏µ.‡∏Ñ. 67 ‡πÄ‡∏™‡∏£‡πá‡∏à‡∏™‡∏¥‡πâ‡∏ô  ‡πÅ‡∏à‡πâ‡∏á‡∏ß‡πà‡∏≤ ‡∏ï‡∏£‡∏ß‡∏à‡∏™‡∏≠‡∏ö‡πÅ‡∏•‡πâ‡∏ß‡∏û‡∏ö‡∏ß‡πà‡∏≤‡∏°‡∏µ‡πÅ‡∏™‡∏á‡∏™‡∏ß‡πà‡∏≤‡∏á‡πÄ‡∏û‡∏µ‡∏¢‡∏á‡∏û‡∏≠ ‡πÑ‡∏ü‡πÉ‡∏ä‡πâ‡∏á‡∏≤‡∏ô‡πÑ‡∏î‡πâ‡∏õ‡∏Å‡∏ï‡∏¥ ‡∏£‡∏≤‡∏¢‡∏•‡∏∞‡πÄ‡∏≠‡∏µ‡∏¢‡∏î‡∏ï‡∏≤‡∏°‡∏£‡∏π‡∏õ‡∏ó‡∏µ‡πà‡πÅ‡∏ô‡∏ö

‡∏õ‡∏±‡∏à‡∏à‡∏∏‡∏ö‡∏±‡∏ô‡∏ú‡∏π‡πâ‡∏£‡πâ‡∏≠‡∏á‡πÅ‡∏à‡πâ‡∏á‡∏ß‡πà‡∏≤ ‡∏¢‡∏±‡∏á‡∏Ñ‡∏á‡∏¢‡∏∑‡∏ô‡∏¢‡∏±‡∏ô‡∏ß‡πà‡∏≤ ‡∏Ç‡∏≠‡πÉ‡∏´‡πâ‡πÄ‡∏õ‡∏•‡∏µ‡πà‡∏¢‡∏ô‡πÄ‡∏õ‡πá‡∏ô‡∏´‡∏•‡∏≠‡∏î‡πÑ‡∏ü‡πÉ‡∏´‡∏°‡πà‡πÉ‡∏´‡πâ‡∏™‡∏ß‡πà‡∏≤‡∏á‡∏°‡∏≤‡∏Å‡∏Å‡∏ß‡πà‡∏≤‡∏ô‡∏µ‡πâ ‡πÄ‡∏ô‡∏∑‡πà‡∏≠‡∏á‡∏à‡∏≤‡∏Å‡∏´‡∏•‡∏≠‡∏î‡πÑ‡∏ü‡πÄ‡∏î‡∏¥‡∏°‡πÅ‡∏™‡∏á‡∏™‡∏ß‡πà‡∏≤‡∏á‡πÑ‡∏°‡πà‡πÄ‡∏û‡∏µ‡∏¢‡∏á‡∏û‡∏≠
‡∏´‡∏°‡∏π‡πà‡∏ö‡πâ‡∏≤‡∏ô:  ‡∏ß‡∏¥‡πÄ‡∏®‡∏©‡∏™‡∏∏‡∏Ç‡∏ô‡∏Ñ‡∏£
‡∏ã‡∏≠‡∏¢: ‡∏õ‡∏£‡∏∞‡∏ä‡∏≤‡∏≠‡∏∏‡∏ó‡∏¥‡∏® 79
‡∏ñ‡∏ô‡∏ô: ‡∏õ‡∏£‡∏∞‡∏ä‡∏≤‡∏≠‡∏∏‡∏ó‡∏¥‡∏® 
‡∏à‡∏∏‡∏î‡∏™‡∏±‡∏á‡πÄ‡∏Å‡∏ï: ‡∏´‡∏°‡∏π‡πà‡∏ö‡πâ‡∏≤‡∏ô‡∏ß‡∏¥‡πÄ‡∏®‡∏©‡∏™‡∏∏‡∏Ç‡∏ô‡∏Ñ‡∏£ ‡∏ã‡∏≠‡∏¢ 4 (‡∏ã‡∏≠‡∏¢‡∏ï‡∏±‡∏ô)
‡πÄ‡∏Ç‡∏ï: ‡∏ó‡∏∏‡πà‡∏á‡∏Ñ‡∏£‡∏∏
#1555",614,4,11,8,3,2024,100.51334,13.63379,73.68319893052893,0,39.0,25.0,94.0,20.0,1016.0,1005.0
2024-BWTUHC,road,‡∏ö‡∏≤‡∏á‡∏ã‡∏∑‡πà‡∏≠,‡∏ß‡∏á‡∏®‡πå‡∏™‡∏ß‡πà‡∏≤‡∏á,‡∏Å‡∏£‡∏∏‡∏á‡πÄ‡∏ó‡∏û‡∏°‡∏´‡∏≤‡∏ô‡∏Ñ‡∏£,high,‡∏õ‡πâ‡∏≤‡∏¢‡πÇ‡∏Ü‡∏©‡∏ì‡∏≤‡∏Ñ‡∏£‡∏±‡∏ö,13,1,8,23,4,2024,100.52722,13.82921,12.46195016349537,0,41.0,28.0,89.0,19.0,1012.0,1002.0
2024-8URKU8,road,‡∏ö‡∏≤‡∏á‡∏Å‡∏≠‡∏Å‡∏ô‡πâ‡∏≠‡∏¢,‡∏ö‡∏≤‡∏á‡∏Ç‡∏∏‡∏ô‡∏®‡∏£‡∏µ,‡∏Å‡∏£‡∏∏‡∏á‡πÄ‡∏ó‡∏û‡∏°‡∏´‡∏≤‡∏ô‡∏Ñ‡∏£,high,‡∏Ç‡∏±‡∏ö‡∏Ç‡∏µ‡πà‡∏ö‡∏ô‡∏ó‡∏≤‡∏á‡πÄ‡∏ó‡πâ‡∏≤,15,1,13,16,7,2024,100.47106,13.76087,12.46195016349537,0,36.0,24.0,100.0,47.0,1012.0,1001.0
9U2WH3,road,‡∏ß‡∏±‡∏í‡∏ô‡∏≤,‡∏Ñ‡∏•‡∏≠‡∏á‡∏ï‡∏±‡∏ô‡πÄ‡∏´‡∏ô‡∏∑‡∏≠,‡∏Å‡∏£‡∏∏‡∏á‡πÄ‡∏ó‡∏û‡∏°‡∏´‡∏≤‡∏ô‡∏Ñ‡∏£,high,"‡∏õ‡∏±‡∏ç‡∏´‡∏≤: ‡∏ö‡∏£‡∏¥‡πÄ‡∏ß‡∏ì‡∏ó‡∏≤‡∏á‡πÄ‡∏Ç‡πâ‡∏≤‡∏ä‡∏∏‡∏°‡∏ä‡∏ô‡πÅ‡∏à‡πà‡∏°‡∏à‡∏±‡∏ô‡∏ó‡∏£‡πå ‡∏û‡∏ö‡∏°‡∏µ‡∏£‡πâ‡∏≤‡∏ô‡∏Ç‡∏≤‡∏¢‡∏Ç‡∏≠‡∏á‡∏ä‡∏≥ ‡∏ï‡∏±‡πâ‡∏á‡∏ß‡∏≤‡∏á‡∏™‡∏¥‡πà‡∏á‡∏Ç‡∏≠‡∏á‡∏Å‡∏µ‡∏î‡∏Ç‡∏ß‡∏≤‡∏á‡∏ó‡∏≤‡∏á‡∏à‡∏£‡∏≤‡∏à‡∏£ ‡∏ó‡∏≥‡πÉ‡∏´‡πâ‡∏Ç‡∏±‡∏ö‡∏£‡∏ñ‡∏™‡∏±‡∏ç‡∏à‡∏£‡πÄ‡∏Ç‡πâ‡∏≤‡∏≠‡∏≠‡∏Å‡∏ä‡∏∏‡∏°‡∏ä‡∏ô‡∏•‡∏≥‡∏ö‡∏≤‡∏Å
‡∏ã‡∏≠‡∏¢: ‡∏ó‡∏≠‡∏á‡∏´‡∏•‡πà‡∏≠ 20 (‡∏ä‡∏∏‡∏°‡∏ä‡∏ô‡πÅ‡∏à‡πà‡∏°‡∏à‡∏±‡∏ô‡∏ó‡∏£‡πå)
‡∏ñ‡∏ô‡∏ô: ‡∏ó‡∏≠‡∏á‡∏´‡∏•‡πà‡∏≠
‡∏à‡∏∏‡∏î‡∏™‡∏±‡∏á‡πÄ‡∏Å‡∏ï: ‡πÄ‡∏Ç‡πâ‡∏≤‡∏°‡∏≤‡∏ó‡∏≤‡∏á‡∏î‡πâ‡∏≤‡∏ô‡∏Ç‡πâ‡∏≤‡∏á‡∏Ñ‡∏≠‡∏ô‡πÇ‡∏î ‡∏ä‡∏µ‡∏ß‡∏≤‡∏ó‡∏±‡∏¢ ‡πÄ‡∏£‡∏™‡∏ã‡∏¥‡πÄ‡∏î‡∏ô‡∏ã‡πå ‡∏ó‡∏≠‡∏á‡∏´‡∏•‡πà‡∏≠
‡πÄ‡∏Ç‡∏ï: ‡∏ß‡∏±‡∏í‡∏ô‡∏≤
#1555",241,4,1,16,2,2024,100.58694,13.74025,12.46195016349537,0,37.0,22.0,94.0,30.0,1021.0,1007.0
2024-P8C4G6,road,‡∏ö‡∏≤‡∏á‡∏ô‡∏≤,‡∏ö‡∏≤‡∏á‡∏ô‡∏≤‡πÄ‡∏´‡∏ô‡∏∑‡∏≠,‡∏Å‡∏£‡∏∏‡∏á‡πÄ‡∏ó‡∏û‡∏°‡∏´‡∏≤‡∏ô‡∏Ñ‡∏£,high,‡∏ñ‡∏ô‡∏ô‡∏ä‡∏≥‡∏£‡∏∏‡∏î‡∏ù‡∏≤‡∏ó‡πà‡∏≠‡πÄ‡∏õ‡πá‡∏ô‡∏´‡∏•‡∏∏‡∏°,21,6,12,3,3,2024,100.6417,13.65622,12.46195016349537,1,39.0,25.0,94.0,20.0,1016.0,1005.0
2024-9DU3MV,cleaning,‡∏´‡πâ‡∏ß‡∏¢‡∏Ç‡∏ß‡∏≤‡∏á,‡∏™‡∏≤‡∏°‡πÄ‡∏™‡∏ô‡∏ô‡∏≠‡∏Å,‡∏Å‡∏£‡∏∏‡∏á‡πÄ‡∏ó‡∏û‡∏°‡∏´‡∏≤‡∏ô‡∏Ñ‡∏£,mid,‡∏ã‡∏≠‡∏¢‡∏ß‡∏±‡∏í‡∏ô‡∏≤‡∏ô‡∏¥‡πÄ‡∏ß‡∏®‡∏ô‡πå 4 ‡πÅ‡∏¢‡∏Å 2 ‡πÄ‡∏Ç‡∏ï‡∏´‡πâ‡∏ß‡∏¢‡∏Ç‡∏ß‡∏≤‡∏á   ‡∏û‡∏ô‡∏±‡∏Å‡∏á‡∏≤‡∏ô‡∏à‡∏∞‡∏°‡∏≤‡πÄ‡∏Å‡πá‡∏ö‡∏Ç‡∏¢‡∏∞‡∏™‡∏±‡∏õ‡∏î‡∏≤‡∏´‡πå‡∏•‡∏∞‡∏Ñ‡∏£‡∏±‡πâ‡∏á ‡∏≠‡∏±‡∏á‡∏Ñ‡∏≤‡∏£‡∏´‡∏£‡∏∑‡∏≠‡∏û‡∏∏‡∏ò  ‡∏û‡∏ö‡∏ß‡πà‡∏≤‡∏û‡∏ô‡∏±‡∏Å‡∏á‡∏≤‡∏ô‡∏•‡∏∞‡πÄ‡∏ß‡πâ‡∏ô‡πÑ‡∏°‡πà‡πÄ‡∏Å‡πá‡∏ö‡∏Ç‡∏¢‡∏∞‡∏´‡∏ô‡πâ‡∏≤‡∏ö‡πâ‡∏≤‡∏ô‡∏ó‡∏µ‡πà‡∏Å‡∏≥‡∏•‡∏±‡∏á‡∏Å‡πà‡∏≠‡∏™‡∏£‡πâ‡∏≤‡∏á ‡∏ô‡∏≤‡∏ô‡πÄ‡∏õ‡πá‡∏ô‡πÄ‡∏î‡∏∑‡∏≠‡∏ô ‡∏à‡∏ô‡∏™‡πà‡∏á‡∏Å‡∏•‡∏¥‡πà‡∏ô‡πÄ‡∏´‡∏°‡πá‡∏ô‡πÄ‡∏ß‡∏•‡∏≤‡∏•‡∏°‡∏û‡∏±‡∏î‡πÄ‡∏Ç‡πâ‡∏≤‡∏°‡∏≤‡∏ö‡πâ‡∏≤‡∏ô‡πÉ‡∏Å‡∏•‡πâ‡πÄ‡∏Ñ‡∏µ‡∏¢‡∏á ‡πÄ‡∏Ñ‡∏¢‡πÇ‡∏ó‡∏£‡πÅ‡∏à‡πâ‡∏á‡πÄ‡∏Ç‡∏ï‡∏´‡πâ‡∏ß‡∏¢‡∏Ç‡∏ß‡∏≤‡∏á‡πÄ‡∏°‡∏∑‡πà‡∏≠‡∏ß‡∏±‡∏ô‡∏à‡∏±‡∏ô‡∏ó‡∏£‡πå‡∏ó‡∏µ‡πà 1 ‡∏Å‡∏Ñ ‡πÄ‡∏à‡πâ‡∏≤‡∏´‡∏ô‡πâ‡∏≤‡∏ó‡∏µ‡πà‡∏£‡∏±‡∏ö‡πÄ‡∏£‡∏∑‡πà‡∏≠‡∏á ‡πÅ‡∏ï‡πà‡∏Å‡πá‡πÑ‡∏°‡πà‡πÄ‡∏õ‡πá‡∏ô‡∏ú‡∏•  ‡∏Ç‡∏¢‡∏∞‡∏¢‡∏±‡∏á‡∏Ñ‡∏á‡∏Å‡∏≠‡∏á‡πÄ‡∏´‡∏°‡∏∑‡∏≠‡∏ô‡πÄ‡∏î‡∏¥‡∏°  ‡∏Å‡∏£‡∏∏‡∏ì‡∏≤‡πÄ‡∏Å‡πá‡∏ö‡πÉ‡∏´‡πâ‡∏î‡πâ‡∏ß‡∏¢‡∏Ñ‡∏£‡∏±‡∏ö,320,2,11,3,7,2024,100.58017,13.79558,11.866649166648148,0,36.0,24.0,100.0,47.0,1012.0,1001.0
2024-DC7YXU,road,‡∏ö‡∏≤‡∏á‡∏û‡∏•‡∏±‡∏î,‡∏ö‡∏≤‡∏á‡∏≠‡πâ‡∏≠,‡∏Å‡∏£‡∏∏‡∏á‡πÄ‡∏ó‡∏û‡∏°‡∏´‡∏≤‡∏ô‡∏Ñ‡∏£,high,"‡πÄ‡∏°‡∏∑‡πà‡∏≠‡∏ô‡∏≥‡∏™‡∏≤‡∏¢‡∏•‡∏á‡πÉ‡∏ï‡πâ‡∏î‡∏¥‡∏ô ‡∏ñ‡∏≠‡∏ô‡πÄ‡∏™‡∏≤‡πÄ‡∏î‡∏¥‡∏°‡πÅ‡∏•‡πâ‡∏ß ‡∏≠‡∏¢‡∏≤‡∏Å‡πÉ‡∏´‡πâ‡∏ï‡∏¥‡∏î‡∏ï‡∏±‡πâ‡∏á‡πÄ‡∏™‡∏≤‡πÉ‡∏´‡∏°‡πà‡πÅ‡∏ö‡∏ö smart pole ‡∏ó‡∏µ‡πà‡πÄ‡∏™‡∏≤‡πÄ‡∏î‡∏µ‡∏¢‡∏ß‡∏°‡∏µ‡∏ó‡∏±‡πâ‡∏á‡πÑ‡∏ü‡∏™‡πà‡∏≠‡∏á‡∏™‡∏ß‡πà‡∏≤‡∏á‡∏ñ‡∏ô‡∏ô‡πÅ‡∏•‡∏∞‡∏ó‡∏≤‡∏á‡πÄ‡∏ó‡πâ‡∏≤ ,‡∏Å‡∏•‡πâ‡∏≠‡∏á‡∏ß‡∏á‡∏à‡∏£‡∏õ‡∏¥‡∏î AI ‡∏à‡∏±‡∏ö‡∏†‡∏≤‡∏û‡∏´‡∏ô‡πâ‡∏≤‡∏ö‡∏∏‡∏Ñ‡∏Ñ‡∏•‡πÅ‡∏•‡∏∞‡∏ó‡∏∞‡πÄ‡∏ö‡∏µ‡∏¢‡∏ô‡∏£‡∏ñ ‡∏à‡∏¢‡∏¢.,‡πÄ‡∏Ñ‡∏£‡∏∑‡πà‡∏≠‡∏á‡∏ß‡∏±‡∏î‡∏ù‡∏∏‡πà‡∏ô,‡πÑ‡∏ß‡πÑ‡∏ü‡∏ü‡∏£‡∏µ,SOS ‡∏Ñ‡∏£‡∏±‡∏ö",193,5,12,4,5,2024,100.51077,13.79998,12.46195016349537,1,40.0,24.0,100.0,29.0,1014.0,1001.0
F8FL9C,road,‡∏û‡∏£‡∏∞‡πÇ‡∏Ç‡∏ô‡∏á,‡∏ö‡∏≤‡∏á‡∏à‡∏≤‡∏Å,‡∏Å‡∏£‡∏∏‡∏á‡πÄ‡∏ó‡∏û‡∏°‡∏´‡∏≤‡∏ô‡∏Ñ‡∏£,high,"‡∏õ‡∏±‡∏ç‡∏´‡∏≤: ‡∏†‡∏≤‡∏¢‡πÉ‡∏ô‡∏ã‡∏≠‡∏¢‡∏î‡∏±‡∏á‡∏Å‡∏•‡πà‡∏≤‡∏ß ‡∏û‡∏ö‡πÇ‡∏Ñ‡∏£‡∏á‡∏Å‡∏≤‡∏£ (‡πÑ‡∏°‡πà‡∏ó‡∏£‡∏≤‡∏ö‡∏ä‡∏∑‡πà‡∏≠) ‡∏°‡∏µ‡∏Å‡∏≤‡∏£‡∏Å‡πà‡∏≠‡∏™‡∏£‡πâ‡∏≤‡∏á‡∏≠‡∏≤‡∏Ñ‡∏≤‡∏£‡πÅ‡∏•‡∏∞‡πÑ‡∏°‡πà‡∏°‡∏µ‡∏Å‡∏≤‡∏£‡∏õ‡πâ‡∏≠‡∏á‡∏Å‡∏±‡∏ô‡∏ù‡∏∏‡πà‡∏ô‡∏Ñ‡∏£‡∏ö‡∏ó‡∏∏‡∏Å‡∏î‡πâ‡∏≤‡∏ô ‡∏°‡∏µ‡∏Å‡∏≤‡∏£‡∏õ‡πâ‡∏≠‡∏á‡∏Å‡∏±‡∏ô‡πÄ‡∏û‡∏µ‡∏¢‡∏á 3 ‡∏î‡πâ‡∏≤‡∏ô ‡πÅ‡∏•‡∏∞‡∏≠‡∏µ‡∏Å‡∏î‡πâ‡∏≤‡∏ô‡πÑ‡∏°‡πà‡∏°‡∏µ‡∏Å‡∏≤‡∏£‡∏õ‡πâ‡∏≠‡∏á‡∏Å‡∏±‡∏ô ‡∏à‡∏∂‡∏á‡∏ó‡∏≥‡πÉ‡∏´‡πâ‡∏ù‡∏∏‡πà‡∏ô‡∏ü‡∏∏‡πâ‡∏á‡∏Å‡∏£‡∏∞‡∏à‡∏≤‡∏¢‡πÑ‡∏õ‡∏ó‡∏±‡πà‡∏ß‡∏ö‡∏£‡∏¥‡πÄ‡∏ß‡∏ì  ‡∏û‡∏ö‡∏õ‡∏±‡∏ç‡∏´‡∏≤‡∏ô‡∏≤‡∏ô 10 ‡∏ß‡∏±‡∏ô‡πÅ‡∏•‡πâ‡∏ß ‡∏ó‡∏≥‡πÉ‡∏´‡πâ‡πÑ‡∏î‡πâ‡∏£‡∏±‡∏ö‡∏Ñ‡∏ß‡∏≤‡∏°‡πÄ‡∏î‡∏∑‡∏≠‡∏î‡∏£‡πâ‡∏≠‡∏ô‡∏≠‡∏¢‡πà‡∏≤‡∏á‡∏°‡∏≤‡∏Å
1 ‡∏Ç‡∏≠‡πÉ‡∏´‡πâ‡πÄ‡∏£‡πà‡∏á‡∏ï‡∏¥‡∏î‡∏ï‡∏±‡πâ‡∏á‡∏ß‡∏±‡∏™‡∏î‡∏∏‡∏õ‡πâ‡∏≠‡∏á‡∏Å‡∏±‡∏ô‡∏ù‡∏∏‡πà‡∏ô‡∏•‡∏∞‡∏≠‡∏≠‡∏á
2 ‡∏Å‡∏≤‡∏£‡∏Å‡πà‡∏≠‡∏™‡∏£‡πâ‡∏≤‡∏á‡πÉ‡∏ô‡∏ß‡∏±‡∏ô‡∏´‡∏¢‡∏∏‡∏î‡∏™‡∏≤‡∏°‡∏≤‡∏£‡∏ñ‡∏ó‡∏≥‡πÑ‡∏î‡πâ‡∏´‡∏£‡∏∑‡∏≠‡πÑ‡∏°‡πà
3 ‡∏ï‡πâ‡∏≠‡∏á‡∏Å‡∏≤‡∏£‡∏ó‡∏£‡∏≤‡∏ö‡∏£‡∏∞‡∏¢‡∏∞‡πÄ‡∏ß‡∏•‡∏≤‡∏Å‡πà‡∏≠‡∏™‡∏£‡πâ‡∏≤‡∏á‡∏ß‡πà‡∏≤‡∏à‡∏∞‡πÅ‡∏•‡πâ‡∏ß‡πÄ‡∏™‡∏£‡πá‡∏à‡πÄ‡∏°‡∏∑‡πà‡∏≠‡πÉ‡∏î
‡∏ã‡∏≠‡∏¢: ‡∏™‡∏∏‡∏Ç‡∏∏‡∏°‡∏ß‡∏¥‡∏ó 101/1
‡∏ñ‡∏ô‡∏ô: ‡∏™‡∏∏‡∏Ç‡∏∏‡∏°‡∏ß‡∏¥‡∏ó
‡∏à‡∏∏‡∏î‡∏™‡∏±‡∏á‡πÄ‡∏Å‡∏ï: ‡πÄ‡∏õ‡πá‡∏ô‡∏ã‡∏≠‡∏¢‡∏¢‡πà‡∏≠‡∏¢‡∏ß‡∏±‡∏î‡∏ò‡∏£‡∏£‡∏°‡∏°‡∏á‡∏Ñ‡∏• (‡πÑ‡∏°‡πà‡∏ó‡∏£‡∏≤‡∏ö‡∏ä‡∏∑‡πà‡∏≠) ‡∏à‡∏∏‡∏î‡∏ó‡∏µ‡πà‡∏™‡∏£‡πâ‡∏≤‡∏á‡πÄ‡∏õ‡πá‡∏ô‡∏Ñ‡∏•‡∏≠‡∏á‡∏£‡∏∞‡∏ö‡∏≤‡∏¢‡∏ô‡πâ‡∏≥ ‡∏≠‡∏¢‡∏π‡πà‡∏£‡∏∞‡∏´‡∏ß‡πà‡∏≤‡∏á‡∏ã‡∏≠‡∏¢‡∏™‡∏∏‡∏Ç‡∏∏‡∏°‡∏ß‡∏¥‡∏ó 101 ‡πÅ‡∏•‡∏∞ ‡∏™‡∏∏‡∏Ç‡∏∏‡∏°‡∏ß‡∏¥‡∏ó 101/1 ‡∏ã‡∏∂‡πà‡∏á‡∏î‡πâ‡∏≤‡∏ô‡∏Ç‡πâ‡∏≤‡∏á‡∏≠‡∏¢‡∏π‡πà‡∏ï‡∏¥‡∏î‡∏Å‡∏±‡∏ö‡πÇ‡∏Ñ‡∏£‡∏á‡∏Å‡∏≤‡∏£ True Digital  Park
‡πÄ‡∏Ç‡∏ï: ‡∏û‡∏£‡∏∞‡πÇ‡∏Ç‡∏ô‡∏á
#1555",597,0,7,8,4,2024,100.61417,13.68751,12.46195016349537,1,41.0,28.0,89.0,19.0,1012.0,1002.0
JY8UMG,road,‡∏ö‡∏∂‡∏á‡∏Å‡∏∏‡πà‡∏°,‡∏Ñ‡∏•‡∏≠‡∏á‡∏Å‡∏∏‡πà‡∏°,‡∏Å‡∏£‡∏∏‡∏á‡πÄ‡∏ó‡∏û‡∏°‡∏´‡∏≤‡∏ô‡∏Ñ‡∏£,high,"‡∏õ‡∏±‡∏ç‡∏´‡∏≤: ‡∏≠‡∏≤‡∏Ñ‡∏≤‡∏£‡πÄ‡∏•‡∏Ç‡∏ó‡∏µ‡πà 21/815 ‡∏™‡∏∏‡∏î‡∏≠‡∏≤‡∏Ñ‡∏≤‡∏£‡∏°‡∏µ‡∏Å‡∏≤‡∏£‡∏ß‡∏≤‡∏á‡πÄ‡∏®‡∏©‡πÑ‡∏°‡πâ‡πÄ‡∏®‡∏©‡∏ß‡∏±‡∏™‡∏î‡∏∏‡∏Ç‡∏≠‡∏á‡πÅ‡∏≠‡∏£‡πå‡πÄ‡∏û‡∏£‡∏≤‡∏∞‡∏ú‡∏π‡πâ‡∏≠‡∏¢‡∏π‡πà‡∏≠‡∏≤‡∏Ñ‡∏≤‡∏£‡∏î‡∏±‡∏á‡∏Å‡∏•‡πà‡∏≤‡∏ß‡πÄ‡∏õ‡πá‡∏ô‡∏ä‡πà‡∏≤‡∏á‡πÅ‡∏≠‡∏£‡πå ‡∏ó‡∏≥‡πÉ‡∏´‡πâ‡∏™‡πà‡∏á‡∏Å‡∏•‡∏¥‡πà‡∏ô‡∏£‡∏ö‡∏Å‡∏ß‡∏ô‡∏õ‡∏£‡∏∞‡∏ä‡∏≤‡∏ä‡∏ô ‡πÅ‡∏•‡∏∞‡πÄ‡∏õ‡∏¥‡∏î‡πÄ‡∏û‡∏•‡∏á‡πÄ‡∏™‡∏µ‡∏¢‡∏á‡∏î‡∏±‡∏á‡∏£‡∏ö‡∏Å‡∏ß‡∏ô‡πÄ‡∏ß‡∏•‡∏≤‡∏û‡∏±‡∏Å‡∏ú‡πà‡∏≠‡∏ô‡∏ä‡πà‡∏ß‡∏á 24.00-01.00 ‡∏ô. ‡∏ö‡∏≤‡∏á‡∏Ñ‡∏£‡∏±‡πâ‡∏á‡∏ä‡πà‡∏ß‡∏á‡πÄ‡∏ä‡πâ‡∏≤‡πÄ‡∏ß‡∏•‡∏≤ 7.00-09.00 ‡∏ô.
‡∏ö‡πâ‡∏≤‡∏ô‡πÄ‡∏•‡∏Ç‡∏ó‡∏µ‡πà: 21/815
‡∏ã‡∏≠‡∏¢: ‡∏ô‡∏ß‡∏°‡∏¥‡∏ô‡∏ó‡∏£‡πå 42 ‡πÅ‡∏¢‡∏Å 14
‡∏ñ‡∏ô‡∏ô: ‡∏ô‡∏ß‡∏°‡∏¥‡∏ô‡∏ó‡∏£‡πå 
‡∏à‡∏∏‡∏î‡∏™‡∏±‡∏á‡πÄ‡∏Å‡∏ï: ‡∏≠‡∏¢‡∏π‡πà‡∏õ‡∏≤‡∏Å‡∏ã‡∏≠‡∏¢‡πÅ‡∏¢‡∏Å‡∏î‡∏±‡∏á‡∏Å‡∏•‡πà‡∏≤‡∏ß‡πÄ‡∏õ‡πá‡∏ô‡∏≠‡∏≤‡∏Ñ‡∏≤‡∏£ 2 ‡∏ä‡∏±‡πâ‡∏ô
‡πÄ‡∏Ç‡∏ï: ‡∏ö‡∏∂‡∏á‡∏Å‡∏∏‡πà‡∏°
#1555",343,0,9,8,4,2024,100.65886,13.79829,12.46195016349537,0,41.0,28.0,89.0,19.0,1012.0,1002.0
2024-3PW84N,road,‡∏à‡∏ï‡∏∏‡∏à‡∏±‡∏Å‡∏£,‡∏à‡∏≠‡∏°‡∏û‡∏•,‡∏Å‡∏£‡∏∏‡∏á‡πÄ‡∏ó‡∏û‡∏°‡∏´‡∏≤‡∏ô‡∏Ñ‡∏£,high,‡∏™‡∏ß‡∏±‡∏™‡∏î‡∏µ‡∏Ñ‡∏£‡∏±‡∏ö ‡∏≠‡∏¢‡∏≤‡∏Å‡∏£‡πâ‡∏≠‡∏á‡πÄ‡∏£‡∏µ‡∏¢‡∏ô‡πÄ‡∏£‡∏∑‡πà‡∏≠‡∏á‡πÇ‡∏Ñ‡∏£‡∏á‡∏Å‡∏≤‡∏£‡∏Å‡πà‡∏≠‡∏™‡∏£‡πâ‡∏≤‡∏á ‡∏õ‡∏¥‡∏î‡∏ó‡∏≤‡∏á‡πÄ‡∏Ç‡πâ‡∏≤‡∏≠‡∏≠‡∏Å‡∏£‡πâ‡∏≤‡∏ô‡∏Ñ‡πâ‡∏≤‡∏Ñ‡∏£‡∏±‡∏ö ‡πÇ‡∏Ñ‡∏£‡∏á‡∏Å‡∏≤‡∏£‡∏´‡∏°‡∏≠‡∏ä‡∏¥‡∏ï‡∏Ñ‡∏≠‡∏°‡πÄ‡∏û‡∏•‡πá‡∏Å‡πÄ‡∏Ç‡∏ï‡∏à‡∏ï‡∏∏‡∏à‡∏±‡∏Å‡∏£ ‡∏ñ‡∏ô‡∏ô‡∏û‡∏´‡∏•‡πÇ‡∏¢‡∏ò‡∏¥‡∏ô‡∏Ñ‡∏£‡∏±‡∏ö ‡∏ó‡∏≥‡πÉ‡∏´‡πâ‡∏Å‡∏≤‡∏£‡∏Ñ‡πâ‡∏≤‡∏Ç‡∏≤‡∏¢‡πÑ‡∏°‡πà‡∏î‡∏µ‡πÄ‡∏´‡∏°‡∏∑‡∏≠‡∏ô‡πÄ‡∏î‡∏¥‡∏° ‡∏ï‡πâ‡∏≠‡∏á‡πÄ‡∏î‡∏¥‡∏ô‡πÉ‡∏ô‡∏ó‡∏≤‡∏á‡πÄ‡∏î‡∏¥‡∏ô‡∏ä‡∏±‡πà‡∏ß‡∏Ñ‡∏£‡∏≤‡∏ß ‡πÇ‡∏Ñ‡∏£‡∏á‡∏Å‡∏≤‡∏£‡πÑ‡∏°‡πà‡∏°‡∏µ‡∏Å‡∏≤‡∏£‡πÄ‡∏¢‡∏µ‡∏¢‡∏ß‡∏¢‡∏≤‡∏´‡∏£‡∏∑‡∏≠‡∏ä‡∏î‡πÄ‡∏ä‡∏¢‡πÉ‡∏î‡πÜ,209,3,9,21,3,2024,100.55759,13.80691,12.46195016349537,1,39.0,25.0,94.0,20.0,1016.0,1005.0
2024-644DEZ,road,‡∏à‡∏ï‡∏∏‡∏à‡∏±‡∏Å‡∏£,‡∏à‡∏≠‡∏°‡∏û‡∏•,‡∏Å‡∏£‡∏∏‡∏á‡πÄ‡∏ó‡∏û‡∏°‡∏´‡∏≤‡∏ô‡∏Ñ‡∏£,high,‡∏ß‡∏¥‡∏ô‡∏°‡∏≠‡πÄ‡∏ï‡∏≠‡∏£‡πå‡πÑ‡∏ã‡∏Ñ‡πå‡∏Ç‡∏±‡∏ö‡∏¢‡πâ‡∏≠‡∏ô‡∏®‡∏£‚Äú‡∏ö‡∏ô‡∏ó‡∏≤‡∏á‡πÄ‡∏ó‡πâ‡∏≤‚Äù,34,2,10,8,5,2024,100.57119,13.80766,12.46195016349537,0,40.0,24.0,100.0,29.0,1014.0,1001.0
2024-AK4GTV,safety,‡∏´‡∏•‡∏±‡∏Å‡∏™‡∏µ‡πà,‡∏ó‡∏∏‡πà‡∏á‡∏™‡∏≠‡∏á‡∏´‡πâ‡∏≠‡∏á,‡∏Å‡∏£‡∏∏‡∏á‡πÄ‡∏ó‡∏û‡∏°‡∏´‡∏≤‡∏ô‡∏Ñ‡∏£,high,‡∏ö‡πâ‡∏≤‡∏ô‡πÑ‡∏°‡πà‡∏°‡∏µ‡∏Ñ‡∏ô‡∏≠‡∏¢‡∏π‡πà‡∏≠‡∏≤‡∏®‡∏±‡∏¢ ‡∏ï‡πâ‡∏ô‡πÑ‡∏°‡πâ‡∏£‡∏¥‡∏°‡∏£‡∏±‡πâ‡∏ß‡πÇ‡∏ï‡∏Å‡∏µ‡∏î‡∏Ç‡∏ß‡∏≤‡∏á‡∏ó‡∏≤‡∏á‡∏£‡∏ñ‡∏ß‡∏¥‡πà‡∏á‡πÉ‡∏ô‡∏ã‡∏≠‡∏¢‡∏Ñ‡πà‡∏∞,60,3,2,18,1,2024,100.55052,13.8632,14.08306067712731,0,35.0,23.0,94.0,28.0,1020.0,1008.0
2024-KZH3Q9,road,‡∏Ñ‡∏•‡∏≠‡∏á‡∏™‡∏≤‡∏°‡∏ß‡∏≤,‡∏ó‡∏£‡∏≤‡∏¢‡∏Å‡∏≠‡∏á‡∏î‡∏¥‡∏ô‡πÉ‡∏ï‡πâ,‡∏Å‡∏£‡∏∏‡∏á‡πÄ‡∏ó‡∏û‡∏°‡∏´‡∏≤‡∏ô‡∏Ñ‡∏£,high,‡∏û‡∏ö‡∏ß‡πà‡∏≤‡∏°‡∏µ‡∏£‡∏ñ‡∏°‡∏≤‡∏à‡∏≠‡∏î‡∏£‡∏¥‡∏°‡∏ñ‡∏ô‡∏ô‡∏ï‡∏•‡∏≠‡∏î24‡∏ä‡∏° ‡∏Ç‡∏ß‡∏≤‡∏á‡∏ó‡∏≤‡∏á3‡πÅ‡∏¢‡∏Å ‡∏™‡∏ß‡∏ô‡∏£‡∏ñ‡∏Ç‡∏±‡∏ö‡∏£‡∏ñ‡πÄ‡∏•‡∏µ‡πâ‡∏¢‡∏ß‡∏•‡∏≥‡∏ö‡∏≤‡∏Å ‡∏°‡∏≤‡∏à‡∏≠‡∏î‡πÅ‡∏ä‡πà 3-4‡∏Ñ‡∏±‡∏ô‡∏£‡∏ß‡∏î ‡∏ñ‡∏∂‡∏á‡πÅ‡∏ö‡∏ô‡∏ä‡∏∞‡πÇ‡∏î3 ‡∏´‡∏ô‡πâ‡∏≤‡∏ö‡πâ‡∏≤‡∏ô‡∏Å‡πá‡∏à‡∏≠‡∏î‡∏Å‡∏¥‡∏ô‡∏ó‡∏µ‡πà‡∏ñ‡∏ô‡∏ô‡∏ï‡∏•‡∏≠‡∏î‡πÄ‡∏™‡πâ‡∏ô‡∏õ‡∏£‡∏∞‡∏ä‡∏≤‡∏£‡πà‡∏ß‡∏°‡πÉ‡∏à69‡πÄ‡∏Ç‡πâ‡∏≤‡∏°‡∏≤‡πÉ‡∏ô‡πÅ‡∏ö‡∏ô‡∏ä‡∏∞‡πÇ‡∏î5 ‡∏û‡∏ö‡∏´‡∏•‡∏≤‡∏¢‡∏´‡∏•‡∏±‡∏á‡∏°‡∏µ‡∏Å‡∏≤‡∏£‡∏à‡∏≠‡∏î‡∏´‡∏ô‡πâ‡∏≤‡∏ö‡πâ‡∏≤‡∏ô‡∏Å‡∏¥‡∏ô‡∏ó‡∏µ‡πà‡∏ñ‡∏ô‡∏ô‡∏•‡∏∞‡πÄ‡∏õ‡πá‡∏ô‡∏ó‡∏≤‡∏á‡πÇ‡∏Ñ‡πâ‡∏á‡∏ó‡∏µ‡πà‡∏™‡∏±‡∏ç‡∏à‡∏£‡∏¢‡∏≤‡∏Å‡∏≠‡∏¢‡∏π‡πà‡πÅ‡∏•‡πâ‡∏ß ‡∏£‡∏ñ‡πÄ‡∏ä‡∏µ‡πà‡∏¢‡∏ß‡πÄ‡∏õ‡πá‡∏ô‡∏õ‡∏£‡∏∞‡∏à‡∏≥,239,0,10,19,8,2024,100.78243,13.87506,12.46195016349537,0,36.0,24.0,100.0,44.0,1012.0,1002.0
2024-8BZCTU,road,‡∏£‡∏≤‡∏ä‡πÄ‡∏ó‡∏ß‡∏µ,‡∏ñ‡∏ô‡∏ô‡∏û‡∏ç‡∏≤‡πÑ‡∏ó,‡∏Å‡∏£‡∏∏‡∏á‡πÄ‡∏ó‡∏û‡∏°‡∏´‡∏≤‡∏ô‡∏Ñ‡∏£,high,‡πÄ‡∏ß‡∏•‡∏≤ 5.36 ‡∏ô. ‡∏£‡πâ‡∏≤‡∏ô‡∏≠‡∏≤‡∏´‡∏≤‡∏£‡∏¢‡∏∞‡∏á‡∏õ‡∏•‡πà‡∏≠‡∏¢‡πÉ‡∏ü‡πâ‡∏ó‡∏≤‡∏ô‡∏≠‡∏≤‡∏´‡∏≤‡∏£‡πÅ‡∏•‡∏∞‡πÄ‡∏´‡∏•‡πâ‡∏≤‡∏Ç‡πâ‡∏≤‡∏á‡∏ñ‡∏ô‡∏ô ‡∏ï‡∏±‡πâ‡∏á‡∏≠‡∏¢‡∏π‡πà‡∏ö‡∏ô‡∏ó‡∏≤‡∏á‡πÄ‡∏ó‡πâ‡∏≤ ‡πÄ‡∏™‡∏µ‡∏¢‡∏á‡∏î‡∏±‡∏á‡∏°‡∏≤‡∏Å ‡πÑ‡∏°‡πà‡πÄ‡∏Å‡∏£‡∏á‡πÉ‡∏à‡∏Ñ‡∏ô‡∏£‡∏≠‡∏ö‡∏Ç‡πâ‡∏≤‡∏á ‡πÅ‡∏•‡∏∞ ‡πÑ‡∏°‡πà‡πÄ‡∏Å‡∏£‡∏á‡∏Å‡∏•‡∏±‡∏ß‡∏Å‡∏é‡∏´‡∏°‡∏≤‡∏¢,127,6,22,22,12,2024,100.5424,13.76145,12.46195016349537,0,34.0,19.0,94.0,35.0,1018.0,1006.0
2024-7GA7ZD,road,‡∏†‡∏≤‡∏©‡∏µ‡πÄ‡∏à‡∏£‡∏¥‡∏ç,‡∏õ‡∏≤‡∏Å‡∏Ñ‡∏•‡∏≠‡∏á‡∏†‡∏≤‡∏©‡∏µ‡πÄ‡∏à‡∏£‡∏¥‡∏ç,‡∏Å‡∏£‡∏∏‡∏á‡πÄ‡∏ó‡∏û‡∏°‡∏´‡∏≤‡∏ô‡∏Ñ‡∏£,high,‡∏£‡∏ñ‡πÅ‡∏ó‡πä‡∏Å‡∏ã‡∏µ‡πà‡∏à‡∏≠‡∏î‡∏ö‡∏£‡∏¥‡πÄ‡∏ß‡∏ì‡πÄ‡∏™‡πâ‡∏ô‡∏Ç‡∏≤‡∏ß‡πÅ‡∏î‡∏á‡∏Å‡∏µ‡∏î‡∏Ç‡∏ß‡∏≤‡∏á‡∏Å‡∏≤‡∏£‡∏à‡∏£‡∏≤‡∏à‡∏£,43,3,7,18,1,2024,100.45619,13.71961,12.46195016349537,0,35.0,23.0,94.0,28.0,1020.0,1008.0
EKJPWK,road,‡∏•‡∏≤‡∏î‡∏û‡∏£‡πâ‡∏≤‡∏ß,‡∏•‡∏≤‡∏î‡∏û‡∏£‡πâ‡∏≤‡∏ß,‡∏Å‡∏£‡∏∏‡∏á‡πÄ‡∏ó‡∏û‡∏°‡∏´‡∏≤‡∏ô‡∏Ñ‡∏£,high,"‡∏õ‡∏±‡∏ç‡∏´‡∏≤: ‡∏ö‡∏£‡∏¥‡πÄ‡∏ß‡∏ì‡∏ö‡πâ‡∏≤‡∏ô‡πÄ‡∏•‡∏Ç‡∏ó‡∏µ‡πà 6/223 ‡∏û‡∏ö‡πÅ‡∏°‡∏ß‡∏à‡∏£‡∏à‡∏±‡∏î 2-3 ‡∏ï‡∏±‡∏ß ‡∏Ç‡∏±‡∏ö‡∏ñ‡πà‡∏≤‡∏¢‡∏°‡∏π‡∏•‡πÄ‡∏£‡∏µ‡πà‡∏¢‡∏£‡∏≤‡∏î‡πÉ‡∏™‡πà‡∏£‡∏ñ‡πÅ‡∏•‡∏∞‡∏ö‡πâ‡∏≤‡∏ô‡πÄ‡∏£‡∏∑‡∏≠‡∏ô‡∏õ‡∏£‡∏∞‡∏ä‡∏≤‡∏ä‡∏ô ‡∏ä‡πà‡∏ß‡∏á‡πÄ‡∏ß‡∏•‡∏≤‡∏Å‡∏•‡∏≤‡∏á‡∏Ñ‡∏∑‡∏ô ‡∏™‡∏£‡πâ‡∏≤‡∏á‡∏Ñ‡∏ß‡∏≤‡∏°‡πÄ‡∏î‡∏∑‡∏≠‡∏î‡∏£‡πâ‡∏≠‡∏ô‡πÄ‡∏õ‡πá‡∏ô‡∏≠‡∏¢‡πà‡∏≤‡∏á‡∏°‡∏≤‡∏Å
‡∏ã‡∏≠‡∏¢: ‡πÇ‡∏ä‡∏Ñ‡∏ä‡∏±‡∏¢ 4 ‡∏ó‡∏µ‡πà 41
‡∏ñ‡∏ô‡∏ô: ‡πÇ‡∏ä‡∏Ñ‡∏ä‡∏±‡∏¢ 4
‡∏à‡∏∏‡∏î‡∏™‡∏±‡∏á‡πÄ‡∏Å‡∏ï: ‡πÄ‡∏Ç‡πâ‡∏≤‡∏ã‡∏≠‡∏¢‡∏î‡∏±‡∏á‡∏Å‡∏•‡πà‡∏≤‡∏ß‡πÑ‡∏õ‡∏õ‡∏£‡∏∞‡∏°‡∏≤‡∏ì 100 ‡πÄ‡∏°‡∏ï‡∏£ ‡∏ó‡∏≤‡∏ß‡∏ô‡πå‡πÄ‡∏Æ‡πâ‡∏≤‡∏™‡πå 3 ‡∏ä‡∏±‡πâ‡∏ô 5 ‡∏Ñ‡∏π‡∏´‡∏≤ ‡∏ã‡πâ‡∏≤‡∏¢‡∏°‡∏∑‡∏≠
‡πÄ‡∏Ç‡∏ï: ‡∏•‡∏≤‡∏î‡∏û‡∏£‡πâ‡∏≤‡∏ß
#1555",272,5,10,28,9,2024,100.59489,13.81106,12.46195016349537,0,35.0,24.0,100.0,47.0,1013.0,999.0
2BEE4L,flood,‡∏ï‡∏•‡∏¥‡πà‡∏á‡∏ä‡∏±‡∏ô,‡∏â‡∏¥‡∏°‡∏û‡∏•‡∏µ,‡∏Å‡∏£‡∏∏‡∏á‡πÄ‡∏ó‡∏û‡∏°‡∏´‡∏≤‡∏ô‡∏Ñ‡∏£,high,"‡∏û‡∏ö‡∏ô‡πâ‡∏≥‡∏ó‡πà‡∏ß‡∏°‡∏Ç‡∏±‡∏á‡πÉ‡∏ô‡∏ã‡∏≠‡∏¢‡∏™‡∏ß‡∏ô‡∏ú‡∏±‡∏Å 38  ‡∏Ç‡∏≠‡πÉ‡∏´‡πâ‡∏î‡∏≥‡πÄ‡∏ô‡∏¥‡∏ô‡∏Å‡∏≤‡∏£‡πÅ‡∏Å‡πâ‡πÑ‡∏Ç‡∏õ‡∏±‡∏ç‡∏´‡∏≤‡∏ô‡πâ‡∏≥‡∏ó‡πà‡∏ß‡∏°‡∏î‡πâ‡∏ß‡∏¢ ‡πÅ‡∏Ç‡∏ß‡∏á‡∏â‡∏¥‡∏°‡∏û‡∏•‡∏µ  ‡πÄ‡∏Ç‡∏ï‡∏ï‡∏•‡∏¥‡πà‡∏á‡∏ä‡∏±‡∏ô
#1555 #citydata",104,3,23,17,10,2024,100.4275,13.79459,11.670945969684022,0,35.0,23.0,100.0,49.0,1014.0,1002.0
2024-AY7GAH,animal,‡∏™‡∏∞‡∏û‡∏≤‡∏ô‡∏™‡∏π‡∏á,‡∏™‡∏∞‡∏û‡∏≤‡∏ô‡∏™‡∏π‡∏á,‡∏Å‡∏£‡∏∏‡∏á‡πÄ‡∏ó‡∏û‡∏°‡∏´‡∏≤‡∏ô‡∏Ñ‡∏£,low,‡πÄ‡∏™‡∏µ‡∏¢‡∏á‡∏™‡∏∏‡∏ô‡∏±‡∏Ç‡πÄ‡∏´‡πà‡∏≤‡∏£‡∏ö‡∏Å‡∏ß‡∏ô,19,6,11,3,3,2024,100.70716,13.74926,72.86693309369213,0,39.0,25.0,94.0,20.0,1016.0,1005.0
2024-CGLRPZ,road,‡∏à‡∏ï‡∏∏‡∏à‡∏±‡∏Å‡∏£,‡∏à‡∏≠‡∏°‡∏û‡∏•,‡∏Å‡∏£‡∏∏‡∏á‡πÄ‡∏ó‡∏û‡∏°‡∏´‡∏≤‡∏ô‡∏Ñ‡∏£,high,‡∏ú‡∏¥‡∏ß‡∏à‡∏£‡∏≤‡∏à‡∏£‡πÄ‡∏õ‡πá‡∏ô‡∏´‡∏•‡∏∏‡∏°,16,0,8,25,3,2024,100.56519,13.81577,12.46195016349537,0,39.0,25.0,94.0,20.0,1016.0,1005.0
2024-C2TR76,flood,‡∏û‡∏£‡∏∞‡πÇ‡∏Ç‡∏ô‡∏á,‡∏ö‡∏≤‡∏á‡∏à‡∏≤‡∏Å,‡∏Å‡∏£‡∏∏‡∏á‡πÄ‡∏ó‡∏û‡∏°‡∏´‡∏≤‡∏ô‡∏Ñ‡∏£,high,‡∏ô‡πâ‡∏≥‡∏ó‡πà‡∏ß‡∏°‡∏Ç‡∏±‡∏á ‡∏Ñ‡∏ß‡∏≤‡∏°‡∏™‡∏π‡∏á‡∏£‡∏∞‡∏î‡∏±‡∏ö‡∏Ç‡πâ‡∏≠‡πÄ‡∏ó‡πâ‡∏≤ ‡∏ô‡πâ‡∏≥‡∏ó‡πà‡∏ß‡∏°‡∏°‡∏≤‡πÅ‡∏•‡πâ‡∏ß‡∏ô‡πâ‡∏≠‡∏¢‡∏Å‡∏ß‡πà‡∏≤ 3 ‡∏ä‡∏±‡πà‡∏ß‡πÇ‡∏°‡∏á,62,1,13,21,5,2024,100.61652,13.69904,11.670945969684022,0,40.0,24.0,100.0,29.0,1014.0,1001.0
HY3NHG,road,‡∏°‡∏µ‡∏ô‡∏ö‡∏∏‡∏£‡∏µ,‡∏°‡∏µ‡∏ô‡∏ö‡∏∏‡∏£‡∏µ,‡∏Å‡∏£‡∏∏‡∏á‡πÄ‡∏ó‡∏û‡∏°‡∏´‡∏≤‡∏ô‡∏Ñ‡∏£,high,"‡∏õ‡∏±‡∏ç‡∏´‡∏≤: ‡∏†‡∏≤‡∏¢‡πÉ‡∏ô‡∏ã‡∏≠‡∏¢‡∏î‡∏±‡∏á‡∏Å‡∏•‡πà‡∏≤‡∏ß ‡∏û‡∏ö‡∏°‡∏µ‡∏Å‡∏≤‡∏£‡∏à‡∏∏‡∏î‡∏û‡∏•‡∏∏‡∏™‡πà‡∏á‡πÄ‡∏™‡∏µ‡∏¢‡∏á‡∏î‡∏±‡∏á‡∏£‡∏ö‡∏Å‡∏ß‡∏ô‡∏ï‡∏±‡πâ‡∏á‡πÅ‡∏ï‡πà‡∏ä‡πà‡∏ß‡∏á‡πÄ‡∏ß‡∏•‡∏≤ 19.00 ‡∏ô. ‡πÄ‡∏õ‡πá‡∏ô‡∏ï‡πâ‡∏ô‡πÑ‡∏õ ‡∏õ‡∏±‡∏à‡∏à‡∏∏‡∏ö‡∏±‡∏ô‡πÄ‡∏ß‡∏•‡∏≤ 22.50 ‡∏ô. ‡πÄ‡∏™‡∏µ‡∏¢‡∏á‡∏¢‡∏±‡∏á‡∏î‡∏±‡∏á‡∏Å‡∏£‡∏ö‡∏Å‡∏ß‡∏ô‡∏≠‡∏¢‡∏π‡πà ‡∏û‡∏ö‡πÄ‡∏´‡πá‡∏ô‡∏°‡∏≤ 5 ‡∏ß‡∏±‡∏ô‡πÅ‡∏•‡πâ‡∏ß ‡∏™‡∏£‡πâ‡∏≤‡∏á‡∏Ñ‡∏ß‡∏≤‡∏°‡πÄ‡∏î‡∏∑‡∏≠‡∏î‡∏£‡πâ‡∏≠‡∏ô‡πÉ‡∏´‡πâ‡∏Å‡∏±‡∏ö‡∏ú‡∏π‡πâ‡∏ó‡∏µ‡πà‡∏û‡∏±‡∏Å‡∏≠‡∏≤‡∏®‡∏±‡∏¢‡πÉ‡∏ô‡∏ö‡∏£‡∏¥‡πÄ‡∏ß‡∏ì‡∏î‡∏±‡∏á‡∏Å‡∏•‡πà‡∏≤‡∏ß

‡∏ã‡∏≠‡∏¢: ‡∏£‡πà‡∏°‡πÄ‡∏Å‡∏•‡πâ‡∏≤ 6/1
‡∏ñ‡∏ô‡∏ô: ‡∏£‡πà‡∏°‡πÄ‡∏Å‡∏•‡πâ‡∏≤
‡∏à‡∏∏‡∏î‡∏™‡∏±‡∏á‡πÄ‡∏Å‡∏ï: ‡πÄ‡∏Ç‡πâ‡∏≤‡∏ã‡∏≠‡∏¢‡∏î‡∏±‡∏á‡∏Å‡∏•‡πà‡∏≤‡∏ß‡∏°‡∏≤‡∏à‡∏∞‡πÄ‡∏à‡∏≠‡πÇ‡∏£‡∏á‡πÄ‡∏£‡∏µ‡∏¢‡∏ô‡∏Ñ‡∏•‡∏≠‡∏á‡∏™‡∏≠‡∏á‡∏ï‡πâ‡∏ô‡∏ô‡∏∏‡πà‡∏ô‡πÉ‡∏´‡πâ‡πÄ‡∏•‡∏µ‡πâ‡∏¢‡∏ß‡∏Ç‡∏ß‡∏≤‡πÄ‡∏•‡∏µ‡∏¢‡∏ö‡∏Ñ‡∏•‡∏≠‡∏á‡∏™‡∏≠‡∏á‡∏ï‡πâ‡∏ô‡∏ô‡∏∏‡πà‡∏ô‡∏°‡∏≤‡πÄ‡∏Å‡∏∑‡∏≠‡∏ö‡∏™‡∏∏‡∏î‡∏ã‡∏≠‡∏¢‡∏à‡∏∞‡∏°‡∏µ‡πÇ‡∏≠‡πà‡∏á‡∏ï‡∏±‡πâ‡∏á‡∏´‡∏ô‡πâ‡∏≤‡∏õ‡∏≤‡∏Å‡∏ã‡∏≠‡∏¢‡∏ö‡πâ‡∏≤‡∏ô‡∏î‡∏±‡∏á‡∏Å‡∏•‡πà‡∏≤‡∏ß‡πÄ‡∏õ‡πá‡∏ô‡∏´‡∏•‡∏±‡∏á‡∏™‡∏µ‡∏ü‡πâ‡∏≤
‡πÄ‡∏Ç‡∏ï: ‡∏°‡∏µ‡∏ô‡∏ö‡∏∏‡∏£‡∏µ
#1555",405,1,17,31,12,2024,100.74523,13.79442,12.46195016349537,0,34.0,19.0,94.0,35.0,1018.0,1006.0
2024-M9UBTB,road,‡∏ß‡∏±‡∏í‡∏ô‡∏≤,‡∏Ñ‡∏•‡∏≠‡∏á‡∏ï‡∏±‡∏ô‡πÄ‡∏´‡∏ô‡∏∑‡∏≠,‡∏Å‡∏£‡∏∏‡∏á‡πÄ‡∏ó‡∏û‡∏°‡∏´‡∏≤‡∏ô‡∏Ñ‡∏£,high,‡∏ü‡∏∏‡∏ï‡∏ö‡∏≤‡∏ó‡∏û‡∏±‡∏á,9,5,6,24,8,2024,100.57285,13.7423,12.46195016349537,1,36.0,24.0,100.0,44.0,1012.0,1002.0
2024-CXC78G,safety,‡∏ß‡∏±‡∏í‡∏ô‡∏≤,‡∏Ñ‡∏•‡∏≠‡∏á‡∏ï‡∏±‡∏ô‡πÄ‡∏´‡∏ô‡∏∑‡∏≠,‡∏Å‡∏£‡∏∏‡∏á‡πÄ‡∏ó‡∏û‡∏°‡∏´‡∏≤‡∏ô‡∏Ñ‡∏£,high,"‡πÇ‡∏Ñ‡∏£‡∏á‡∏Å‡∏≤‡∏£‡∏ó‡∏µ‡πà‡∏Å‡∏≥‡∏•‡∏±‡∏á‡∏™‡∏£‡πâ‡∏≤‡∏á(‡∏ã‡∏∂‡πà‡∏á‡πÄ‡∏õ‡πá‡∏ô‡πÇ‡∏Ñ‡∏£‡∏á‡∏Å‡∏≤‡∏£‡∏ó‡∏µ‡πà‡πÑ‡∏°‡πà‡∏Ñ‡∏ß‡∏£‡∏ú‡πà‡∏≤‡∏ô‡∏Å‡∏≤‡∏£‡∏õ‡∏£‡∏∞‡πÄ‡∏°‡∏¥‡∏ì EIA ‡πÄ‡∏•‡∏¢ ‡∏î‡πâ‡∏ß‡∏¢‡∏Ç‡∏ô‡∏≤‡∏î‡πÇ‡∏Ñ‡∏£‡∏á‡∏Å‡∏≤‡∏£ ‡∏ó‡∏µ‡πà‡πÉ‡∏´‡∏ç‡πà‡πÑ‡∏°‡πà‡∏™‡∏°‡∏î‡∏∏‡∏•‡∏Å‡∏±‡∏ö‡πÄ‡∏ô‡∏∑‡πâ‡∏≠‡∏ó‡∏µ‡πà)
‡∏™‡∏£‡πâ‡∏≤‡∏á‡∏°‡∏•‡∏†‡∏≤‡∏ß‡∏∞‡∏ó‡∏≤‡∏á‡πÄ‡∏™‡∏µ‡∏¢‡∏á‡πÅ‡∏•‡∏∞‡∏ù‡∏∏‡πà‡∏ô ‡∏ï‡πà‡∏≠‡∏ú‡∏π‡πâ‡∏≠‡∏¢‡∏π‡πà‡∏≠‡∏≤‡∏®‡∏±‡∏¢ ‡πÉ‡∏ô‡∏ß‡∏±‡∏ô‡∏´‡∏¢‡∏∏‡∏î‡∏£‡∏≤‡∏ä‡∏Å‡∏≤‡∏£ (‡πÅ‡∏à‡πâ‡∏á‡πÉ‡∏ô‡∏ê‡∏≤‡∏ô‡∏∞‡πÄ‡∏à‡πâ‡∏≤‡∏Ç‡∏≠‡∏á‡∏£‡πà‡∏ß‡∏° ‡∏ó‡∏µ‡πà‡πÉ‡∏´‡πâ‡∏Ñ‡∏ô‡πÄ‡∏ä‡πà‡∏≤‡∏´‡πâ‡∏≠‡∏á‡∏ó‡∏µ‡πà‡∏≠‡∏¢‡∏π‡πà‡πÉ‡∏ô‡∏ï‡∏∂‡∏Å‡πÑ‡∏ó‡∏õ‡∏¥‡∏á)‡∏Ñ‡πà‡∏∞",231,0,10,7,10,2024,100.58956,13.7376,14.08306067712731,1,35.0,23.0,100.0,49.0,1014.0,1002.0
2024-8P2HL2,road,‡∏ö‡∏≤‡∏á‡∏Å‡∏∞‡∏õ‡∏¥,‡∏Ñ‡∏•‡∏≠‡∏á‡∏à‡∏±‡πà‡∏ô,‡∏Å‡∏£‡∏∏‡∏á‡πÄ‡∏ó‡∏û‡∏°‡∏´‡∏≤‡∏ô‡∏Ñ‡∏£,high,"üì¢üîäüõ£Ô∏èüï≥Ô∏è‡πÅ‡∏à‡πâ‡∏á‡∏ñ‡∏ô‡∏ô‡∏ä‡∏≥‡∏£‡∏∏‡∏î üò±
‡∏ï‡∏£‡∏á‡∏ó‡∏µ‡πà‡πÄ‡∏Ñ‡∏¢‡∏°‡∏≤‡∏õ‡∏£‡∏±‡∏ö‡∏õ‡∏£‡∏∏‡∏á‡∏ï‡∏≠‡∏ô‡∏ô‡∏µ‡πâ‡πÄ‡∏™‡∏∑‡πà‡∏≠‡∏°‡∏™‡∏†‡∏≤‡∏û‡∏´‡∏•‡∏∏‡∏î‡∏£‡πà‡∏≠‡∏ô‡∏≠‡∏≠‡∏Å‡πÄ‡∏õ‡πá‡∏ô‡∏´‡∏•‡∏∏‡∏° ‡πÄ‡∏õ‡πá‡∏ô‡∏£‡πà‡∏≠‡∏á ‡∏ï‡∏≤‡∏°‡πÄ‡∏î‡∏¥‡∏°
üó£Ô∏è‡∏£‡∏ö‡∏Å‡∏ß‡∏ô‡∏ï‡∏£‡∏ß‡∏à‡∏™‡∏≠‡∏ö‡πÅ‡∏Å‡πâ‡πÑ‡∏Ç
üì∏
üìå‡∏ï‡∏£‡∏á‡πÅ‡∏ñ‡∏ß‡πÅ‡∏Æ‡∏õ‡∏õ‡∏µ‡πâ‡πÅ‡∏•‡∏ô‡∏î‡πå ‡∏≠‡∏û‡∏≤‡∏£‡πå‡∏ó‡πÄ‡∏°‡πâ‡∏ô‡∏ó‡πå
üõ£Ô∏è‡∏ñ‡∏ô‡∏ô‡πÅ‡∏Æ‡∏õ‡∏õ‡∏µ‡πâ‡πÅ‡∏ö‡∏ô‡∏î‡πå ‡∏Ç‡∏≤‡∏≠‡∏≠‡∏Å
üôèüë∑üë©‚Äçüîß‡∏Ç‡∏≠‡∏Ç‡∏≠‡∏ö‡∏Ñ‡∏∏‡∏ì ‡πÄ‡∏à‡πâ‡∏≤‡∏´‡∏ô‡πâ‡∏≤‡∏ó‡∏µ‡πà‡∏ó‡∏∏‡∏Å‡∏ó‡πà‡∏≤‡∏ô‚úåÔ∏è‚úåÔ∏èüí™üëèüëèüëè
üí•üé§üöòüöñüï≥Ô∏è‡∏£‡∏ñ‡∏ï‡∏Å‡∏´‡∏•‡∏∏‡∏°‡∏ö‡πà‡∏≠‡∏¢‡πÜ‡πÅ‡∏£‡∏á‡∏Å‡∏£‡∏∞‡πÅ‡∏ó‡∏Å‡∏≠‡∏≤‡∏à‡∏ó‡∏≥‡πÉ‡∏´‡πâüëâ‡∏•‡∏π‡∏Å‡∏õ‡∏∑‡∏ô‡∏•‡πâ‡∏≠‡πÅ‡∏ï‡∏Å ‡∏ä‡πà‡∏ß‡∏á‡∏•‡πà‡∏≤‡∏á‡∏õ‡∏µ‡∏Å‡∏ô‡∏Å‡πÇ‡∏ä‡πä‡∏Ñ‡∏≠‡∏±‡∏û‡πÄ‡∏™‡∏µ‡∏¢‡∏´‡∏≤‡∏¢ ‡∏•‡πâ‡∏≠‡πÅ‡∏°‡πá‡∏Å‡∏î‡∏∏‡πâ‡∏á ‡πÅ‡∏ï‡∏Å ‡∏¢‡∏≤‡∏á‡∏ö‡∏ß‡∏°‡∏¢‡∏≤‡∏á‡πÅ‡∏ï‡∏Å‡∏¢‡∏≤‡∏á‡∏â‡∏µ‡∏Å ‡∏ñ‡πâ‡∏≤‡πÅ‡∏£‡∏á‡∏Å‡∏ß‡πà‡∏≤‡∏ô‡∏±‡πâ‡∏ô‡∏ï‡∏±‡∏ß‡∏ñ‡∏±‡∏á‡∏≠‡∏≤‡∏à‡πÄ‡∏™‡∏µ‡∏¢‡∏´‡∏≤‡∏¢üò∞",355,6,6,27,10,2024,100.64453,13.78049,12.46195016349537,1,35.0,23.0,100.0,49.0,1014.0,1002.0
2024-4ZXNYU,road,‡∏ò‡∏ô‡∏ö‡∏∏‡∏£‡∏µ,‡∏ß‡∏±‡∏î‡∏Å‡∏±‡∏•‡∏¢‡∏≤‡∏ì‡πå,‡∏Å‡∏£‡∏∏‡∏á‡πÄ‡∏ó‡∏û‡∏°‡∏´‡∏≤‡∏ô‡∏Ñ‡∏£,high,"‡πÄ‡∏£‡∏µ‡∏¢‡∏ô‡∏ú‡∏π‡πâ‡∏ß‡πà‡∏≤‡πÅ‡∏•‡∏∞‡∏™‡∏≥‡∏ô‡∏±‡∏Å‡πÄ‡∏ó‡∏®‡∏Å‡∏¥‡∏à
‡πÉ‡∏ô‡∏†‡∏≤‡∏û‡πÄ‡∏õ‡πá‡∏ô‡∏†‡∏≤‡∏û‡∏Å‡∏≤‡∏£‡∏Å‡∏£‡∏∞‡∏ó‡∏≥‡∏ú‡∏¥‡∏î ‡∏°‡∏µ‡∏Å‡∏≤‡∏£‡∏ô‡∏≥‡πÇ‡∏ï‡πä‡πÄ‡∏Å‡πâ‡∏≤‡∏≠‡∏µ‡πâ ‡∏à‡∏≥‡∏ô‡∏ß‡∏ô‡∏°‡∏≤‡∏Å ‡∏°‡∏≤‡∏ß‡∏≤‡∏á‡∏ö‡∏ô‡∏ó‡∏≤‡∏á‡πÄ‡∏ó‡πâ‡∏≤ ‡πÄ‡∏Ç‡∏ï‡πÑ‡∏°‡πà‡πÄ‡∏Ñ‡∏¢‡∏à‡∏±‡∏î‡∏Å‡∏≤‡∏£ ‡πÅ‡∏•‡∏∞‡πÄ‡∏ó‡∏®‡∏Å‡∏¥‡∏à‡∏´‡∏≤‡∏¢‡∏´‡∏±‡∏ß 
‡∏à‡∏∏‡∏î‡∏û‡∏ö‡πÄ‡∏´‡πá‡∏ô‡∏Å‡∏≤‡∏£‡∏Å‡∏£‡∏∞‡∏ó‡∏≥‡∏ú‡∏¥‡∏î ‡∏≠‡∏¢‡∏π‡πà‡∏ö‡∏ô‡∏ñ‡∏ô‡∏ô ‡∏û‡∏±‡∏í‡∏ô‡∏≤‡∏Å‡∏≤‡∏£ ‡∏Å‡πà‡∏≠‡∏ô‡∏ñ‡∏∂‡∏á‡πÇ‡∏•‡∏ï‡∏±‡∏™‡πÄ‡∏•‡πá‡∏Å  ‡πÅ‡∏•‡∏∞‡∏£‡πâ‡∏≤‡∏ô ‡πÄ‡∏Ñ‡πÄ‡∏≠‡∏ü‡∏ã‡∏µ ‡∏Å‡πà‡∏≠‡∏ô‡∏ñ‡∏∂‡∏á‡∏™‡∏µ‡πà‡πÅ‡∏¢‡∏Å‡∏´‡∏°‡∏π‡πà‡∏ö‡πâ‡∏≤‡∏ô ‡πÄ‡∏°‡∏∑‡∏≠‡∏á‡∏ó‡∏≠‡∏á  ‡∏ù‡∏±‡πà‡∏á‡πÄ‡∏•‡∏Ç‡∏Ñ‡∏π‡πà  ‡∏û‡∏ö‡πÄ‡∏´‡πá‡∏ô‡∏Å‡∏≤‡∏£‡∏Å‡∏£‡∏∞‡∏ó‡∏≥‡∏ú‡∏¥‡∏î‡∏ä‡πà‡∏ß‡∏á 17 .00 ‡∏Ç‡∏≠‡∏á‡∏ß‡∏±‡∏ô‡∏ó‡∏µ‡πà 2 ‡∏Å‡∏Ñ 67  ‡∏Å‡πà‡∏≠‡∏ô‡∏´‡∏ô‡πâ‡∏≤‡∏ô‡∏µ‡πâ‡∏Å‡πá‡∏û‡∏ö‡∏°‡∏≤‡∏ô‡∏≤‡∏ô‡πÅ‡∏ï‡πà‡πÑ‡∏°‡πà‡∏°‡∏µ‡∏£‡∏π‡∏õ‡∏õ‡∏£‡∏∞‡∏Å‡∏≠‡∏ö ‡πÅ‡∏à‡πâ‡∏á‡πÄ‡∏Ç‡∏ï‡πÑ‡∏õ‡∏´‡∏•‡∏≤‡∏¢‡∏Ñ‡∏£‡∏±‡πâ‡∏á‡πÅ‡∏•‡πâ‡∏ß
# ‡∏ú‡πà‡∏≤‡∏ô‡∏ñ‡∏ô‡∏ô‡∏û‡∏±‡∏í‡∏ô‡∏≤‡∏Å‡∏≤‡∏£‡∏ï‡∏±‡∏î‡πÉ‡∏´‡∏°‡πà‡∏°‡∏≤ ‡∏°‡∏µ‡∏£‡∏ñ‡∏Ç‡∏≤‡∏¢‡∏ó‡∏∏‡πÄ‡∏£‡∏µ‡∏¢‡∏ô ‡∏ö‡∏ô‡∏ñ‡∏ô‡∏ô ‡∏à‡∏≥‡∏ô‡∏ß‡∏ô 5 ‡∏Ñ‡∏±‡∏ô  ‡∏£‡∏ñ‡∏Ç‡∏≤‡∏¢‡πÅ‡∏ï‡∏á‡πÇ‡∏° 3 ‡∏Ñ‡∏±‡∏ô ‡∏£‡∏ñ‡∏Ç‡∏≤‡∏¢‡∏°‡∏∞‡∏û‡∏£‡πâ‡∏≤‡∏ß 1 ‡∏£‡∏ñ‡∏™‡∏≤‡∏°‡∏•‡πâ‡∏≠‡∏Ç‡∏≤‡∏¢‡∏ó‡∏µ‡πà‡∏õ‡∏±‡∏î‡∏ô‡πâ‡∏≥‡∏ù‡∏ô 1 ‡∏Ñ‡∏±‡∏ô
‡πÅ‡∏•‡∏∞ ‡∏û‡∏ö‡πÄ‡∏´‡πá‡∏ô‡∏£‡πâ‡∏≤‡∏ô ‡πÅ‡∏ä‡πà‡∏ö‡∏ß‡∏±‡∏ô‡∏£‡∏±‡∏ä‡∏î‡∏≤ ‡∏™‡∏≤‡∏Ç‡∏≤ ‡∏ñ‡∏ô‡∏ô‡∏û‡∏±‡∏í‡∏ô‡∏≤‡∏Å‡∏≤‡∏£‡∏ï‡∏±‡∏î‡πÉ‡∏´‡∏°‡πà‡∏ß‡∏≤‡∏á‡πÇ‡∏ï‡πä‡∏∞‡πÄ‡∏Å‡πâ‡∏≤‡∏≠‡∏µ‡πâ ‡∏à‡∏≥‡∏ô‡∏ß‡∏ô‡∏°‡∏≤‡∏Å‡∏°‡∏≤‡∏ñ‡∏∂‡∏á‡∏Ç‡∏≠‡∏ö‡∏ñ‡∏ô‡∏ô ‡∏´‡∏ô‡πâ‡∏≤‡∏£‡πâ‡∏≤‡∏ô‡πÄ‡∏•‡∏¢
# ‡πÄ‡∏Ç‡∏ï‡πÑ‡∏°‡πà‡∏à‡∏±‡∏î‡∏Å‡∏≤‡∏£ ‡πÄ‡∏ó‡∏®‡∏Å‡∏¥‡∏à ‡∏´‡∏≤‡∏¢‡∏´‡∏±‡∏ß ‡πÄ‡∏ó‡∏®‡∏Å‡∏¥‡∏à‡∏î‡∏µ‡πÅ‡∏ï‡∏Å ‡∏á‡∏≤‡∏ô‡∏Å‡∏≤‡∏£‡πÑ‡∏°‡πà‡∏ó‡∏≥ ‡πÑ‡∏°‡πà‡∏î‡∏π‡πÅ‡∏•‡∏û‡∏∑‡πà‡∏ô‡∏ó‡∏µ‡πà ‡∏´‡∏ô‡πâ‡∏≤‡∏î‡πâ‡∏≤‡∏ô‡∏´‡∏ô‡πâ‡∏≤‡∏ó‡∏ô ‡∏á‡∏≤‡∏ô‡∏Å‡∏≤‡∏£‡πÑ‡∏°‡πà‡∏ó‡∏≥ ‡πÅ‡∏ï‡πà‡∏¢‡∏±‡∏á‡∏´‡∏ô‡πâ‡∏≤‡∏î‡πâ‡∏≤‡∏ô ‡∏≠‡∏¢‡∏π‡πà‡∏£‡∏±‡∏ö‡πÄ‡∏á‡∏¥‡∏ô‡πÄ‡∏î‡∏∑‡∏≠‡∏ô ‡∏™‡∏∏‡∏î 
‡∏ó‡∏≥‡∏á‡∏≤‡∏ô‡∏Å‡πá‡πÑ‡∏°‡πà‡πÄ‡∏Ñ‡∏¢‡∏ï‡∏£‡∏á‡πÑ‡∏õ‡∏ï‡∏£‡∏á‡∏°‡∏≤  ‡πÉ‡∏ö‡πÄ‡∏™‡∏£‡πá‡∏à ‡∏Å‡πá‡∏õ‡∏¥‡∏Å‡∏õ‡∏¥‡∏î ‡πÄ‡∏á‡∏¥‡∏ô‡∏Ñ‡πà‡∏≤‡∏õ‡∏£‡∏±‡∏ö ‡∏£‡πâ‡∏≤‡∏ô‡πÄ‡∏´‡∏•‡πâ‡∏≤ ‡∏ó‡∏µ‡πà‡∏ó‡∏≥‡∏ú‡∏¥‡∏î‡∏ã‡πâ‡∏≥‡∏ã‡∏≤‡∏Å‡∏ó‡∏µ‡πà‡∏≠‡∏¢‡∏π‡πà‡∏™‡∏µ‡πà‡πÅ‡∏¢‡∏Å‡∏™‡∏ß‡∏ô‡∏°‡∏´‡∏≤‡∏î‡πÑ‡∏ó‡∏¢ ‡∏£‡∏≤‡∏°‡∏™‡∏≠‡∏á
# ‡∏ñ‡∏ô‡∏ô‡∏û‡∏±‡∏í‡∏ô‡∏≤‡∏Å‡∏≤‡∏£‡πÅ‡∏•‡∏∞‡∏û‡∏±‡∏í‡∏ô‡∏≤‡∏Å‡∏≤‡∏£ ‡∏ï‡∏±‡∏î‡πÉ‡∏´‡∏°‡πà ‡∏ñ‡∏ô‡∏ô‡πÄ‡∏â‡∏•‡∏¥‡∏°‡∏û‡∏£‡∏∞‡πÄ‡∏Å‡∏µ‡∏¢‡∏£‡∏ï‡∏¥ ‡∏ï‡∏•‡∏≠‡∏î‡∏™‡∏≤‡∏¢‡∏°‡∏µ‡∏Å‡∏≤‡∏£‡∏ó‡∏≥‡∏ú‡∏¥‡∏î‡∏ô‡∏±‡∏ö‡πÑ‡∏°‡πà‡∏ñ‡πâ‡∏ß‡∏ô ‡∏ó‡∏µ‡πà‡πÄ‡∏ó‡∏®‡∏Å‡∏¥‡∏à‡∏î‡∏µ‡πÅ‡∏ï‡∏Å ‡πÑ‡∏°‡πà‡∏¢‡∏≠‡∏°‡∏≠‡∏≠‡∏Å‡∏à‡∏±‡∏î‡∏Å‡∏≤‡∏£ ‡πÅ‡∏ï‡πà‡∏¢‡∏±‡∏á‡∏´‡∏ô‡πâ‡∏≤‡∏î‡πâ‡∏≤‡∏ô‡∏´‡∏ô‡πâ‡∏≤‡∏ó‡∏ô ‡∏£‡∏±‡∏ö‡πÄ‡∏á‡∏¥‡∏ô‡πÄ‡∏î‡∏∑‡∏≠‡∏ô
‡∏ú‡∏π‡πâ‡∏Ñ‡πâ‡∏≤ ‡∏Å‡πá‡∏´‡∏ô‡πâ‡∏≤‡∏î‡πâ‡∏≤‡∏ô ‡πÅ‡∏ï‡πà‡πÄ‡∏ó‡∏®‡∏Å‡∏¥‡∏à ‡∏õ‡∏£‡∏∞‡πÄ‡∏ß‡∏®‡∏î‡πâ‡∏≤‡∏ô‡∏™‡∏∏‡∏î ‡∏Å‡∏¥‡∏ô‡πÄ‡∏á‡∏¥‡∏ô‡πÄ‡∏î‡∏∑‡∏≠‡∏ô‡∏™‡∏ß‡∏±‡∏™‡∏î‡∏¥‡∏Å‡∏≤‡∏£‡πÅ‡∏ï‡πà‡πÑ‡∏°‡πà‡∏ó‡∏≥‡∏á‡∏≤‡∏ô  ‡∏î‡πâ‡∏≤‡∏ô‡∏™‡∏∏‡∏î‡πÜ",1042,1,13,2,7,2024,100.49552,13.73869,12.46195016349537,1,36.0,24.0,100.0,47.0,1012.0,1001.0
