ticket_id,std_type,district,subdistrict,province_clean,urgency,comment,comment_length,day_of_week,hour_of_day,day,month,year,lng,lat,SLA_days,breach,temp_high,temp_low,humidity_high,humidity_low,pressure_high,pressure_low,comment_clean,rule_risk_score_raw,rule_risk_reason,rule_risk_level
2024-9LQTGH,lighting,วัฒนา,คลองตันเหนือ,กรุงเทพมหานคร,high,กิ่งไม้พาดสายไฟ รบกวนเจ้าหน้าที่ตัดแต่งกิ่งไม้เพื่อลดความเสี่ยงต่อการเกิดอุบัติเหตุ,83,6,20,18,2,2024,100.59519,13.72978,73.68319893052893,0,37.0,22.0,94.0,30.0,1021.0,1007.0,กิ่งไม้พาดสายไฟ รบกวนเจ้าหน้าที่ตัดแต่งกิ่งไม้เพื่อลดความเสี่ยงต่อการเกิดอุบัติเหตุ,1.8,ระดับความเร่งด่วน = HIGH (ระบบกำหนด) → เสี่ยงต่อการ breach | หมวดปัญหา lighting เป็นหมวดเสี่ยงสูง (เช่น น้ำท่วม/ความปลอดภัย),low
2024-AN972Z,unknown,ปทุมวัน,วังใหม่,กรุงเทพมหานคร,low,"ต่อจากเรื่อง 2024-FE4KYG ที่ส่งต่อไปยังเขตบางกอกน้อย
ขอให้สำนักงานเขตปทุมวันช่วยเรางพิจารณาค่ารักษาพยาบาลของข้าราชการที่ไปใช้สิทธิใน รพ ศิริราชปิยมหาราชการุณย์ เพราะต้องนำไปเบิกต่อส่วนต่าง เนื่องจากส่วนงานที่จะใช้สิทธิต่อใกล้ปิดบัญชีแล้ว",237,1,7,27,2,2024,100.52355,13.73656,90.06795582402778,0,37.0,22.0,94.0,30.0,1021.0,1007.0,ต่อจากเรื่อง 2024-FE4KYG ที่ส่งต่อไปยังเขตบางกอกน้อย ขอให้สำนักงานเขตปทุมวันช่วยเรางพิจารณาค่ารักษาพยาบาลของข้าราชการที่ไปใช้สิทธิใน รพ ศิริราชปิยมหาราชการุณย์ เพราะต้องนำไปเบิกต่อส่วนต่าง เนื่องจากส่วนงานที่จะใช้สิทธิต่อใกล้ปิดบัญชีแล้ว,1.0999999999999999,"ระดับความเร่งด่วน = LOW → ความเสี่ยงโดยพื้นฐานไม่สูงมาก | หมวดปัญหา unknown อยู่ในกลุ่มความเสี่ยงต่ำกว่า | แจ้งช่วงเช้า (hour=7) ซึ่งเป็นช่วงงานล้นของหน่วยงาน → มีโอกาส delay เล็กน้อย | พบ pattern ตัวอักษรที่ model เรียนรู้ว่าเกี่ยวข้องกับ breach (เช่น รัก, ุมว) | คำอธิบายยาว (length=237) → มีโอกาสเป็นเคสซับซ้อน",low
7UBJRX,noise,บางซื่อ,วงศ์สว่าง,กรุงเทพมหานคร,mid,"ปัญหา: ถนนดังกล่าว บริเวณหลังคอนโดมิเนียม The Line วงศ์สว่าง พบมีโครงการก่อสร้างถนนโดยตอกเสาเข็มส่งเสียงดัง เวลา 21.37 น. ยังตอกเสาเข็มอยู่ จึงต้องการให้งดการก่อสร้างในตอนกลางคืนเพื่อไม่ให้รบกวนการนอนหลับพักผ่อนของผู้ที่พักอาศัยในบริเวณใกล้เคียง
ถนน: วงศ์สว่าง
จุดสังเกต: ห่างจากสี่แยกวงศ์สว่างประมาณ 300 เมตร บริเวณเชิงสะพานข้ามแยก เยื้องกับบิ๊กซีวงศ์สว่าง
เขต: บางซื่อ
#1555",377,1,15,10,9,2024,100.52679,13.8268,28.791555815460676,0,35.0,24.0,100.0,47.0,1013.0,999.0,ปัญหา: ถนนดังกล่าว บริเวณหลังคอนโดมิเนียม The Line วงศ์สว่าง พบมีโครงการก่อสร้างถนนโดยตอกเสาเข็มส่งเสียงดัง เวลา 21.37 น. ยังตอกเสาเข็มอยู่ จึงต้องการให้งดการก่อสร้างในตอนกลางคืนเพื่อไม่ให้รบกวนการนอนหลับพักผ่อนของผู้ที่พักอาศัยในบริเวณใกล้เคียง ถนน: วงศ์สว่าง จุดสังเกต: ห่างจากสี่แยกวงศ์สว่างประมาณ 300 เมตร บริเวณเชิงสะพานข้ามแยก เยื้องกับบิ๊กซีวงศ์สว่าง เขต: บางซื่อ #1555,2.4,"ระดับความเร่งด่วน = MID → มีโอกาส breach ปานกลาง | หมวดปัญหา noise เป็นหมวดเสี่ยงกลางๆ → เสี่ยงปานกลาง | พบ pattern ตัวอักษรที่ model เรียนรู้ว่าเกี่ยวข้องกับ breach (เช่น ถนน, แยก) | คำอธิบายยาวมาก (length=377) → มักเป็นเคสซับซ้อน/ร้องเรียนหลายประเด็น → เสี่ยง breach สูง | ความชื้นสูงมาก (humidity_high=100.0) → สภาพอากาศอาจทำให้การปฏิบัติงานล่าช้า",low
2024-7KX68E,road,สาทร,ยานนาวา,กรุงเทพมหานคร,high,วันที่ 13/03/67 เวลา 7.30 ยังพบมอเตอร์ไซค์ และ มอเตอรไซค์รับจ้าง ขับบนทางเท้าเป็นจำนวนมาก จัดการอะไรสักอย่างในช่วงเวลานี้ด้วยครับ,129,2,12,13,3,2024,100.53498,13.71208,12.46195016349537,0,39.0,25.0,94.0,20.0,1016.0,1005.0,วันที่ 13/03/67 เวลา 7.30 ยังพบมอเตอร์ไซค์ และ มอเตอรไซค์รับจ้าง ขับบนทางเท้าเป็นจำนวนมาก จัดการอะไรสักอย่างในช่วงเวลานี้ด้วยครับ,1.8,ระดับความเร่งด่วน = HIGH (ระบบกำหนด) → เสี่ยงต่อการ breach | หมวดปัญหา road เป็นหมวดเสี่ยงสูง (เช่น น้ำท่วม/ความปลอดภัย),low
2024-9PMK96,safety,บางรัก,สุริยวงศ์,กรุงเทพมหานคร,high,ใต้ต้นไม้ไม่มีเจ้าหน้าที่มาปลูกต้นไม้ให้เรียบร้อยสวยงามครับ,59,0,16,23,9,2024,100.52686,13.72816,14.08306067712731,1,35.0,24.0,100.0,47.0,1013.0,999.0,ใต้ต้นไม้ไม่มีเจ้าหน้าที่มาปลูกต้นไม้ให้เรียบร้อยสวยงามครับ,2.8,ระดับความเร่งด่วน = HIGH (ระบบกำหนด) → เสี่ยงต่อการ breach | หมวดปัญหา safety เป็นหมวดเสี่ยงสูง (เช่น น้ำท่วม/ความปลอดภัย) | พบ pattern ตัวอักษรที่ model เรียนรู้ว่าเกี่ยวข้องกับ breach (เช่น ใต้) | ความชื้นสูงมาก (humidity_high=100.0) → สภาพอากาศอาจทำให้การปฏิบัติงานล่าช้า,medium
2024-GTPWG9,unknown,บางกอกน้อย,บางขุนศรี,กรุงเทพมหานคร,low,มาถมที่ ข้างบ้าน แล้วมีปัณหา คับ,32,3,3,18,1,2024,100.45711,13.76734,90.06795582402778,0,35.0,23.0,94.0,28.0,1020.0,1008.0,มาถมที่ ข้างบ้าน แล้วมีปัณหา คับ,0.4,ระดับความเร่งด่วน = LOW → ความเสี่ยงโดยพื้นฐานไม่สูงมาก | หมวดปัญหา unknown อยู่ในกลุ่มความเสี่ยงต่ำกว่า | แจ้งในช่วงกลางคืน/เช้ามืด (hour=3) → มีโอกาสจัดการได้ช้ากว่าช่วงกลางวัน,low
2024-M2WQE2,road,บางแค,หลักสอง,กรุงเทพมหานคร,high,"ซอยกาญจนาภิเษก 5/1 รถจอดข้างทางซื้อของ ทำให้รถติดในซอย
บางวันก็ขวางถนนเลย คนขับรีบวิ่งไปซื้อของ รถคันหลังก็รอไป 
เป็นทุกเช้า จันทร์ถึงศุกร์
ติดอยู่ 10-15 นาที กว่าจะออกจากซอยได้ ทั้งที่ซอยยาวไม่ถึง 400 เมตร
รบกวนมาจัดระเบียบให้หน่อยค่ะ",235,0,5,3,6,2024,100.39898,13.69572,12.46195016349537,0,36.0,25.0,94.0,44.0,1012.0,1001.0,ซอยกาญจนาภิเษก 5/1 รถจอดข้างทางซื้อของ ทำให้รถติดในซอย บางวันก็ขวางถนนเลย คนขับรีบวิ่งไปซื้อของ รถคันหลังก็รอไป เป็นทุกเช้า จันทร์ถึงศุกร์ ติดอยู่ 10-15 นาที กว่าจะออกจากซอยได้ ทั้งที่ซอยยาวไม่ถึง 400 เมตร รบกวนมาจัดระเบียบให้หน่อยค่ะ,3.4000000000000004,"ระดับความเร่งด่วน = HIGH (ระบบกำหนด) → เสี่ยงต่อการ breach | หมวดปัญหา road เป็นหมวดเสี่ยงสูง (เช่น น้ำท่วม/ความปลอดภัย) | แจ้งในช่วงกลางคืน/เช้ามืด (hour=5) + หมวด road → อาจกระทบความปลอดภัยมาก | พบ pattern ตัวอักษรที่ model เรียนรู้ว่าเกี่ยวข้องกับ breach (เช่น ถนน, นทร) | คำอธิบายยาว (length=235) → มีโอกาสเป็นเคสซับซ้อน",high
2024-8YCDK7,noise,บางกะปิ,หัวหมาก,กรุงเทพมหานคร,mid,เขตบางกะปิ ไม่มีศักยภาพในการจัดการร้าน “ครัวทักษิณ” ตะวันนาได้เลยใช่ไหม เสียงเพลงดังมาก ขณะนี้เวลา 01.18 ยิ่งดึกยิ่งดัง ชาวบ้านไม่ต้องนอนแล้วมั้ง แจ้งไปหลายครั้งไม่เคยทำสำเร็จเลยซักที,183,2,18,11,9,2024,100.64078,13.7639,28.791555815460676,0,35.0,24.0,100.0,47.0,1013.0,999.0,เขตบางกะปิ ไม่มีศักยภาพในการจัดการร้าน “ครัวทักษิณ” ตะวันนาได้เลยใช่ไหม เสียงเพลงดังมาก ขณะนี้เวลา 01.18 ยิ่งดึกยิ่งดัง ชาวบ้านไม่ต้องนอนแล้วมั้ง แจ้งไปหลายครั้งไม่เคยทำสำเร็จเลยซักที,2.1,ระดับความเร่งด่วน = MID → มีโอกาส breach ปานกลาง | หมวดปัญหา noise เป็นหมวดเสี่ยงกลางๆ → เสี่ยงปานกลาง | พบ pattern ตัวอักษรที่ model เรียนรู้ว่าเกี่ยวข้องกับ breach (เช่น ยงเ) | คำอธิบายยาว (length=183) → มีโอกาสเป็นเคสซับซ้อน | ความชื้นสูงมาก (humidity_high=100.0) → สภาพอากาศอาจทำให้การปฏิบัติงานล่าช้า,low
2024-KFDXTF,safety,ดอนเมือง,ดอนเมือง,กรุงเทพมหานคร,high,"ลูกสาวช่วยส่งให้เขตดอนเมืองทีค่ะ เขียนแบบน่าสงสารค่ะ เพื่อได้รับความสนใจ เน้นว่าเราต้องอดทนไม่อยากทะเลาะ

เน้นเรื่องเอาถนนสาธารณะเป็นที่จอดรถส่วนตัวเป็นประจำ

เน้นว่าหนูสงสัยว่าการกระทำนี้ถูกต้อง สมควรเอาเป็นเยี่ยงอย่างได้ใช่ไหมหนูอยากแชร์ข้อมูลให้ทุกคนได้ทำตามไม่ต้องสร้างบ้านมีที่จอดรถเอาถนนสาธารณะมาทำที่จอดรถกันดีกว่า เราจะได้ไม่ต้องขับรถกันอีกเพราะไม่มีถนนให้ขับจะได้ข่วยรถฝุ่นพีเอ็ม สำนักเขตดอนเมืองเห็นด้วยกับหนูไหมคะ",424,4,10,1,3,2024,100.57603,13.91972,14.08306067712731,0,39.0,25.0,94.0,20.0,1016.0,1005.0,ลูกสาวช่วยส่งให้เขตดอนเมืองทีค่ะ เขียนแบบน่าสงสารค่ะ เพื่อได้รับความสนใจ เน้นว่าเราต้องอดทนไม่อยากทะเลาะ เน้นเรื่องเอาถนนสาธารณะเป็นที่จอดรถส่วนตัวเป็นประจำ เน้นว่าหนูสงสัยว่าการกระทำนี้ถูกต้อง สมควรเอาเป็นเยี่ยงอย่างได้ใช่ไหมหนูอยากแชร์ข้อมูลให้ทุกคนได้ทำตามไม่ต้องสร้างบ้านมีที่จอดรถเอาถนนสาธารณะมาทำที่จอดรถกันดีกว่า เราจะได้ไม่ต้องขับรถกันอีกเพราะไม่มีถนนให้ขับจะได้ข่วยรถฝุ่นพีเอ็ม สำนักเขตดอนเมืองเห็นด้วยกับหนูไหมคะ,3.0,"ระดับความเร่งด่วน = HIGH (ระบบกำหนด) → เสี่ยงต่อการ breach | หมวดปัญหา safety เป็นหมวดเสี่ยงสูง (เช่น น้ำท่วม/ความปลอดภัย) | พบ pattern ตัวอักษรที่ model เรียนรู้ว่าเกี่ยวข้องกับ breach (เช่น ถนน, กระ) | คำอธิบายยาวมาก (length=424) → มักเป็นเคสซับซ้อน/ร้องเรียนหลายประเด็น → เสี่ยง breach สูง",medium
2024-89TY8T,road,บางแค,บางไผ่,กรุงเทพมหานคร,high,ร้านสเต็กลุงหนวด ตั้งโต๊ะขายของบนทางเท้าในวันจันทร์ ไม่ทำตามกฎของกรุงเทพ,72,0,22,21,10,2024,100.36401,13.74608,12.46195016349537,0,35.0,23.0,100.0,49.0,1014.0,1002.0,ร้านสเต็กลุงหนวด ตั้งโต๊ะขายของบนทางเท้าในวันจันทร์ ไม่ทำตามกฎของกรุงเทพ,3.5,"ระดับความเร่งด่วน = HIGH (ระบบกำหนด) → เสี่ยงต่อการ breach | หมวดปัญหา road เป็นหมวดเสี่ยงสูง (เช่น น้ำท่วม/ความปลอดภัย) | แจ้งในช่วงกลางคืน/เช้ามืด (hour=22) + หมวด road → อาจกระทบความปลอดภัยมาก | พบ pattern ตัวอักษรที่ model เรียนรู้ว่าเกี่ยวข้องกับ breach (เช่น  ตั, นทร) | ความชื้นสูงมาก (humidity_high=100.0) → สภาพอากาศอาจทำให้การปฏิบัติงานล่าช้า",high
2024-PCXCN7,road,จตุจักร,ลาดยาว,กรุงเทพมหานคร,high,ติดตั้งสิ่งกีดขวางเป็นยางเก่ายื่นสูงจากพื้นบนทางสาธารณะ 4 จุด,61,0,3,2,9,2024,100.5623,13.8415,12.46195016349537,0,35.0,24.0,100.0,47.0,1013.0,999.0,ติดตั้งสิ่งกีดขวางเป็นยางเก่ายื่นสูงจากพื้นบนทางสาธารณะ 4 จุด,3.5,ระดับความเร่งด่วน = HIGH (ระบบกำหนด) → เสี่ยงต่อการ breach | หมวดปัญหา road เป็นหมวดเสี่ยงสูง (เช่น น้ำท่วม/ความปลอดภัย) | แจ้งในช่วงกลางคืน/เช้ามืด (hour=3) + หมวด road → อาจกระทบความปลอดภัยมาก | พบ pattern ตัวอักษรที่ model เรียนรู้ว่าเกี่ยวข้องกับ breach (เช่น  4 ) | ความชื้นสูงมาก (humidity_high=100.0) → สภาพอากาศอาจทำให้การปฏิบัติงานล่าช้า,high
WTRLDW,road,บางรัก,สุริยวงศ์,กรุงเทพมหานคร,high,"ปัญหา: บริเวณบนสะพานลอยทางเชื่อมระหว่างโรงพยาบาลจุฬา ลงกรณ์ มารถไฟฟ้าสถานีศาลาแดง พบคนต่างด้าวจำนวน 3 คนขายพวงมาลัยบนสะพานลอยเป็นประจำทุกวัน ช่วงเวลา 6.00น.เป็นต้นไปจึงต้องการให้ดำเนินการกับคนต่างด้าวดังกล่าว
ถนน: พระรามที่ 4
จุดสังเกต: แยกศาลาแดงมุ่งหน้าสีลมใต้สะพานไทยญี่ปุ่นเป็นสะพานเชื่อมหน้าสวนลุมพินี
เขต: ปทุมวัน
#1555",326,2,8,1,5,2024,100.53629,13.72963,12.46195016349537,1,40.0,24.0,100.0,29.0,1014.0,1001.0,ปัญหา: บริเวณบนสะพานลอยทางเชื่อมระหว่างโรงพยาบาลจุฬา ลงกรณ์ มารถไฟฟ้าสถานีศาลาแดง พบคนต่างด้าวจำนวน 3 คนขายพวงมาลัยบนสะพานลอยเป็นประจำทุกวัน ช่วงเวลา 6.00น.เป็นต้นไปจึงต้องการให้ดำเนินการกับคนต่างด้าวดังกล่าว ถนน: พระรามที่ 4 จุดสังเกต: แยกศาลาแดงมุ่งหน้าสีลมใต้สะพานไทยญี่ปุ่นเป็นสะพานเชื่อมหน้าสวนลุมพินี เขต: ปทุมวัน #1555,3.5,"ระดับความเร่งด่วน = HIGH (ระบบกำหนด) → เสี่ยงต่อการ breach | หมวดปัญหา road เป็นหมวดเสี่ยงสูง (เช่น น้ำท่วม/ความปลอดภัย) | แจ้งช่วงเช้า (hour=8) ซึ่งเป็นช่วงงานล้นของหน่วยงาน → มีโอกาส delay เล็กน้อย | พบ pattern ตัวอักษรที่ model เรียนรู้ว่าเกี่ยวข้องกับ breach (เช่น นสะ, ถนน) | คำอธิบายยาวมาก (length=326) → มักเป็นเคสซับซ้อน/ร้องเรียนหลายประเด็น → เสี่ยง breach สูง | ความชื้นสูงมาก (humidity_high=100.0) → สภาพอากาศอาจทำให้การปฏิบัติงานล่าช้า",high
2025-DYWAFM,safety,ป้อมปราบศัตรูพ่าย,คลองมหานาค,กรุงเทพมหานคร,high,สอบถามหน่อยครับพอดีเห็นต้นไม้ที่เพิ่งตัดแต่งเหลือแต่ต้นไม่รู้มันจะรอดหรือเปล่า,78,0,10,13,1,2025,100.51083,13.75641,14.08306067712731,0,36.0,17.0,100.0,24.0,1021.0,1006.0,สอบถามหน่อยครับพอดีเห็นต้นไม้ที่เพิ่งตัดแต่งเหลือแต่ต้นไม่รู้มันจะรอดหรือเปล่า,2.1,ระดับความเร่งด่วน = HIGH (ระบบกำหนด) → เสี่ยงต่อการ breach | หมวดปัญหา safety เป็นหมวดเสี่ยงสูง (เช่น น้ำท่วม/ความปลอดภัย) | ความชื้นสูงมาก (humidity_high=100.0) → สภาพอากาศอาจทำให้การปฏิบัติงานล่าช้า,low
NEEXUM,road,ตลิ่งชัน,บางระมาด,กรุงเทพมหานคร,high,"ปัญหา: ภายในซอยดังกล่าว พบไฟส่องสว่างสาธารณะดับจำนวนหลายดวง อยากให้เจ้าหน้าที่เปลี่ยนเป็นหลอดไฟ LED เนื่องจากช่วงกลางคืนภายในซอยมืดมากเกรงว่าจะไม่ปลอดภัย
ซอย: ราชพฤกษ์ 17
ถนน: ราชพฤกษ์
จุดสังเกต: จุดที่ไฟดับจะมีดังนี้
จุดที่ 1. ขึ้นสะพานข้ามคลองลัดถมยาบริเวณปากซอยเข้าไปประมาณ 600 เมตร เลยจากกอไผ่ เป็นเสาเลขที่ ธ 7 อยู่ฝั่งซ้ายมือ
จุดที่ 2. เลยจากจุดที่ 1 ไปประมาณ 200 เมตร เลี้ยวขวาทางเข้าซอยเลียบกำแพงบ้านเช่าสีเขียว บริเวณบ้านเลขที่ 45/5 เสาไฟจะอยู่ฝั่งขวามือ จุดนี้ดับประมาณ 3 ดวง
เขต: ตลิ่งชัน
#1555",506,1,14,13,2,2024,100.44342,13.77225,12.46195016349537,1,37.0,22.0,94.0,30.0,1021.0,1007.0,ปัญหา: ภายในซอยดังกล่าว พบไฟส่องสว่างสาธารณะดับจำนวนหลายดวง อยากให้เจ้าหน้าที่เปลี่ยนเป็นหลอดไฟ LED เนื่องจากช่วงกลางคืนภายในซอยมืดมากเกรงว่าจะไม่ปลอดภัย ซอย: ราชพฤกษ์ 17 ถนน: ราชพฤกษ์ จุดสังเกต: จุดที่ไฟดับจะมีดังนี้ จุดที่ 1. ขึ้นสะพานข้ามคลองลัดถมยาบริเวณปากซอยเข้าไปประมาณ 600 เมตร เลยจากกอไผ่ เป็นเสาเลขที่ ธ 7 อยู่ฝั่งซ้ายมือ จุดที่ 2. เลยจากจุดที่ 1 ไปประมาณ 200 เมตร เลี้ยวขวาทางเข้าซอยเลียบกำแพงบ้านเช่าสีเขียว บริเวณบ้านเลขที่ 45/5 เสาไฟจะอยู่ฝั่งขวามือ จุดนี้ดับประมาณ 3 ดวง เขต: ตลิ่งชัน #1555,3.0,"ระดับความเร่งด่วน = HIGH (ระบบกำหนด) → เสี่ยงต่อการ breach | หมวดปัญหา road เป็นหมวดเสี่ยงสูง (เช่น น้ำท่วม/ความปลอดภัย) | พบ pattern ตัวอักษรที่ model เรียนรู้ว่าเกี่ยวข้องกับ breach (เช่น ดับ,  เสา) | คำอธิบายยาวมาก (length=506) → มักเป็นเคสซับซ้อน/ร้องเรียนหลายประเด็น → เสี่ยง breach สูง",medium
2024-E4ZNTB,noise,จอมทอง,จอมทอง,กรุงเทพมหานคร,mid,ข้างบ้านส่งเสียงดังในเวลากลางคืนรบกวนเวลานอนร้องเรียนได้รึป่าว,62,2,15,6,3,2024,100.46887,13.69827,28.791555815460676,0,39.0,25.0,94.0,20.0,1016.0,1005.0,ข้างบ้านส่งเสียงดังในเวลากลางคืนรบกวนเวลานอนร้องเรียนได้รึป่าว,0.9,ระดับความเร่งด่วน = MID → มีโอกาส breach ปานกลาง | หมวดปัญหา noise เป็นหมวดเสี่ยงกลางๆ → เสี่ยงปานกลาง,low
2024-EXLKQ8,road,พญาไท,สามเสนใน,กรุงเทพมหานคร,high,กรุณามาลงพื้นที่ เสาร์ อาทิตย์ บ้าง มาจอด ยึดทางเท้า ขับขี่ ซื้อไก่ปิ้ง ประจำ,77,6,1,28,4,2024,100.5437,13.79077,12.46195016349537,0,41.0,28.0,89.0,19.0,1012.0,1002.0,กรุณามาลงพื้นที่ เสาร์ อาทิตย์ บ้าง มาจอด ยึดทางเท้า ขับขี่ ซื้อไก่ปิ้ง ประจำ,3.2,ระดับความเร่งด่วน = HIGH (ระบบกำหนด) → เสี่ยงต่อการ breach | หมวดปัญหา road เป็นหมวดเสี่ยงสูง (เช่น น้ำท่วม/ความปลอดภัย) | แจ้งในช่วงกลางคืน/เช้ามืด (hour=1) + หมวด road → อาจกระทบความปลอดภัยมาก | พบ pattern ตัวอักษรที่ model เรียนรู้ว่าเกี่ยวข้องกับ breach (เช่น  เสา),high
2024-HTFY72,safety,ดุสิต,สี่แยกมหานาค,กรุงเทพมหานคร,high,ขอให้จัดสรรงบประมาณ เพื่อก่อสร้างสะพานลอยให้ประชาชนข้ามถนนแยกยมราช ปัจจุบันประชาชนเดือดร้อนมาก ข้ามแยกลำบาก รถบนท้องถนนมาเร็วมากและไม่ค่อยหยุดรถให้คนข้ามถนน ทั้งนี้ เป็นการลดอุบัติเหตุและอำนวยความสะดวกให้ประชาชนเดินทางเท้าด้วย,226,3,1,19,12,2024,100.5202,13.75733,14.08306067712731,0,34.0,19.0,94.0,35.0,1018.0,1006.0,ขอให้จัดสรรงบประมาณ เพื่อก่อสร้างสะพานลอยให้ประชาชนข้ามถนนแยกยมราช ปัจจุบันประชาชนเดือดร้อนมาก ข้ามแยกลำบาก รถบนท้องถนนมาเร็วมากและไม่ค่อยหยุดรถให้คนข้ามถนน ทั้งนี้ เป็นการลดอุบัติเหตุและอำนวยความสะดวกให้ประชาชนเดินทางเท้าด้วย,3.4000000000000004,"ระดับความเร่งด่วน = HIGH (ระบบกำหนด) → เสี่ยงต่อการ breach | หมวดปัญหา safety เป็นหมวดเสี่ยงสูง (เช่น น้ำท่วม/ความปลอดภัย) | แจ้งในช่วงกลางคืน/เช้ามืด (hour=1) + หมวด safety → อาจกระทบความปลอดภัยมาก | พบ pattern ตัวอักษรที่ model เรียนรู้ว่าเกี่ยวข้องกับ breach (เช่น ถนน, หยุ) | คำอธิบายยาว (length=226) → มีโอกาสเป็นเคสซับซ้อน",high
A3K96R,lighting,ดินแดง,ดินแดง,กรุงเทพมหานคร,high,"ปัญหา: เรื่องเดิม พบดวงไฟฟ้าส่องสว่างทางดับชำรุดจำนวนหลายดวง ทำให้บริเวณดังกล่าวมืดมาก พบเห็นมานานหลายเดือน อ้างอิงเลขที่รับแจ้ง 6THCTU เจ้าหน้าที่ตอบกลับมาเมื่อวันที่ 1 ก.พ. 67 แจ้งว่า กฟน.สามเสน กำลังดำเนินการสำรวจและประมาณราคาค่าใช้จ่ายเพื่อแจ้งหนังสือกลับไปยังสำนักงานเขตต่อไปครับ

ผู้ร้องแจ้งว่า แจ้งเรื่องมานานแล้ว แต่ยังไม่ได้รับการแก้ไขปัญหา พบดวงไฟฟ้าส่องสว่างทางดับชำรุดเช่นเดิม
ซอย: อินทรามระ 41
ถนน: สุทธิสารวินิจฉัย
จุดสังเกต: ตลอดทั้งซอยดังกล่าว ตั้งแต่ปากซอยอินทรามระ 41 ไปจนถึงสุดซอยแยก ซอยพร้อมสุดอนุสรณ์ 
เขต: ดินแดง
#1555",541,1,5,2,4,2024,100.56711,13.79033,73.68319893052893,1,41.0,28.0,89.0,19.0,1012.0,1002.0,ปัญหา: เรื่องเดิม พบดวงไฟฟ้าส่องสว่างทางดับชำรุดจำนวนหลายดวง ทำให้บริเวณดังกล่าวมืดมาก พบเห็นมานานหลายเดือน อ้างอิงเลขที่รับแจ้ง 6THCTU เจ้าหน้าที่ตอบกลับมาเมื่อวันที่ 1 ก.พ. 67 แจ้งว่า กฟน.สามเสน กำลังดำเนินการสำรวจและประมาณราคาค่าใช้จ่ายเพื่อแจ้งหนังสือกลับไปยังสำนักงานเขตต่อไปครับ ผู้ร้องแจ้งว่า แจ้งเรื่องมานานแล้ว แต่ยังไม่ได้รับการแก้ไขปัญหา พบดวงไฟฟ้าส่องสว่างทางดับชำรุดเช่นเดิม ซอย: อินทรามระ 41 ถนน: สุทธิสารวินิจฉัย จุดสังเกต: ตลอดทั้งซอยดังกล่าว ตั้งแต่ปากซอยอินทรามระ 41 ไปจนถึงสุดซอยแยก ซอยพร้อมสุดอนุสรณ์ เขต: ดินแดง #1555,3.7,"ระดับความเร่งด่วน = HIGH (ระบบกำหนด) → เสี่ยงต่อการ breach | หมวดปัญหา lighting เป็นหมวดเสี่ยงสูง (เช่น น้ำท่วม/ความปลอดภัย) | แจ้งในช่วงกลางคืน/เช้ามืด (hour=5) + หมวด lighting → อาจกระทบความปลอดภัยมาก | พบ pattern ตัวอักษรที่ model เรียนรู้ว่าเกี่ยวข้องกับ breach (เช่น ดับ, ถนน) | คำอธิบายยาวมาก (length=541) → มักเป็นเคสซับซ้อน/ร้องเรียนหลายประเด็น → เสี่ยง breach สูง",high
2024-8M6Z8E,unknown,บางแค,หลักสอง,กรุงเทพมหานคร,low,อยากทราบว่าอันนี้เป็นของ กทม หรือไม่ครับ,40,4,15,19,1,2024,100.38774,13.70432,90.06795582402778,1,35.0,23.0,94.0,28.0,1020.0,1008.0,อยากทราบว่าอันนี้เป็นของ กทม หรือไม่ครับ,0.0,ระดับความเร่งด่วน = LOW → ความเสี่ยงโดยพื้นฐานไม่สูงมาก | หมวดปัญหา unknown อยู่ในกลุ่มความเสี่ยงต่ำกว่า,low
2025-6GK9BK,road,ห้วยขวาง,สามเสนนอก,กรุงเทพมหานคร,high,ผับเปิดเกินเวลา ผับอยู่บริเวณ ชั้น 2 โรงแรม นาซ่า การ์เด้น ซอย 20 มิถุนา แยก 4 ถนนสุทธิสาร รบกวนประชาชนโดยรอบ บางวันผับเปิดถึงเช้า มีนักท่องเที่ยวทั้งไทยและจีน เมาออกมา ขอความเมตตาภาครัฐช่วยเหลือประชาชนที่ต้องทำมาหากินด้วยเถิด ย้ายเขาไปอยู่ในที่เหมาะสมจะดีกว่า,260,4,17,3,1,2025,100.58276,13.78706,12.46195016349537,0,36.0,17.0,100.0,24.0,1021.0,1006.0,ผับเปิดเกินเวลา ผับอยู่บริเวณ ชั้น 2 โรงแรม นาซ่า การ์เด้น ซอย 20 มิถุนา แยก 4 ถนนสุทธิสาร รบกวนประชาชนโดยรอบ บางวันผับเปิดถึงเช้า มีนักท่องเที่ยวทั้งไทยและจีน เมาออกมา ขอความเมตตาภาครัฐช่วยเหลือประชาชนที่ต้องทำมาหากินด้วยเถิด ย้ายเขาไปอยู่ในที่เหมาะสมจะดีกว่า,3.0,"ระดับความเร่งด่วน = HIGH (ระบบกำหนด) → เสี่ยงต่อการ breach | หมวดปัญหา road เป็นหมวดเสี่ยงสูง (เช่น น้ำท่วม/ความปลอดภัย) | พบ pattern ตัวอักษรที่ model เรียนรู้ว่าเกี่ยวข้องกับ breach (เช่น ถนน,  4 ) | คำอธิบายยาว (length=260) → มีโอกาสเป็นเคสซับซ้อน | ความชื้นสูงมาก (humidity_high=100.0) → สภาพอากาศอาจทำให้การปฏิบัติงานล่าช้า",medium
2024-PB68YZ,noise,ดินแดง,ดินแดง,กรุงเทพมหานคร,mid,เรียน ท่านผู้ว่าฯ ชัชชาติ สิทธิพันธุ์ ขอความช่วยเหลือเร่งรัดเรื่องจดทะเบียนวิน(รถจักรยานยนต์สาธารณะ) ของเขตดินแดงด้วยครับ เนื่องจากได้รับความเดือดร้อนมีคนถ่ายรูปวินป้ายขาวส่งให้ ทางขนส่งเเล้วถูกปรับ ครั้งละ 2000 บาท มีทั้งเจ้าหน้าที่จับและปรับเนื่องจากใช้รถผิดประเภทแต่ทางวินได้มีการยืนเรื่องให้ทางสำนักงานเขตดินแดงเเล้วตั้งแต่เดือน กรกฎาคม 2566 จนตอนนี้ผ่านมาเกือบปียังไม่ได้รับการจดเบียน ทำให้เดือดร้อนต้องโดนปรับ อาชีพสุจริต ปากท้องรอไม่ได้ โดยเห็นใจและขอความช่วยเหลือจากท่านด้วยครับ,486,5,9,27,4,2024,100.5531,13.76985,28.791555815460676,0,41.0,28.0,89.0,19.0,1012.0,1002.0,เรียน ท่านผู้ว่าฯ ชัชชาติ สิทธิพันธุ์ ขอความช่วยเหลือเร่งรัดเรื่องจดทะเบียนวิน(รถจักรยานยนต์สาธารณะ) ของเขตดินแดงด้วยครับ เนื่องจากได้รับความเดือดร้อนมีคนถ่ายรูปวินป้ายขาวส่งให้ ทางขนส่งเเล้วถูกปรับ ครั้งละ 2000 บาท มีทั้งเจ้าหน้าที่จับและปรับเนื่องจากใช้รถผิดประเภทแต่ทางวินได้มีการยืนเรื่องให้ทางสำนักงานเขตดินแดงเเล้วตั้งแต่เดือน กรกฎาคม 2566 จนตอนนี้ผ่านมาเกือบปียังไม่ได้รับการจดเบียน ทำให้เดือดร้อนต้องโดนปรับ อาชีพสุจริต ปากท้องรอไม่ได้ โดยเห็นใจและขอความช่วยเหลือจากท่านด้วยครับ,2.3,"ระดับความเร่งด่วน = MID → มีโอกาส breach ปานกลาง | หมวดปัญหา noise เป็นหมวดเสี่ยงกลางๆ → เสี่ยงปานกลาง | แจ้งช่วงเช้า (hour=9) ซึ่งเป็นช่วงงานล้นของหน่วยงาน → มีโอกาส delay เล็กน้อย | พบ pattern ตัวอักษรที่ model เรียนรู้ว่าเกี่ยวข้องกับ breach (เช่น งรั,  ทา) | คำอธิบายยาวมาก (length=486) → มักเป็นเคสซับซ้อน/ร้องเรียนหลายประเด็น → เสี่ยง breach สูง",low
2024-N7RXNP,cleaning,ทวีวัฒนา,ทวีวัฒนา,กรุงเทพมหานคร,mid,อาทิตย์นี้รถขยะไม่เข้ามาเก็บขยะ,31,5,11,30,3,2024,100.35519,13.76199,11.866649166648148,0,39.0,25.0,94.0,20.0,1016.0,1005.0,อาทิตย์นี้รถขยะไม่เข้ามาเก็บขยะ,0.9,ระดับความเร่งด่วน = MID → มีโอกาส breach ปานกลาง | หมวดปัญหา cleaning เป็นหมวดเสี่ยงกลางๆ → เสี่ยงปานกลาง,low
2024-9U6T2B,road,สัมพันธวงศ์,จักรวรรดิ,กรุงเทพมหานคร,high,ขอให้ท่านเจ้าหน้าที่สำนักงานเขตสัมพันธวงศ์ช่วยมาดำเนินการกับผู้ค้าที่ตั้งวางสินค้าบนถนนสาธารณะกีดขวางการจราจรบริเวณทางโค้งตรงข้ามสนจักรวรรดิ,140,1,10,28,5,2024,100.50525,13.74001,12.46195016349537,0,40.0,24.0,100.0,29.0,1014.0,1001.0,ขอให้ท่านเจ้าหน้าที่สำนักงานเขตสัมพันธวงศ์ช่วยมาดำเนินการกับผู้ค้าที่ตั้งวางสินค้าบนถนนสาธารณะกีดขวางการจราจรบริเวณทางโค้งตรงข้ามสนจักรวรรดิ,2.8,ระดับความเร่งด่วน = HIGH (ระบบกำหนด) → เสี่ยงต่อการ breach | หมวดปัญหา road เป็นหมวดเสี่ยงสูง (เช่น น้ำท่วม/ความปลอดภัย) | พบ pattern ตัวอักษรที่ model เรียนรู้ว่าเกี่ยวข้องกับ breach (เช่น ถนน) | ความชื้นสูงมาก (humidity_high=100.0) → สภาพอากาศอาจทำให้การปฏิบัติงานล่าช้า,medium
2024-6Q68VL,lighting,ห้วยขวาง,ห้วยขวาง,กรุงเทพมหานคร,high,ไฟฟ้าแสงจันทร์ดับครับ,21,3,10,13,6,2024,100.57999,13.78013,73.68319893052893,0,36.0,25.0,94.0,44.0,1012.0,1001.0,ไฟฟ้าแสงจันทร์ดับครับ,2.5,"ระดับความเร่งด่วน = HIGH (ระบบกำหนด) → เสี่ยงต่อการ breach | หมวดปัญหา lighting เป็นหมวดเสี่ยงสูง (เช่น น้ำท่วม/ความปลอดภัย) | พบ pattern ตัวอักษรที่ model เรียนรู้ว่าเกี่ยวข้องกับ breach (เช่น ดับ, นทร)",low
BFGNWM,safety,ประเวศ,ดอกไม้,กรุงเทพมหานคร,high,"ปัญหา: เดิมแจ้งเรื่อง พบร้าน ณ บางแก้ว บาร์ มีการตั้งวางโต๊ะ เก้าอี้ กีดขวางทางสัญจรบนบาทวิถี ตั้งแต่ช่วงเวลา 22.00-02.30 น.เป็นประจำทุกวัน (โดยเฉพาะวันศุกร์ วันเสาร์ และวันอาทิตย์) พบเห็นเป็นเวลานานแล้ว ทำให้ผู้ที่สัญจรผ่านต้องลงไปเดินบนผิวการจราจร ซึ่งจุดดังกล่าวอยู่ใกล้กับแยกไฟแดง เกรงว่าจะเกิดอันตรายกับผู้ที่สัญจรผ่าน 

อ้างอิงเลขที่รับแจ้ง JNTUEC เจ้าหน้าที่ตอบกลับเมื่อวันที่ 25 ก.ย. 67 แจ้งว่า ได้ออกขันตรวจตาเป็นประจำทุกวัน ไม่ให้มีการฝ่าฝืนการตั้งวาง บนที่สาธารณะ

ผู้ร้องแจ้งว่า ทุกวันศุกร์ เสาร์ อาทิตย์ ยังพบร้าน ณ บางแก้ว บาร์ ตั้งวางโต๊ะ เก้าอี้ กีดขวางทางสัญจรบนบาทวิถีอยู่เช่นเดิม ทำให้ผู้ที่สัญจรผ่านต้องลงไปเดินบนผิวการจราจร เกรงว่าอาจเกิดอันตรายได้ ขอให้เจ้าหน้าที่ที่เกี่ยวข้องดำเนินการตรวจสอบและแก้ไขอีกครั้ง รวมถึงติดตั้งป้ายห้ามตั้งวางของบนบาทวิถีด้วย
ซอย: เฉลิมพระเกียรติร.9 ที่ 28 (ซอยทุ่งลานนา) 
ถนน: เฉลิมพระเกียรติ ร.9
จุดสังเกต: เข้าซอยดังกล่าวไปประมาณ 1 กิโลเมตร บริเวณสี่แยกไฟแดง ณ บางแก้ว ขวามือ
เขต: ประเวศ
#1555",948,4,23,27,9,2024,100.6765,13.67517,14.08306067712731,0,35.0,24.0,100.0,47.0,1013.0,999.0,ปัญหา: เดิมแจ้งเรื่อง พบร้าน ณ บางแก้ว บาร์ มีการตั้งวางโต๊ะ เก้าอี้ กีดขวางทางสัญจรบนบาทวิถี ตั้งแต่ช่วงเวลา 22.00-02.30 น.เป็นประจำทุกวัน (โดยเฉพาะวันศุกร์ วันเสาร์ และวันอาทิตย์) พบเห็นเป็นเวลานานแล้ว ทำให้ผู้ที่สัญจรผ่านต้องลงไปเดินบนผิวการจราจร ซึ่งจุดดังกล่าวอยู่ใกล้กับแยกไฟแดง เกรงว่าจะเกิดอันตรายกับผู้ที่สัญจรผ่าน อ้างอิงเลขที่รับแจ้ง JNTUEC เจ้าหน้าที่ตอบกลับเมื่อวันที่ 25 ก.ย. 67 แจ้งว่า ได้ออกขันตรวจตาเป็นประจำทุกวัน ไม่ให้มีการฝ่าฝืนการตั้งวาง บนที่สาธารณะ ผู้ร้องแจ้งว่า ทุกวันศุกร์ เสาร์ อาทิตย์ ยังพบร้าน ณ บางแก้ว บาร์ ตั้งวางโต๊ะ เก้าอี้ กีดขวางทางสัญจรบนบาทวิถีอยู่เช่นเดิม ทำให้ผู้ที่สัญจรผ่านต้องลงไปเดินบนผิวการจราจร เกรงว่าอาจเกิดอันตรายได้ ขอให้เจ้าหน้าที่ที่เกี่ยวข้องดำเนินการตรวจสอบและแก้ไขอีกครั้ง รวมถึงติดตั้งป้ายห้ามตั้งวางของบนบาทวิถีด้วย ซอย: เฉลิมพระเกียรติร.9 ที่ 28 (ซอยทุ่งลานนา) ถนน: เฉลิมพระเกียรติ ร.9 จุดสังเกต: เข้าซอยดังกล่าวไปประมาณ 1 กิโลเมตร บริเวณสี่แยกไฟแดง ณ บางแก้ว ขวามือ เขต: ประเวศ #1555,4.0,"ระดับความเร่งด่วน = HIGH (ระบบกำหนด) → เสี่ยงต่อการ breach | หมวดปัญหา safety เป็นหมวดเสี่ยงสูง (เช่น น้ำท่วม/ความปลอดภัย) | แจ้งในช่วงกลางคืน/เช้ามืด (hour=23) + หมวด safety → อาจกระทบความปลอดภัยมาก | พบ pattern ตัวอักษรที่ model เรียนรู้ว่าเกี่ยวข้องกับ breach (เช่น  เสา, ถนน) | คำอธิบายยาวมาก (length=948) → มักเป็นเคสซับซ้อน/ร้องเรียนหลายประเด็น → เสี่ยง breach สูง | ความชื้นสูงมาก (humidity_high=100.0) → สภาพอากาศอาจทำให้การปฏิบัติงานล่าช้า",high
2024-P2ZLP8,lighting,หนองแขม,หนองค้างพลู,กรุงเทพมหานคร,high,ไฟเกาะกลางถนน หน้าซอยพุทธมณฑลสาย3ซอย1 ดับทั้ง2ฝั่ง อีกแล้ว,58,1,11,17,12,2024,100.36404,13.71534,73.68319893052893,0,34.0,19.0,94.0,35.0,1018.0,1006.0,ไฟเกาะกลางถนน หน้าซอยพุทธมณฑลสาย3ซอย1 ดับทั้ง2ฝั่ง อีกแล้ว,2.5,"ระดับความเร่งด่วน = HIGH (ระบบกำหนด) → เสี่ยงต่อการ breach | หมวดปัญหา lighting เป็นหมวดเสี่ยงสูง (เช่น น้ำท่วม/ความปลอดภัย) | พบ pattern ตัวอักษรที่ model เรียนรู้ว่าเกี่ยวข้องกับ breach (เช่น ดับ, ถนน)",low
2024-KAZQFC,lighting,บางกอกน้อย,บางขุนนนท์,กรุงเทพมหานคร,high,ไฟฟ้าทางเข้าซอยบ้านขุนนนท์29 ยังไม่สว่าง ขอให้มาติดตั้งไฟฟ้าให้ส่องสว่างด้วยนะค่ะ,81,4,12,19,4,2024,100.46627,13.7743,73.68319893052893,1,41.0,28.0,89.0,19.0,1012.0,1002.0,ไฟฟ้าทางเข้าซอยบ้านขุนนนท์29 ยังไม่สว่าง ขอให้มาติดตั้งไฟฟ้าให้ส่องสว่างด้วยนะค่ะ,1.8,ระดับความเร่งด่วน = HIGH (ระบบกำหนด) → เสี่ยงต่อการ breach | หมวดปัญหา lighting เป็นหมวดเสี่ยงสูง (เช่น น้ำท่วม/ความปลอดภัย),low
2024-FBTVAA,flood,ทวีวัฒนา,ทวีวัฒนา,กรุงเทพมหานคร,high,บริเวณทางแยกถนนกาญจนาภิเษก ทางขนาน (ฝั่งมุ่งหน้าไปบางแค)เข้าสู่ถนนพรานนก-พุทธมณฑลสาย 4   พบว่ามีขอบฝาท่อระบายน้ำที่ทำใหม่แตกชำรุด ทำให้เกิดความสูงระหว่างถนนกับฝาท่อ รบกวนแก้ไข  เนื่องจากรถทางใช้เยอะ ช่วงล่างเสียหาย และชลอตัวจุดนี้ทุกวัน,236,3,2,4,4,2024,100.40629,13.75676,11.670945969684022,1,41.0,28.0,89.0,19.0,1012.0,1002.0,บริเวณทางแยกถนนกาญจนาภิเษก ทางขนาน (ฝั่งมุ่งหน้าไปบางแค)เข้าสู่ถนนพรานนก-พุทธมณฑลสาย 4 พบว่ามีขอบฝาท่อระบายน้ำที่ทำใหม่แตกชำรุด ทำให้เกิดความสูงระหว่างถนนกับฝาท่อ รบกวนแก้ไข เนื่องจากรถทางใช้เยอะ ช่วงล่างเสียหาย และชลอตัวจุดนี้ทุกวัน,3.1000000000000005,"ระดับความเร่งด่วน = HIGH (ระบบกำหนด) → เสี่ยงต่อการ breach | หมวดปัญหา flood เป็นหมวดเสี่ยงสูง (เช่น น้ำท่วม/ความปลอดภัย) | แจ้งในช่วงกลางคืน/เช้ามืด (hour=2) → มีโอกาสจัดการได้ช้ากว่าช่วงกลางวัน | พบ pattern ตัวอักษรที่ model เรียนรู้ว่าเกี่ยวข้องกับ breach (เช่น ถนน,  4 ) | คำอธิบายยาว (length=236) → มีโอกาสเป็นเคสซับซ้อน",medium
2024-BPW4YV,road,คันนายาว,รามอินทรา,กรุงเทพมหานคร,high,"รถจอดบนถนน สาธารณะ บริเวณซอยรามอินทรา 83 แขวงรามอินทรา เขตคันนายาว กทม. 

มีการจอดรถบนถนน ซอยรามอินทรา 83,85 จอดสลับฟันปลากัน จอดตลอดทั้งซอย รถก็ติด เสี่ยงเกิดอุบัติเหตุมาก อันตรายมากๆเลยครับ กลางคืนรถขับกันเร็วไม่พอ คนเดินเท้าต้องคอยหลบรถคันข้างหลัง และเลนตรงข้าม เพราะมีรถจอด เป็นปัญหามานานมาก ถนนสองเลน จอดรถ 1 เลน ยิ่งช่วงเวลาทำการรถวิ่งได้แค่เลนเดียว",355,3,15,4,7,2024,100.66877,13.83544,12.46195016349537,0,36.0,24.0,100.0,47.0,1012.0,1001.0,"รถจอดบนถนน สาธารณะ บริเวณซอยรามอินทรา 83 แขวงรามอินทรา เขตคันนายาว กทม. มีการจอดรถบนถนน ซอยรามอินทรา 83,85 จอดสลับฟันปลากัน จอดตลอดทั้งซอย รถก็ติด เสี่ยงเกิดอุบัติเหตุมาก อันตรายมากๆเลยครับ กลางคืนรถขับกันเร็วไม่พอ คนเดินเท้าต้องคอยหลบรถคันข้างหลัง และเลนตรงข้าม เพราะมีรถจอด เป็นปัญหามานานมาก ถนนสองเลน จอดรถ 1 เลน ยิ่งช่วงเวลาทำการรถวิ่งได้แค่เลนเดียว",3.3,"ระดับความเร่งด่วน = HIGH (ระบบกำหนด) → เสี่ยงต่อการ breach | หมวดปัญหา road เป็นหมวดเสี่ยงสูง (เช่น น้ำท่วม/ความปลอดภัย) | พบ pattern ตัวอักษรที่ model เรียนรู้ว่าเกี่ยวข้องกับ breach (เช่น ถนน, นทร) | คำอธิบายยาวมาก (length=355) → มักเป็นเคสซับซ้อน/ร้องเรียนหลายประเด็น → เสี่ยง breach สูง | ความชื้นสูงมาก (humidity_high=100.0) → สภาพอากาศอาจทำให้การปฏิบัติงานล่าช้า",high
2024-EZGAWV,road,มีนบุรี,มีนบุรี,กรุงเทพมหานคร,high,จอดรถบนถนนกีดขวางจราจร,22,2,12,31,1,2024,100.73337,13.81076,12.46195016349537,0,35.0,23.0,94.0,28.0,1020.0,1008.0,จอดรถบนถนนกีดขวางจราจร,2.5,ระดับความเร่งด่วน = HIGH (ระบบกำหนด) → เสี่ยงต่อการ breach | หมวดปัญหา road เป็นหมวดเสี่ยงสูง (เช่น น้ำท่วม/ความปลอดภัย) | พบ pattern ตัวอักษรที่ model เรียนรู้ว่าเกี่ยวข้องกับ breach (เช่น ถนน),low
2024-HEP7HA,lighting,คันนายาว,รามอินทรา,กรุงเทพมหานคร,high,มีกล่องอุปกรณ์ไฟฟ้าหล่นติดค้างบนสายไฟฟ้า มีสายไฟห้อยลงมา,56,1,13,26,11,2024,100.65973,13.84029,73.68319893052893,0,35.0,21.0,100.0,41.0,1016.0,1006.0,มีกล่องอุปกรณ์ไฟฟ้าหล่นติดค้างบนสายไฟฟ้า มีสายไฟห้อยลงมา,2.1,ระดับความเร่งด่วน = HIGH (ระบบกำหนด) → เสี่ยงต่อการ breach | หมวดปัญหา lighting เป็นหมวดเสี่ยงสูง (เช่น น้ำท่วม/ความปลอดภัย) | ความชื้นสูงมาก (humidity_high=100.0) → สภาพอากาศอาจทำให้การปฏิบัติงานล่าช้า,low
2024-LA8XEK,road,ธนบุรี,บุคคโล,กรุงเทพมหานคร,high,รบกวนกวดขันรถที่ขึ้นมาจอดมาจับขี่บนทางเท้าเช่น ช่วงแยกมไหสวรรค์-หน้าโรงพยาบาลสมเด็จพระปิ่นเกล้า  ภาพนี้พบเห็นเมื่อ 3 ก.ค. 67,124,2,2,3,7,2024,100.48701,13.70908,12.46195016349537,0,36.0,24.0,100.0,47.0,1012.0,1001.0,รบกวนกวดขันรถที่ขึ้นมาจอดมาจับขี่บนทางเท้าเช่น ช่วงแยกมไหสวรรค์-หน้าโรงพยาบาลสมเด็จพระปิ่นเกล้า ภาพนี้พบเห็นเมื่อ 3 ก.ค. 67,3.5,ระดับความเร่งด่วน = HIGH (ระบบกำหนด) → เสี่ยงต่อการ breach | หมวดปัญหา road เป็นหมวดเสี่ยงสูง (เช่น น้ำท่วม/ความปลอดภัย) | แจ้งในช่วงกลางคืน/เช้ามืด (hour=2) + หมวด road → อาจกระทบความปลอดภัยมาก | พบ pattern ตัวอักษรที่ model เรียนรู้ว่าเกี่ยวข้องกับ breach (เช่น แยก) | ความชื้นสูงมาก (humidity_high=100.0) → สภาพอากาศอาจทำให้การปฏิบัติงานล่าช้า,high
2024-NAAAD2,road,คลองสาน,คลองต้นไทร,กรุงเทพมหานคร,high,ต้นไม้หน้าร้าน เฝอหม้อไฟ กิ่งก้านปกคลุมบนสะพานลอย ทำให้ใช้สะพานลอยลำบากมากๆค่ะ,78,4,2,16,8,2024,100.49699,13.72156,12.46195016349537,0,36.0,24.0,100.0,44.0,1012.0,1002.0,ต้นไม้หน้าร้าน เฝอหม้อไฟ กิ่งก้านปกคลุมบนสะพานลอย ทำให้ใช้สะพานลอยลำบากมากๆค่ะ,3.5,ระดับความเร่งด่วน = HIGH (ระบบกำหนด) → เสี่ยงต่อการ breach | หมวดปัญหา road เป็นหมวดเสี่ยงสูง (เช่น น้ำท่วม/ความปลอดภัย) | แจ้งในช่วงกลางคืน/เช้ามืด (hour=2) + หมวด road → อาจกระทบความปลอดภัยมาก | พบ pattern ตัวอักษรที่ model เรียนรู้ว่าเกี่ยวข้องกับ breach (เช่น นสะ) | ความชื้นสูงมาก (humidity_high=100.0) → สภาพอากาศอาจทำให้การปฏิบัติงานล่าช้า,high
2024-72U8GA,road,สายไหม,คลองถนน,กรุงเทพมหานคร,high,จอดรถบนถนน ป้ายห้ามจอดยกเว้นเสาร์-อาทิตย์ หรอคะ,47,6,7,20,10,2024,100.60963,13.88905,12.46195016349537,0,35.0,23.0,100.0,49.0,1014.0,1002.0,จอดรถบนถนน ป้ายห้ามจอดยกเว้นเสาร์-อาทิตย์ หรอคะ,3.0,ระดับความเร่งด่วน = HIGH (ระบบกำหนด) → เสี่ยงต่อการ breach | หมวดปัญหา road เป็นหมวดเสี่ยงสูง (เช่น น้ำท่วม/ความปลอดภัย) | แจ้งช่วงเช้า (hour=7) ซึ่งเป็นช่วงงานล้นของหน่วยงาน → มีโอกาส delay เล็กน้อย | พบ pattern ตัวอักษรที่ model เรียนรู้ว่าเกี่ยวข้องกับ breach (เช่น ถนน) | ความชื้นสูงมาก (humidity_high=100.0) → สภาพอากาศอาจทำให้การปฏิบัติงานล่าช้า,medium
2024-8XRLPB,canal,บางแค,บางแคเหนือ,กรุงเทพมหานคร,mid,แจ้งมีผู้ฝ่าฝืนขับขี่จักรยานยนต์บนทางเท้า โดยขับไปและกลับจากทางคลองราชมนตรี และตึกไอทีแกรนด์ ตรงมายังซอยเพชรเกษม 62/1 และจากซอยเพชรเกษม 62/1 ตรงไปทาง MRT บางแค,159,6,4,21,1,2024,100.42464,13.71223,32.95179462729631,0,35.0,23.0,94.0,28.0,1020.0,1008.0,แจ้งมีผู้ฝ่าฝืนขับขี่จักรยานยนต์บนทางเท้า โดยขับไปและกลับจากทางคลองราชมนตรี และตึกไอทีแกรนด์ ตรงมายังซอยเพชรเกษม 62/1 และจากซอยเพชรเกษม 62/1 ตรงไปทาง MRT บางแค,2.2,"ระดับความเร่งด่วน = MID → มีโอกาส breach ปานกลาง | หมวดปัญหา canal เป็นหมวดเสี่ยงกลางๆ → เสี่ยงปานกลาง | แจ้งในช่วงกลางคืน/เช้ามืด (hour=4) → มีโอกาสจัดการได้ช้ากว่าช่วงกลางวัน | พบ pattern ตัวอักษรที่ model เรียนรู้ว่าเกี่ยวข้องกับ breach (เช่น เพช, พชร) | คำอธิบายยาว (length=159) → มีโอกาสเป็นเคสซับซ้อน",low
2024-36QBHH,unknown,ประเวศ,ประเวศ,กรุงเทพมหานคร,low,พื้นปูนมีเหล็กยื่นออกมา,23,0,5,26,8,2024,100.68161,13.72382,90.06795582402778,0,36.0,24.0,100.0,44.0,1012.0,1002.0,พื้นปูนมีเหล็กยื่นออกมา,1.4000000000000001,ระดับความเร่งด่วน = LOW → ความเสี่ยงโดยพื้นฐานไม่สูงมาก | หมวดปัญหา unknown อยู่ในกลุ่มความเสี่ยงต่ำกว่า | แจ้งในช่วงกลางคืน/เช้ามืด (hour=5) → มีโอกาสจัดการได้ช้ากว่าช่วงกลางวัน | พบ pattern ตัวอักษรที่ model เรียนรู้ว่าเกี่ยวข้องกับ breach (เช่น ปูน) | ความชื้นสูงมาก (humidity_high=100.0) → สภาพอากาศอาจทำให้การปฏิบัติงานล่าช้า,low
WBRP7V,road,บางคอแหลม,บางโคล่,กรุงเทพมหานคร,high,"ปัญหา: ภายในซอยแยกดังกล่าว บริเวณโค้งหน้าหมู่บ้าน GRANDITY2 พบไม้แผ่กิ่งก้านบดบังดวงไฟฟ้าส่องสว่างทาง (เสาต้นที่ ว3) ทำให้บริเวณดังกล่าวมืดมาก สร้างความเดือดร้อนให้กับผู้ที่สัญจรผ่านไป-มา ขอให้เจ้าหน้าที่ที่เกี่ยวข้องดำเนินการตรวจสอบและแก้ไขด้วย
ซอย: จันทน์ 43 แยก 26-1-1
ถนน: จันทน์ 
เขต: บางคอแหลม
#1555",306,5,22,15,6,2024,100.52638,13.69643,12.46195016349537,0,36.0,25.0,94.0,44.0,1012.0,1001.0,ปัญหา: ภายในซอยแยกดังกล่าว บริเวณโค้งหน้าหมู่บ้าน GRANDITY2 พบไม้แผ่กิ่งก้านบดบังดวงไฟฟ้าส่องสว่างทาง (เสาต้นที่ ว3) ทำให้บริเวณดังกล่าวมืดมาก สร้างความเดือดร้อนให้กับผู้ที่สัญจรผ่านไป-มา ขอให้เจ้าหน้าที่ที่เกี่ยวข้องดำเนินการตรวจสอบและแก้ไขด้วย ซอย: จันทน์ 43 แยก 26-1-1 ถนน: จันทน์ เขต: บางคอแหลม #1555,3.7,"ระดับความเร่งด่วน = HIGH (ระบบกำหนด) → เสี่ยงต่อการ breach | หมวดปัญหา road เป็นหมวดเสี่ยงสูง (เช่น น้ำท่วม/ความปลอดภัย) | แจ้งในช่วงกลางคืน/เช้ามืด (hour=22) + หมวด road → อาจกระทบความปลอดภัยมาก | พบ pattern ตัวอักษรที่ model เรียนรู้ว่าเกี่ยวข้องกับ breach (เช่น ถนน, ดวง) | คำอธิบายยาวมาก (length=306) → มักเป็นเคสซับซ้อน/ร้องเรียนหลายประเด็น → เสี่ยง breach สูง",high
2024-ELHECY,cleaning,มีนบุรี,มีนบุรี,กรุงเทพมหานคร,mid,ที่ดินว่างข้าง รร.อินเตอร์คิดส์ มีการทิ้งขยะ ในพื้นที่ว่างเปล่า จากเดิมไม่มี แต่เนื่องจากเจ้าของที่ดินต้องการทำทางให้รถลงไปในที่ดินเลยใช้วิธีนำจยะมาถมเป็นทางลงไป ตั้งแต่นั้นมาก็มีคนนำขยะมาทิ้งบ่อยครั้ง,201,4,7,19,1,2024,100.74543,13.82353,11.866649166648148,1,35.0,23.0,94.0,28.0,1020.0,1008.0,ที่ดินว่างข้าง รร.อินเตอร์คิดส์ มีการทิ้งขยะ ในพื้นที่ว่างเปล่า จากเดิมไม่มี แต่เนื่องจากเจ้าของที่ดินต้องการทำทางให้รถลงไปในที่ดินเลยใช้วิธีนำจยะมาถมเป็นทางลงไป ตั้งแต่นั้นมาก็มีคนนำขยะมาทิ้งบ่อยครั้ง,2.0,"ระดับความเร่งด่วน = MID → มีโอกาส breach ปานกลาง | หมวดปัญหา cleaning เป็นหมวดเสี่ยงกลางๆ → เสี่ยงปานกลาง | แจ้งช่วงเช้า (hour=7) ซึ่งเป็นช่วงงานล้นของหน่วยงาน → มีโอกาส delay เล็กน้อย | พบ pattern ตัวอักษรที่ model เรียนรู้ว่าเกี่ยวข้องกับ breach (เช่น  ตั,  จา) | คำอธิบายยาว (length=201) → มีโอกาสเป็นเคสซับซ้อน",low
2024-CZXWF8,lighting,บางกะปิ,หัวหมาก,กรุงเทพมหานคร,high,เสาไฟก.3หลับสนิทมาเป็นเดือนแล้วครับส่วนเสาไฟกเวลาฝนตกกะลมแรงไฟก็จะดับ 1,71,3,13,19,9,2024,100.62357,13.74786,73.68319893052893,0,35.0,24.0,100.0,47.0,1013.0,999.0,เสาไฟก.3หลับสนิทมาเป็นเดือนแล้วครับส่วนเสาไฟกเวลาฝนตกกะลมแรงไฟก็จะดับ 1,2.8,ระดับความเร่งด่วน = HIGH (ระบบกำหนด) → เสี่ยงต่อการ breach | หมวดปัญหา lighting เป็นหมวดเสี่ยงสูง (เช่น น้ำท่วม/ความปลอดภัย) | พบ pattern ตัวอักษรที่ model เรียนรู้ว่าเกี่ยวข้องกับ breach (เช่น ดับ) | ความชื้นสูงมาก (humidity_high=100.0) → สภาพอากาศอาจทำให้การปฏิบัติงานล่าช้า,medium
2024-LNTZ6R,unknown,จตุจักร,เสนานิคม,กรุงเทพมหานคร,low,หัวกดน้ำร้อนชั้น11อาคารทาวเวอร์หักค่ะ,37,3,1,14,11,2024,100.5781,13.84199,90.06795582402778,0,35.0,21.0,100.0,41.0,1016.0,1006.0,หัวกดน้ำร้อนชั้น11อาคารทาวเวอร์หักค่ะ,0.7,ระดับความเร่งด่วน = LOW → ความเสี่ยงโดยพื้นฐานไม่สูงมาก | หมวดปัญหา unknown อยู่ในกลุ่มความเสี่ยงต่ำกว่า | แจ้งในช่วงกลางคืน/เช้ามืด (hour=1) → มีโอกาสจัดการได้ช้ากว่าช่วงกลางวัน | ความชื้นสูงมาก (humidity_high=100.0) → สภาพอากาศอาจทำให้การปฏิบัติงานล่าช้า,low
KTD3XX,noise,พระโขนง,บางจาก,กรุงเทพมหานคร,mid,"ปัญหา: ผู้ร้องแจ้งว่า ข้างบ้านเปิดเพลงเสียงดังเล่นกีต้าร์ดื่มสุรา เริ่มตั้งแต่ 02.00 เสียงดังมาแล้ว 2 วัน รบกวนการพักผ่อน
ซอย: สุขุมวิท 93 พึ่งมี 50 แยก 15
จุดสังเกต: บ้านเลขที่ 23/165 ตรงมาตลอดพบสะพานข้ามคลองบ้านอยู่ทางขวามือ
เขต: พระโขนง
#1555",246,6,3,14,1,2024,100.62283,13.70077,28.791555815460676,1,35.0,23.0,94.0,28.0,1020.0,1008.0,ปัญหา: ผู้ร้องแจ้งว่า ข้างบ้านเปิดเพลงเสียงดังเล่นกีต้าร์ดื่มสุรา เริ่มตั้งแต่ 02.00 เสียงดังมาแล้ว 2 วัน รบกวนการพักผ่อน ซอย: สุขุมวิท 93 พึ่งมี 50 แยก 15 จุดสังเกต: บ้านเลขที่ 23/165 ตรงมาตลอดพบสะพานข้ามคลองบ้านอยู่ทางขวามือ เขต: พระโขนง #1555,2.2,"ระดับความเร่งด่วน = MID → มีโอกาส breach ปานกลาง | หมวดปัญหา noise เป็นหมวดเสี่ยงกลางๆ → เสี่ยงปานกลาง | แจ้งในช่วงกลางคืน/เช้ามืด (hour=3) → มีโอกาสจัดการได้ช้ากว่าช่วงกลางวัน | พบ pattern ตัวอักษรที่ model เรียนรู้ว่าเกี่ยวข้องกับ breach (เช่น วัน , ุมว) | คำอธิบายยาว (length=246) → มีโอกาสเป็นเคสซับซ้อน",low
9MZTDR,road,บางแค,บางแคเหนือ,กรุงเทพมหานคร,high,"พบการก่อสร้างถนนทำให้มีฝุ่นละอองฟุ้งกระจายไปทั่ว และฝาท่อระบายน้ำเป็นลักษณะตะแกรงเหล็กไม่เรียบเสมอกันเวลารถวิ่งทำให้เกิดเสียง ดังรวมทั้งคนงานก่อสร้างมีการโบกรถเข้า-ออกช่วงเวลางานไม่เป็นระเบียบเรียบร้อยทำให้การสัญจรบริเวณดังกล่าวติดขัดเป็นอย่างมาก ที่หมู่บ้านเศรษฐกิจ ซอยเศรษฐกิจ 48-54 ถนนเพชรเกษม เขตบางแค
#1555 #citydata",322,1,9,15,10,2024,100.37794,13.71606,12.46195016349537,1,35.0,23.0,100.0,49.0,1014.0,1002.0,พบการก่อสร้างถนนทำให้มีฝุ่นละอองฟุ้งกระจายไปทั่ว และฝาท่อระบายน้ำเป็นลักษณะตะแกรงเหล็กไม่เรียบเสมอกันเวลารถวิ่งทำให้เกิดเสียง ดังรวมทั้งคนงานก่อสร้างมีการโบกรถเข้า-ออกช่วงเวลางานไม่เป็นระเบียบเรียบร้อยทำให้การสัญจรบริเวณดังกล่าวติดขัดเป็นอย่างมาก ที่หมู่บ้านเศรษฐกิจ ซอยเศรษฐกิจ 48-54 ถนนเพชรเกษม เขตบางแค #1555 #citydata,3.5,"ระดับความเร่งด่วน = HIGH (ระบบกำหนด) → เสี่ยงต่อการ breach | หมวดปัญหา road เป็นหมวดเสี่ยงสูง (เช่น น้ำท่วม/ความปลอดภัย) | แจ้งช่วงเช้า (hour=9) ซึ่งเป็นช่วงงานล้นของหน่วยงาน → มีโอกาส delay เล็กน้อย | พบ pattern ตัวอักษรที่ model เรียนรู้ว่าเกี่ยวข้องกับ breach (เช่น เพช, ถนน) | คำอธิบายยาวมาก (length=322) → มักเป็นเคสซับซ้อน/ร้องเรียนหลายประเด็น → เสี่ยง breach สูง | ความชื้นสูงมาก (humidity_high=100.0) → สภาพอากาศอาจทำให้การปฏิบัติงานล่าช้า",high
2024-KMLW6Q,safety,บางนา,บางนาใต้,กรุงเทพมหานคร,high,รถเทรนเลอร์วิ่งในซอย และลานเทรนเลอร์ไม่มีความรับผิดชอบ ทั้งฝุ่นทั้งเสียง ก่อปัญหามากมาย เจ้าหน้าที่เขตเพิกเฉย ยื่นหนังสือร้องเรียนหลายครั้ง จนชาวชุมชนแทบจะออกมาหน้าบ้านไม่ได้เพราะฝุ่นเยอะ,187,1,23,23,4,2024,100.60078,13.67114,14.08306067712731,1,41.0,28.0,89.0,19.0,1012.0,1002.0,รถเทรนเลอร์วิ่งในซอย และลานเทรนเลอร์ไม่มีความรับผิดชอบ ทั้งฝุ่นทั้งเสียง ก่อปัญหามากมาย เจ้าหน้าที่เขตเพิกเฉย ยื่นหนังสือร้องเรียนหลายครั้ง จนชาวชุมชนแทบจะออกมาหน้าบ้านไม่ได้เพราะฝุ่นเยอะ,2.7,ระดับความเร่งด่วน = HIGH (ระบบกำหนด) → เสี่ยงต่อการ breach | หมวดปัญหา safety เป็นหมวดเสี่ยงสูง (เช่น น้ำท่วม/ความปลอดภัย) | แจ้งในช่วงกลางคืน/เช้ามืด (hour=23) + หมวด safety → อาจกระทบความปลอดภัยมาก | คำอธิบายยาว (length=187) → มีโอกาสเป็นเคสซับซ้อน,medium
2024-GPQ3XP,cleaning,บึงกุ่ม,คลองกุ่ม,กรุงเทพมหานคร,mid,"📣🔉🔊👀แจ้งพบป้ายโฆษณาติดตั้งผิดกฎหมาย ❌
🎤ป้ายดังกล่าวติดตั้งโดยไม่ได้รับอนุญาต ละเมิด พ.ร.บ.รักษาความสะอาด พ.ศ. ๒๕๓๕ มาตรา10 โดยมีการปิดทิ้งหรือโปรยแผ่นประกาศหรือใบปลิวในที่สาธารณะ
📸📸📸
📌 โลตัส โก เฟรช
🛣️ในซอย นวมินทร์  24
🙏👷👮ขอขอบคุณเจ้าหน้าที่ทุกท่านในการจัดการปัญหานี้
✌️✌️👏👏👏

💥การติดตั้งป้ายโฆษณาในที่สาธารณะ #ผิดกฎหมาย หากใดผู้ลักลอบติดป้ายโฆษณาในทางสาธารณะโดยไม่ได้รับอนุญาตจะมีความผิดตามมาตรา 10 ของพระราชบัญญัติรักษาความสะอาดและความเป็นระเบียบเรียบร้อยของบ้านเมือง พ.ศ.2535 และที่แก้ไขเพิ่มเติม ฉบับที่ 2 พ.ศ.2560

1. ห้ามติดตั้งป้ายโฆษณาหรือสิ่งอื่นใดรุกล้ำที่หรือทางสาธารณะ

2. ห้ามโฆษณาด้วยการปิด ทิ้ง หรือโปรยแผ่นประกาศหรือใบปลิวในที่สาธารณะ ก่อนได้รับอนุญาต #ปรับไม่เกิน 5000 บาท

3. ห้ามมิให้ผู้ใดติดตั้ง ตาก วาง หรือแขวนสิ่งใดๆ ในที่สาธารณะก่อนได้รับอนุญาต #ปรับไม่เกิน5000บาท

💢ฝ่าฝืนมีการดำเนินคดีตามพ.ร.บ.รักษาความสะอาดและความเป็นระเบียบเรียบร้อยของบ้านเมือง 2535 และฉบับแก้ไขเพิ่มเติม 2560 พ.ร.บ.ควบคุมอาคารหรือกฎหมายอื่นๆ ที่เกี่ยวข้อง แล้วแต่กรณีในอัตราโทษสูงสุด
💥ปรับเป็นพินัย ค่าปรับเป็นพินัย คือ เงินค่าปรับที่ต้องชำระให้แก่รัฐ ซึ่งเป็นมาตรการทางกฎหมายที่จะนำมาใช้ แทนโทษทางอาญาสำหรับผู้กระทำความผิดไม่ร้ายแรงและโดยสภาพไม่กระทบต่อความสงบเรียบร้อยหรือ ศีลธรรมอันดีของประชาชนอย่างร้ายแรงหรือไม่กระทบต่อส่วนรวมอย่างกว้างขวาง
⚖️ กฎหมายป้ายโฆษณา รู้ไว้ก่อนติดตั้ง🧐
.
1. พระราชบัญญัติรักษาความสะอาดและความเป็นระเบียบเรียบร้อยของบ้านเมือง พ.ศ. 2535
📝ห้ามติดตั้งป้ายโฆษณาในที่สาธารณะโดยไม่ได้รับอนุญาต (มาตรา 10)
📝เจ้าหน้าที่มีอำนาจขจัดป้ายโฆษณาที่ผิดกฎหมาย (มาตรา 45)
📝เจ้าหน้าที่มีอำนาจจับกุมผู้ติดตั้งป้ายโฆษณาที่ผิดกฎหมาย (มาตรา 50)
📝ผู้ฝ่าฝืนมาตรา 10 มีโทษปรับไม่เกิน 5,000 บาท (มาตรา 56)
2. พระราชบัญญัติว่าด้วยการปรับเป็นพินัย พ.ศ. 2565
📝เจ้าหน้าที่รัฐมีอำนาจแสวงหาข้อเท็จจริงและรวบรวมพยานหลักฐาน (มาตรา 19)
📝เจ้าหน้าที่รัฐมีอำนาจออกคำสั่งปรับเป็นพินัย (มาตรา 20)
📝ผู้ถูกกล่าวหาสามารถปฏิเสธข้อกล่าวหาและส่งคดีต่อศาล (มาตรา 23)",1847,5,5,7,12,2024,100.65009,13.78686,11.866649166648148,0,34.0,19.0,94.0,35.0,1018.0,1006.0,"📣🔉🔊👀แจ้งพบป้ายโฆษณาติดตั้งผิดกฎหมาย ❌ 🎤ป้ายดังกล่าวติดตั้งโดยไม่ได้รับอนุญาต ละเมิด พ.ร.บ.รักษาความสะอาด พ.ศ. ๒๕๓๕ มาตรา10 โดยมีการปิดทิ้งหรือโปรยแผ่นประกาศหรือใบปลิวในที่สาธารณะ 📸📸📸 📌 โลตัส โก เฟรช 🛣️ในซอย นวมินทร์ 24 🙏👷👮ขอขอบคุณเจ้าหน้าที่ทุกท่านในการจัดการปัญหานี้ ✌️✌️👏👏👏 💥การติดตั้งป้ายโฆษณาในที่สาธารณะ #ผิดกฎหมาย หากใดผู้ลักลอบติดป้ายโฆษณาในทางสาธารณะโดยไม่ได้รับอนุญาตจะมีความผิดตามมาตรา 10 ของพระราชบัญญัติรักษาความสะอาดและความเป็นระเบียบเรียบร้อยของบ้านเมือง พ.ศ.2535 และที่แก้ไขเพิ่มเติม ฉบับที่ 2 พ.ศ.2560 1. ห้ามติดตั้งป้ายโฆษณาหรือสิ่งอื่นใดรุกล้ำที่หรือทางสาธารณะ 2. ห้ามโฆษณาด้วยการปิด ทิ้ง หรือโปรยแผ่นประกาศหรือใบปลิวในที่สาธารณะ ก่อนได้รับอนุญาต #ปรับไม่เกิน 5000 บาท 3. ห้ามมิให้ผู้ใดติดตั้ง ตาก วาง หรือแขวนสิ่งใดๆ ในที่สาธารณะก่อนได้รับอนุญาต #ปรับไม่เกิน5000บาท 💢ฝ่าฝืนมีการดำเนินคดีตามพ.ร.บ.รักษาความสะอาดและความเป็นระเบียบเรียบร้อยของบ้านเมือง 2535 และฉบับแก้ไขเพิ่มเติม 2560 พ.ร.บ.ควบคุมอาคารหรือกฎหมายอื่นๆ ที่เกี่ยวข้อง แล้วแต่กรณีในอัตราโทษสูงสุด 💥ปรับเป็นพินัย ค่าปรับเป็นพินัย คือ เงินค่าปรับที่ต้องชำระให้แก่รัฐ ซึ่งเป็นมาตรการทางกฎหมายที่จะนำมาใช้ แทนโทษทางอาญาสำหรับผู้กระทำความผิดไม่ร้ายแรงและโดยสภาพไม่กระทบต่อความสงบเรียบร้อยหรือ ศีลธรรมอันดีของประชาชนอย่างร้ายแรงหรือไม่กระทบต่อส่วนรวมอย่างกว้างขวาง ⚖️ กฎหมายป้ายโฆษณา รู้ไว้ก่อนติดตั้ง🧐 . 1. พระราชบัญญัติรักษาความสะอาดและความเป็นระเบียบเรียบร้อยของบ้านเมือง พ.ศ. 2535 📝ห้ามติดตั้งป้ายโฆษณาในที่สาธารณะโดยไม่ได้รับอนุญาต (มาตรา 10) 📝เจ้าหน้าที่มีอำนาจขจัดป้ายโฆษณาที่ผิดกฎหมาย (มาตรา 45) 📝เจ้าหน้าที่มีอำนาจจับกุมผู้ติดตั้งป้ายโฆษณาที่ผิดกฎหมาย (มาตรา 50) 📝ผู้ฝ่าฝืนมาตรา 10 มีโทษปรับไม่เกิน 5,000 บาท (มาตรา 56) 2. พระราชบัญญัติว่าด้วยการปรับเป็นพินัย พ.ศ. 2565 📝เจ้าหน้าที่รัฐมีอำนาจแสวงหาข้อเท็จจริงและรวบรวมพยานหลักฐาน (มาตรา 19) 📝เจ้าหน้าที่รัฐมีอำนาจออกคำสั่งปรับเป็นพินัย (มาตรา 20) 📝ผู้ถูกกล่าวหาสามารถปฏิเสธข้อกล่าวหาและส่งคดีต่อศาล (มาตรา 23)",2.5,"ระดับความเร่งด่วน = MID → มีโอกาส breach ปานกลาง | หมวดปัญหา cleaning เป็นหมวดเสี่ยงกลางๆ → เสี่ยงปานกลาง | แจ้งในช่วงกลางคืน/เช้ามืด (hour=5) → มีโอกาสจัดการได้ช้ากว่าช่วงกลางวัน | พบ pattern ตัวอักษรที่ model เรียนรู้ว่าเกี่ยวข้องกับ breach (เช่น างร, มมา) | คำอธิบายยาวมาก (length=1847) → มักเป็นเคสซับซ้อน/ร้องเรียนหลายประเด็น → เสี่ยง breach สูง",low
2024-AM3FTG,road,สาทร,ยานนาวา,กรุงเทพมหานคร,high,"เรียนท่านผู้ว่าก.ท.ม
ถึงก่อนปากซอยจันทร์28/2ทางเท้าพึ่งทำใหม่ให้ประชาชนเดินทางเท้าปลอดภัยมีรถจักรยานยนต์ขี่จอดบนทางเท้าทะเบียนรถ8กขกรุงเทพมหานคร85ช่วงเวลา20:45น.วันที่23/9/67เขตสาทร",181,0,14,23,9,2024,100.52132,13.70747,12.46195016349537,0,35.0,24.0,100.0,47.0,1013.0,999.0,เรียนท่านผู้ว่าก.ท.ม ถึงก่อนปากซอยจันทร์28/2ทางเท้าพึ่งทำใหม่ให้ประชาชนเดินทางเท้าปลอดภัยมีรถจักรยานยนต์ขี่จอดบนทางเท้าทะเบียนรถ8กขกรุงเทพมหานคร85ช่วงเวลา20:45น.วันที่23/9/67เขตสาทร,3.0,ระดับความเร่งด่วน = HIGH (ระบบกำหนด) → เสี่ยงต่อการ breach | หมวดปัญหา road เป็นหมวดเสี่ยงสูง (เช่น น้ำท่วม/ความปลอดภัย) | พบ pattern ตัวอักษรที่ model เรียนรู้ว่าเกี่ยวข้องกับ breach (เช่น นทร) | คำอธิบายยาว (length=181) → มีโอกาสเป็นเคสซับซ้อน | ความชื้นสูงมาก (humidity_high=100.0) → สภาพอากาศอาจทำให้การปฏิบัติงานล่าช้า,medium
2024-7E4F6Q,cleaning,ประเวศ,ประเวศ,กรุงเทพมหานคร,mid,เหม็นขยะทุกวัย,14,1,22,24,12,2024,100.67547,13.70103,11.866649166648148,0,34.0,19.0,94.0,35.0,1018.0,1006.0,เหม็นขยะทุกวัย,1.3,ระดับความเร่งด่วน = MID → มีโอกาส breach ปานกลาง | หมวดปัญหา cleaning เป็นหมวดเสี่ยงกลางๆ → เสี่ยงปานกลาง | แจ้งในช่วงกลางคืน/เช้ามืด (hour=22) → มีโอกาสจัดการได้ช้ากว่าช่วงกลางวัน,low
2024-D297XF,road,บางแค,บางไผ่,กรุงเทพมหานคร,high,ทำทางระบายน้ำปิดถนน1เลน ระหว่างที่ทำไม่มีเจ้าหน้าที่ดูแลจราจรเลยรถสวนไม่ได้ต้องค่อยดูกันเอง สอบถามคนงานที่ทำงานไม่มีผู้ควบคุมงานอยู่มีแต่แรงงานต่างด้าว ไม่มีความปลอดภัยให้คนให้ทางเลย,182,1,17,22,10,2024,100.3752,13.73016,12.46195016349537,1,35.0,23.0,100.0,49.0,1014.0,1002.0,ทำทางระบายน้ำปิดถนน1เลน ระหว่างที่ทำไม่มีเจ้าหน้าที่ดูแลจราจรเลยรถสวนไม่ได้ต้องค่อยดูกันเอง สอบถามคนงานที่ทำงานไม่มีผู้ควบคุมงานอยู่มีแต่แรงงานต่างด้าว ไม่มีความปลอดภัยให้คนให้ทางเลย,3.0,"ระดับความเร่งด่วน = HIGH (ระบบกำหนด) → เสี่ยงต่อการ breach | หมวดปัญหา road เป็นหมวดเสี่ยงสูง (เช่น น้ำท่วม/ความปลอดภัย) | พบ pattern ตัวอักษรที่ model เรียนรู้ว่าเกี่ยวข้องกับ breach (เช่น ถนน, างร) | คำอธิบายยาว (length=182) → มีโอกาสเป็นเคสซับซ้อน | ความชื้นสูงมาก (humidity_high=100.0) → สภาพอากาศอาจทำให้การปฏิบัติงานล่าช้า",medium
2024-HQR66L,road,บางกะปิ,คลองจั่น,กรุงเทพมหานคร,high,หน้าเดอะมอลล์ คนเดิมหน้าเดิมๆ,29,3,10,19,9,2024,100.64233,13.76783,12.46195016349537,0,35.0,24.0,100.0,47.0,1013.0,999.0,หน้าเดอะมอลล์ คนเดิมหน้าเดิมๆ,2.1,ระดับความเร่งด่วน = HIGH (ระบบกำหนด) → เสี่ยงต่อการ breach | หมวดปัญหา road เป็นหมวดเสี่ยงสูง (เช่น น้ำท่วม/ความปลอดภัย) | ความชื้นสูงมาก (humidity_high=100.0) → สภาพอากาศอาจทำให้การปฏิบัติงานล่าช้า,low
2024-4YM7ZZ,road,ภาษีเจริญ,บางด้วน,กรุงเทพมหานคร,high,ขายบนทางเท้า ให้ไปเช่าชายตรง seven นะครับ,41,6,2,15,9,2024,100.43877,13.72379,12.46195016349537,0,35.0,24.0,100.0,47.0,1013.0,999.0,ขายบนทางเท้า ให้ไปเช่าชายตรง seven นะครับ,2.8,ระดับความเร่งด่วน = HIGH (ระบบกำหนด) → เสี่ยงต่อการ breach | หมวดปัญหา road เป็นหมวดเสี่ยงสูง (เช่น น้ำท่วม/ความปลอดภัย) | แจ้งในช่วงกลางคืน/เช้ามืด (hour=2) + หมวด road → อาจกระทบความปลอดภัยมาก | ความชื้นสูงมาก (humidity_high=100.0) → สภาพอากาศอาจทำให้การปฏิบัติงานล่าช้า,medium
2024-AP69D3,cleaning,ราษฎร์บูรณะ,บางปะกอก,กรุงเทพมหานคร,mid,ชุมชน/กลุ่มคนฝั่งตรงข้ามบ้าน เผาขยะเป็นประนำทุกวัน ส่งกลิ่นรบกวน ที่บ้านมีผู้สูงอายุอาจส่งผลกระทบต่อสุขภาพ,106,4,3,6,12,2024,100.50121,13.67934,11.866649166648148,0,34.0,19.0,94.0,35.0,1018.0,1006.0,ชุมชน/กลุ่มคนฝั่งตรงข้ามบ้าน เผาขยะเป็นประนำทุกวัน ส่งกลิ่นรบกวน ที่บ้านมีผู้สูงอายุอาจส่งผลกระทบต่อสุขภาพ,2.0,"ระดับความเร่งด่วน = MID → มีโอกาส breach ปานกลาง | หมวดปัญหา cleaning เป็นหมวดเสี่ยงกลางๆ → เสี่ยงปานกลาง | แจ้งในช่วงกลางคืน/เช้ามืด (hour=3) → มีโอกาสจัดการได้ช้ากว่าช่วงกลางวัน | พบ pattern ตัวอักษรที่ model เรียนรู้ว่าเกี่ยวข้องกับ breach (เช่น กระ, วัน )",low
2024-77PA2F,road,ราชเทวี,ถนนเพชรบุรี,กรุงเทพมหานคร,high,อยากสอบทราบว่าจุดนี้ขายของบนทางเท้าได้หรอครับเห็นตั้งบองขายกันตลอดตอนกลางคืน,76,6,9,4,2,2024,100.53123,13.75032,12.46195016349537,1,37.0,22.0,94.0,30.0,1021.0,1007.0,อยากสอบทราบว่าจุดนี้ขายของบนทางเท้าได้หรอครับเห็นตั้งบองขายกันตลอดตอนกลางคืน,2.0,ระดับความเร่งด่วน = HIGH (ระบบกำหนด) → เสี่ยงต่อการ breach | หมวดปัญหา road เป็นหมวดเสี่ยงสูง (เช่น น้ำท่วม/ความปลอดภัย) | แจ้งช่วงเช้า (hour=9) ซึ่งเป็นช่วงงานล้นของหน่วยงาน → มีโอกาส delay เล็กน้อย,low
2024-ELXKFL,safety,จตุจักร,จันทรเกษม,กรุงเทพมหานคร,high,เพลทเหล็กปิดรอยเจาะเปิดหน้าถนนปิดไม่สนิท รถขับผ่านอันตรายมาก ที่สำคัญเพิ่งจะลาดแอลฟัลท์ไปแป๊บเดียว ทำไมเจาะให้เสียหายอีกล่ะคะ แถมพอตอนปิดคืน ก็ปิดไม่เรียบเนียนอีก พอจะรู้ๆกันอยู่ว่ารอยปิดเป็นยังไง,196,0,12,5,2,2024,100.57639,13.80474,14.08306067712731,1,37.0,22.0,94.0,30.0,1021.0,1007.0,เพลทเหล็กปิดรอยเจาะเปิดหน้าถนนปิดไม่สนิท รถขับผ่านอันตรายมาก ที่สำคัญเพิ่งจะลาดแอลฟัลท์ไปแป๊บเดียว ทำไมเจาะให้เสียหายอีกล่ะคะ แถมพอตอนปิดคืน ก็ปิดไม่เรียบเนียนอีก พอจะรู้ๆกันอยู่ว่ารอยปิดเป็นยังไง,2.7,"ระดับความเร่งด่วน = HIGH (ระบบกำหนด) → เสี่ยงต่อการ breach | หมวดปัญหา safety เป็นหมวดเสี่ยงสูง (เช่น น้ำท่วม/ความปลอดภัย) | พบ pattern ตัวอักษรที่ model เรียนรู้ว่าเกี่ยวข้องกับ breach (เช่น ถนน, หาย) | คำอธิบายยาว (length=196) → มีโอกาสเป็นเคสซับซ้อน",medium
2024-8894YR,lighting,ลาดกระบัง,คลองสองต้นนุ่น,กรุงเทพมหานคร,high,ไฟไม่ติดตรงถนนตัดใหม่ค่ะ,24,3,15,4,1,2024,100.71112,13.75395,73.68319893052893,0,35.0,23.0,94.0,28.0,1020.0,1008.0,ไฟไม่ติดตรงถนนตัดใหม่ค่ะ,2.5,ระดับความเร่งด่วน = HIGH (ระบบกำหนด) → เสี่ยงต่อการ breach | หมวดปัญหา lighting เป็นหมวดเสี่ยงสูง (เช่น น้ำท่วม/ความปลอดภัย) | พบ pattern ตัวอักษรที่ model เรียนรู้ว่าเกี่ยวข้องกับ breach (เช่น ถนน),low
79XKZJ,cleaning,บางซื่อ,บางซื่อ,กรุงเทพมหานคร,mid,"ปัญหา: บริเวณในชุมชนโคกปู่แก่น ภายในซอยดังกล่าวพบผู้สูงอายุเพศชาย ไม่สามารถดูแลตนเองได้ มีพฤติกรรมขับถ่ายไม่เป็นที่เป็นทางส่งกลิ่นเหม็นรบกวนและมีพฤติกรรมขโมยของในชุมชน 
ต้องการให้หน่วยงานที่เกี่ยวข้องเข้าไปดูแลผู้สูงอายุดังกล่าว
ซอย: ประชาราษฎร์สาย 1 ที่ 10
ถนน: ประชาราษฎร์สาย 1
จุดสังเกต: เข้าไปในซอยดังกล่าวจนพบศาลประจำชุมชนจุดเกิดเหตุอยู่ซ้ายมือเยื้องๆกับศาลประจำชุมชน
เขต: บางซื่อ
#1555",392,5,12,17,2,2024,100.52467,13.80263,11.866649166648148,0,37.0,22.0,94.0,30.0,1021.0,1007.0,ปัญหา: บริเวณในชุมชนโคกปู่แก่น ภายในซอยดังกล่าวพบผู้สูงอายุเพศชาย ไม่สามารถดูแลตนเองได้ มีพฤติกรรมขับถ่ายไม่เป็นที่เป็นทางส่งกลิ่นเหม็นรบกวนและมีพฤติกรรมขโมยของในชุมชน ต้องการให้หน่วยงานที่เกี่ยวข้องเข้าไปดูแลผู้สูงอายุดังกล่าว ซอย: ประชาราษฎร์สาย 1 ที่ 10 ถนน: ประชาราษฎร์สาย 1 จุดสังเกต: เข้าไปในซอยดังกล่าวจนพบศาลประจำชุมชนจุดเกิดเหตุอยู่ซ้ายมือเยื้องๆกับศาลประจำชุมชน เขต: บางซื่อ #1555,2.1,"ระดับความเร่งด่วน = MID → มีโอกาส breach ปานกลาง | หมวดปัญหา cleaning เป็นหมวดเสี่ยงกลางๆ → เสี่ยงปานกลาง | พบ pattern ตัวอักษรที่ model เรียนรู้ว่าเกี่ยวข้องกับ breach (เช่น ถนน, สาม) | คำอธิบายยาวมาก (length=392) → มักเป็นเคสซับซ้อน/ร้องเรียนหลายประเด็น → เสี่ยง breach สูง",low
2024-8LWV6A,road,หลักสี่,ตลาดบางเขน,กรุงเทพมหานคร,high,แขวนป้ายเกะกะ,13,6,8,18,8,2024,100.57707,13.87544,12.46195016349537,0,36.0,24.0,100.0,44.0,1012.0,1002.0,แขวนป้ายเกะกะ,2.3,ระดับความเร่งด่วน = HIGH (ระบบกำหนด) → เสี่ยงต่อการ breach | หมวดปัญหา road เป็นหมวดเสี่ยงสูง (เช่น น้ำท่วม/ความปลอดภัย) | แจ้งช่วงเช้า (hour=8) ซึ่งเป็นช่วงงานล้นของหน่วยงาน → มีโอกาส delay เล็กน้อย | ความชื้นสูงมาก (humidity_high=100.0) → สภาพอากาศอาจทำให้การปฏิบัติงานล่าช้า,low
2024-8FTD6Q,road,วัฒนา,คลองเตยเหนือ,กรุงเทพมหานคร,high,ขอให้ทาง กทม รีบดูกล้อง หารถปูนที่ทำถนนเลอะปูน ถนนลาดยางเป็นล้านเสียหาย,71,6,3,3,3,2024,100.56305,13.74759,12.46195016349537,1,39.0,25.0,94.0,20.0,1016.0,1005.0,ขอให้ทาง กทม รีบดูกล้อง หารถปูนที่ทำถนนเลอะปูน ถนนลาดยางเป็นล้านเสียหาย,3.2,"ระดับความเร่งด่วน = HIGH (ระบบกำหนด) → เสี่ยงต่อการ breach | หมวดปัญหา road เป็นหมวดเสี่ยงสูง (เช่น น้ำท่วม/ความปลอดภัย) | แจ้งในช่วงกลางคืน/เช้ามืด (hour=3) + หมวด road → อาจกระทบความปลอดภัยมาก | พบ pattern ตัวอักษรที่ model เรียนรู้ว่าเกี่ยวข้องกับ breach (เช่น ถนน, หาย)",high
2024-N3K2HE,noise,ดอนเมือง,สีกัน,กรุงเทพมหานคร,mid,มีการก่อสร้างในช่วงวันหยุดส่งเสียงรบกวนเกิน 75 เดซิเบล และการขุดเจาะทำให้เสียงดังมากรบกวนการพักผ่อนก่อน 8 โมงเช้า,113,5,1,16,11,2024,100.58008,13.93539,28.791555815460676,0,35.0,21.0,100.0,41.0,1016.0,1006.0,มีการก่อสร้างในช่วงวันหยุดส่งเสียงรบกวนเกิน 75 เดซิเบล และการขุดเจาะทำให้เสียงดังมากรบกวนการพักผ่อนก่อน 8 โมงเช้า,2.3,ระดับความเร่งด่วน = MID → มีโอกาส breach ปานกลาง | หมวดปัญหา noise เป็นหมวดเสี่ยงกลางๆ → เสี่ยงปานกลาง | แจ้งในช่วงกลางคืน/เช้ามืด (hour=1) → มีโอกาสจัดการได้ช้ากว่าช่วงกลางวัน | พบ pattern ตัวอักษรที่ model เรียนรู้ว่าเกี่ยวข้องกับ breach (เช่น หยุ) | ความชื้นสูงมาก (humidity_high=100.0) → สภาพอากาศอาจทำให้การปฏิบัติงานล่าช้า,low
2024-LA6AA2,road,บางแค,บางแคเหนือ,กรุงเทพมหานคร,high,เนื่องจากในซอยเพชรเกษม68 จะมีเซเว่นอยู่ในกลางซอย โดยบริเวณด้านซ้ายของเซเว่น จะมีร้านค้าร้านอาหาร ซึ่งร้านที่อยู่ด้านริมนอกสุด ในช่วงเช้ามีการตั้งร้านขายหมูปิ้ง โดยนำกรวยจราจรมาตั้งขวางทางเดิน ทำให้คนบริเวณนั้นไม่สามารถเดินสัญจรไปมาปกติได้ ต้องเดินลงบนถนน เนื่องจากร้านหมูปิ้งดังกล่าวมีการนำกรวยมาตั้งกีดขวาง และตั้งเตาขายบริเวณทางเดิน,334,2,3,14,8,2024,100.41564,13.7192,12.46195016349537,0,36.0,24.0,100.0,44.0,1012.0,1002.0,เนื่องจากในซอยเพชรเกษม68 จะมีเซเว่นอยู่ในกลางซอย โดยบริเวณด้านซ้ายของเซเว่น จะมีร้านค้าร้านอาหาร ซึ่งร้านที่อยู่ด้านริมนอกสุด ในช่วงเช้ามีการตั้งร้านขายหมูปิ้ง โดยนำกรวยจราจรมาตั้งขวางทางเดิน ทำให้คนบริเวณนั้นไม่สามารถเดินสัญจรไปมาปกติได้ ต้องเดินลงบนถนน เนื่องจากร้านหมูปิ้งดังกล่าวมีการนำกรวยมาตั้งกีดขวาง และตั้งเตาขายบริเวณทางเดิน,4.0,"ระดับความเร่งด่วน = HIGH (ระบบกำหนด) → เสี่ยงต่อการ breach | หมวดปัญหา road เป็นหมวดเสี่ยงสูง (เช่น น้ำท่วม/ความปลอดภัย) | แจ้งในช่วงกลางคืน/เช้ามืด (hour=3) + หมวด road → อาจกระทบความปลอดภัยมาก | พบ pattern ตัวอักษรที่ model เรียนรู้ว่าเกี่ยวข้องกับ breach (เช่น เพช, ถนน) | คำอธิบายยาวมาก (length=334) → มักเป็นเคสซับซ้อน/ร้องเรียนหลายประเด็น → เสี่ยง breach สูง | ความชื้นสูงมาก (humidity_high=100.0) → สภาพอากาศอาจทำให้การปฏิบัติงานล่าช้า",high
2024-KLWDKL,safety,ตลิ่งชัน,บางเชือกหนัง,กรุงเทพมหานคร,high,มีหลุมกลางถนน เกิดอุบัติเหตุขับรถยนต์ตกหลุมยางแตก 2 ข้าง,56,0,6,30,9,2024,100.42745,13.74999,14.08306067712731,0,35.0,24.0,100.0,47.0,1013.0,999.0,มีหลุมกลางถนน เกิดอุบัติเหตุขับรถยนต์ตกหลุมยางแตก 2 ข้าง,3.0,ระดับความเร่งด่วน = HIGH (ระบบกำหนด) → เสี่ยงต่อการ breach | หมวดปัญหา safety เป็นหมวดเสี่ยงสูง (เช่น น้ำท่วม/ความปลอดภัย) | แจ้งช่วงเช้า (hour=6) ซึ่งเป็นช่วงงานล้นของหน่วยงาน → มีโอกาส delay เล็กน้อย | พบ pattern ตัวอักษรที่ model เรียนรู้ว่าเกี่ยวข้องกับ breach (เช่น ถนน) | ความชื้นสูงมาก (humidity_high=100.0) → สภาพอากาศอาจทำให้การปฏิบัติงานล่าช้า,medium
2024-873LL7,cleaning,พระโขนง,บางจาก,กรุงเทพมหานคร,mid,มาทิ้ง โซฟา ทั้งตัวเลยค่ะ,25,6,2,29,9,2024,100.61317,13.68976,11.866649166648148,0,35.0,24.0,100.0,47.0,1013.0,999.0,มาทิ้ง โซฟา ทั้งตัวเลยค่ะ,1.6,ระดับความเร่งด่วน = MID → มีโอกาส breach ปานกลาง | หมวดปัญหา cleaning เป็นหมวดเสี่ยงกลางๆ → เสี่ยงปานกลาง | แจ้งในช่วงกลางคืน/เช้ามืด (hour=2) → มีโอกาสจัดการได้ช้ากว่าช่วงกลางวัน | ความชื้นสูงมาก (humidity_high=100.0) → สภาพอากาศอาจทำให้การปฏิบัติงานล่าช้า,low
2024-3ZQ7VV,safety,คลองเตย,คลองเตย,กรุงเทพมหานคร,high,"วันเสาร์ที่ 20 ก.ค.  ช่วงเวลา  15:32
ซอยนานาใต้ พบรถบริการ 2 คัน จอดหน้าโรงแรม ในเขตห้ามจอดตลอดเวลา เสี่ยงเกิดอุบัติเหตุ นานาใต้เป็นซอยลัดมีรถยนต์วิ่งจำนวนมาก ขอเจ้าหน้าที่ มาล๊อคล้อ จับปรับ ตาม พรบ จราจรทางบก พ.ศ.2567 ค่ะ",222,5,13,20,7,2024,100.55303,13.7394,14.08306067712731,0,36.0,24.0,100.0,47.0,1012.0,1001.0,วันเสาร์ที่ 20 ก.ค. ช่วงเวลา 15:32 ซอยนานาใต้ พบรถบริการ 2 คัน จอดหน้าโรงแรม ในเขตห้ามจอดตลอดเวลา เสี่ยงเกิดอุบัติเหตุ นานาใต้เป็นซอยลัดมีรถยนต์วิ่งจำนวนมาก ขอเจ้าหน้าที่ มาล๊อคล้อ จับปรับ ตาม พรบ จราจรทางบก พ.ศ.2567 ค่ะ,3.0,"ระดับความเร่งด่วน = HIGH (ระบบกำหนด) → เสี่ยงต่อการ breach | หมวดปัญหา safety เป็นหมวดเสี่ยงสูง (เช่น น้ำท่วม/ความปลอดภัย) | พบ pattern ตัวอักษรที่ model เรียนรู้ว่าเกี่ยวข้องกับ breach (เช่น ใต้, ยงเ) | คำอธิบายยาว (length=222) → มีโอกาสเป็นเคสซับซ้อน | ความชื้นสูงมาก (humidity_high=100.0) → สภาพอากาศอาจทำให้การปฏิบัติงานล่าช้า",medium
2024-G8A3HL,road,ยานนาวา,ช่องนนทรี,กรุงเทพมหานคร,high,ยังคงพบรถยนต์จอดบนทางเท้า พึ่งแจ้งเรื่องไปตอนเช้า ตอนเย็นก็ยังพบจอดบนทางเท้าเหมือนเดิม,86,2,10,17,1,2024,100.54729,13.69153,12.46195016349537,0,35.0,23.0,94.0,28.0,1020.0,1008.0,ยังคงพบรถยนต์จอดบนทางเท้า พึ่งแจ้งเรื่องไปตอนเช้า ตอนเย็นก็ยังพบจอดบนทางเท้าเหมือนเดิม,1.8,ระดับความเร่งด่วน = HIGH (ระบบกำหนด) → เสี่ยงต่อการ breach | หมวดปัญหา road เป็นหมวดเสี่ยงสูง (เช่น น้ำท่วม/ความปลอดภัย),low
2024-LQ2Z4Q,road,พญาไท,สามเสนใน,กรุงเทพมหานคร,high,ขับขี่รถบนทางเดินเท้า,21,0,3,2,9,2024,100.55947,13.78919,12.46195016349537,0,35.0,24.0,100.0,47.0,1013.0,999.0,ขับขี่รถบนทางเดินเท้า,2.8,ระดับความเร่งด่วน = HIGH (ระบบกำหนด) → เสี่ยงต่อการ breach | หมวดปัญหา road เป็นหมวดเสี่ยงสูง (เช่น น้ำท่วม/ความปลอดภัย) | แจ้งในช่วงกลางคืน/เช้ามืด (hour=3) + หมวด road → อาจกระทบความปลอดภัยมาก | ความชื้นสูงมาก (humidity_high=100.0) → สภาพอากาศอาจทำให้การปฏิบัติงานล่าช้า,medium
2024-F3MKCW,road,บึงกุ่ม,นวมินทร์,กรุงเทพมหานคร,high,"📢🔊🛣️🕳️แจ้งถนนชำรุด 😱
ตรงที่เคยมาปรับปรุงตอนนี้เสื่อมสภาพหลุดร่อนออกเป็นหลุม เป็นร่อง ตามเดิม
🗣️รบกวนตรวจสอบแก้ไข
📸
📌ตรง นวมินทร์ 91
🛣️ถนนนวมินทร์ ขาออก
🙏👷👩‍🔧ขอขอบคุณ เจ้าหน้าที่ทุกท่าน✌️✌️💪👏👏👏
💥🎤🚘🚖🕳️รถตกหลุมบ่อยๆแรงกระแทกอาจทำให้👉ลูกปืนล้อแตก ช่วงล่างปีกนกโช๊คอัพเสียหาย ล้อแม็กดุ้ง แตก ยางบวมยางแตกยางฉีก ถ้าแรงกว่านั้นตัวถังอาจเสียหาย😰",337,1,4,1,10,2024,100.64912,13.79964,12.46195016349537,1,35.0,23.0,100.0,49.0,1014.0,1002.0,📢🔊🛣️🕳️แจ้งถนนชำรุด 😱 ตรงที่เคยมาปรับปรุงตอนนี้เสื่อมสภาพหลุดร่อนออกเป็นหลุม เป็นร่อง ตามเดิม 🗣️รบกวนตรวจสอบแก้ไข 📸 📌ตรง นวมินทร์ 91 🛣️ถนนนวมินทร์ ขาออก 🙏👷👩‍🔧ขอขอบคุณ เจ้าหน้าที่ทุกท่าน✌️✌️💪👏👏👏 💥🎤🚘🚖🕳️รถตกหลุมบ่อยๆแรงกระแทกอาจทำให้👉ลูกปืนล้อแตก ช่วงล่างปีกนกโช๊คอัพเสียหาย ล้อแม็กดุ้ง แตก ยางบวมยางแตกยางฉีก ถ้าแรงกว่านั้นตัวถังอาจเสียหาย😰,4.0,"ระดับความเร่งด่วน = HIGH (ระบบกำหนด) → เสี่ยงต่อการ breach | หมวดปัญหา road เป็นหมวดเสี่ยงสูง (เช่น น้ำท่วม/ความปลอดภัย) | แจ้งในช่วงกลางคืน/เช้ามืด (hour=4) + หมวด road → อาจกระทบความปลอดภัยมาก | พบ pattern ตัวอักษรที่ model เรียนรู้ว่าเกี่ยวข้องกับ breach (เช่น ถนน, หาย) | คำอธิบายยาวมาก (length=337) → มักเป็นเคสซับซ้อน/ร้องเรียนหลายประเด็น → เสี่ยง breach สูง | ความชื้นสูงมาก (humidity_high=100.0) → สภาพอากาศอาจทำให้การปฏิบัติงานล่าช้า",high
2024-UHZ2V6,road,บางกะปิ,คลองจั่น,กรุงเทพมหานคร,high,เกาะกลางถนนลาดพร้าว  กทม.เลือกปลูกต้นทองอุไรซึ่งเติบโตหนาแน่นและสูงเร็วมากบังสายตา(แทนการปลูกตันไม้อื่น เช่น ดอกเข็ม) ขาดการควบดูแลการตัดแต่งความสูงเพื่อให้การใช้ถนนปลอดภ้ย  เพราะ ทำให้บังป้ายสัญญาณจราจร เช่นยูเทิน  และช่องคนเดินข้ามทสงม้าลายทำช่องเล็กๆ แถมมีมอเตอร์ไซด์ใช้ยูเทินร่วมด้วย ทำให้เกิดอุบัติเหตุได้ง่าย โดยเฉพาะซ.ลาดพร้าว 101ถีง สะพานข้ามแยกแฮปปี้แลนด์,364,6,11,6,10,2024,100.63314,13.77287,12.46195016349537,0,35.0,23.0,100.0,49.0,1014.0,1002.0,เกาะกลางถนนลาดพร้าว กทม.เลือกปลูกต้นทองอุไรซึ่งเติบโตหนาแน่นและสูงเร็วมากบังสายตา(แทนการปลูกตันไม้อื่น เช่น ดอกเข็ม) ขาดการควบดูแลการตัดแต่งความสูงเพื่อให้การใช้ถนนปลอดภ้ย เพราะ ทำให้บังป้ายสัญญาณจราจร เช่นยูเทิน และช่องคนเดินข้ามทสงม้าลายทำช่องเล็กๆ แถมมีมอเตอร์ไซด์ใช้ยูเทินร่วมด้วย ทำให้เกิดอุบัติเหตุได้ง่าย โดยเฉพาะซ.ลาดพร้าว 101ถีง สะพานข้ามแยกแฮปปี้แลนด์,3.3,"ระดับความเร่งด่วน = HIGH (ระบบกำหนด) → เสี่ยงต่อการ breach | หมวดปัญหา road เป็นหมวดเสี่ยงสูง (เช่น น้ำท่วม/ความปลอดภัย) | พบ pattern ตัวอักษรที่ model เรียนรู้ว่าเกี่ยวข้องกับ breach (เช่น ถนน, าลา) | คำอธิบายยาวมาก (length=364) → มักเป็นเคสซับซ้อน/ร้องเรียนหลายประเด็น → เสี่ยง breach สูง | ความชื้นสูงมาก (humidity_high=100.0) → สภาพอากาศอาจทำให้การปฏิบัติงานล่าช้า",high
2024-PBAPY6,flood,บางรัก,มหาพฤฒาราม,กรุงเทพมหานคร,high,จากที่มีการมาเปิดและขุดท่อเมื่อเดือนที่แล้ว ฝาท่อค่อนข้างแตกชำรุดและกลัวจะเดินแล้วตกลงไป รบกวนเปลี่ยนฝาท่อให้หน่อยนะคะ แถวนี้เด็กเยอะค่ะ,136,1,23,5,3,2024,100.52503,13.73218,11.670945969684022,1,39.0,25.0,94.0,20.0,1016.0,1005.0,จากที่มีการมาเปิดและขุดท่อเมื่อเดือนที่แล้ว ฝาท่อค่อนข้างแตกชำรุดและกลัวจะเดินแล้วตกลงไป รบกวนเปลี่ยนฝาท่อให้หน่อยนะคะ แถวนี้เด็กเยอะค่ะ,2.2,ระดับความเร่งด่วน = HIGH (ระบบกำหนด) → เสี่ยงต่อการ breach | หมวดปัญหา flood เป็นหมวดเสี่ยงสูง (เช่น น้ำท่วม/ความปลอดภัย) | แจ้งในช่วงกลางคืน/เช้ามืด (hour=23) → มีโอกาสจัดการได้ช้ากว่าช่วงกลางวัน,low
2024-FV3T4W,cleaning,คลองสาน,คลองสาน,กรุงเทพมหานคร,mid,หน้าเซเว่นมีขยะเยอะครับ,23,2,15,13,11,2024,100.50293,13.73209,11.866649166648148,0,35.0,21.0,100.0,41.0,1016.0,1006.0,หน้าเซเว่นมีขยะเยอะครับ,1.2,ระดับความเร่งด่วน = MID → มีโอกาส breach ปานกลาง | หมวดปัญหา cleaning เป็นหมวดเสี่ยงกลางๆ → เสี่ยงปานกลาง | ความชื้นสูงมาก (humidity_high=100.0) → สภาพอากาศอาจทำให้การปฏิบัติงานล่าช้า,low
2024-AMPP7X,road,ทวีวัฒนา,ศาลาธรรมสพน์,กรุงเทพมหานคร,high,ถนนเป็นหลุมอีกแล้ว จุดเดิมที่เคยเป็น ขับรถตกตลอด ถ้าไม่ตกก็ต้องเกือบเบียดสะพาน รบกงนช่วยปรับปรุงกน่อยค่ะ จุดนี้สองหลุมค่ะ,121,1,7,24,9,2024,100.41005,13.79769,12.46195016349537,0,35.0,24.0,100.0,47.0,1013.0,999.0,ถนนเป็นหลุมอีกแล้ว จุดเดิมที่เคยเป็น ขับรถตกตลอด ถ้าไม่ตกก็ต้องเกือบเบียดสะพาน รบกงนช่วยปรับปรุงกน่อยค่ะ จุดนี้สองหลุมค่ะ,3.0,ระดับความเร่งด่วน = HIGH (ระบบกำหนด) → เสี่ยงต่อการ breach | หมวดปัญหา road เป็นหมวดเสี่ยงสูง (เช่น น้ำท่วม/ความปลอดภัย) | แจ้งช่วงเช้า (hour=7) ซึ่งเป็นช่วงงานล้นของหน่วยงาน → มีโอกาส delay เล็กน้อย | พบ pattern ตัวอักษรที่ model เรียนรู้ว่าเกี่ยวข้องกับ breach (เช่น ถนน) | ความชื้นสูงมาก (humidity_high=100.0) → สภาพอากาศอาจทำให้การปฏิบัติงานล่าช้า,medium
NYFF86,road,จอมทอง,บางขุนเทียน,กรุงเทพมหานคร,high,"ปัญหา: บริเวณถนนดังกล่าวมุ่งหน้าไปแยกกำนันแม้น ผู้ร้องแจ้งว่าพบเห็นซากสุนัข ต้องการให้เจ้าหน้าที่ดำเนินการเก็บซากสุนัข

ถนน: กัลปพฤกษ์
จุดสังเกต: บริเวณถนนดังกล่าวมุ่งหน้าไปแยกกำนันแม้นมีป้ายขนาดใหญ่เป็นป้ายห้ามจอดรถ และบริเวณใกล้เคียงเป็นพื้นที่ว่างเปล่ามีรถแม็คโครจอดอยู่ 2 คัน
เขต: จอมทอง
#1555",298,4,0,9,2,2024,100.43824,13.69496,12.46195016349537,0,37.0,22.0,94.0,30.0,1021.0,1007.0,ปัญหา: บริเวณถนนดังกล่าวมุ่งหน้าไปแยกกำนันแม้น ผู้ร้องแจ้งว่าพบเห็นซากสุนัข ต้องการให้เจ้าหน้าที่ดำเนินการเก็บซากสุนัข ถนน: กัลปพฤกษ์ จุดสังเกต: บริเวณถนนดังกล่าวมุ่งหน้าไปแยกกำนันแม้นมีป้ายขนาดใหญ่เป็นป้ายห้ามจอดรถ และบริเวณใกล้เคียงเป็นพื้นที่ว่างเปล่ามีรถแม็คโครจอดอยู่ 2 คัน เขต: จอมทอง #1555,3.4000000000000004,"ระดับความเร่งด่วน = HIGH (ระบบกำหนด) → เสี่ยงต่อการ breach | หมวดปัญหา road เป็นหมวดเสี่ยงสูง (เช่น น้ำท่วม/ความปลอดภัย) | แจ้งในช่วงกลางคืน/เช้ามืด (hour=0) + หมวด road → อาจกระทบความปลอดภัยมาก | พบ pattern ตัวอักษรที่ model เรียนรู้ว่าเกี่ยวข้องกับ breach (เช่น ถนน, ยงเ) | คำอธิบายยาว (length=298) → มีโอกาสเป็นเคสซับซ้อน",high
2024-BM9XKG,safety,คลองเตย,คลองเตย,กรุงเทพมหานคร,high,ตัดต้นมะพร้าวจะโค่นล้มทับหลังคาบ้าน บริเวณท้ายซอย 8,51,1,10,5,3,2024,100.5753,13.70862,14.08306067712731,0,39.0,25.0,94.0,20.0,1016.0,1005.0,ตัดต้นมะพร้าวจะโค่นล้มทับหลังคาบ้าน บริเวณท้ายซอย 8,1.8,ระดับความเร่งด่วน = HIGH (ระบบกำหนด) → เสี่ยงต่อการ breach | หมวดปัญหา safety เป็นหมวดเสี่ยงสูง (เช่น น้ำท่วม/ความปลอดภัย),low
2024-E8G6KM,road,ยานนาวา,ช่องนนทรี,กรุงเทพมหานคร,high,ขับขี่ทางเท้า,13,2,1,4,9,2024,100.54083,13.69962,12.46195016349537,0,35.0,24.0,100.0,47.0,1013.0,999.0,ขับขี่ทางเท้า,2.8,ระดับความเร่งด่วน = HIGH (ระบบกำหนด) → เสี่ยงต่อการ breach | หมวดปัญหา road เป็นหมวดเสี่ยงสูง (เช่น น้ำท่วม/ความปลอดภัย) | แจ้งในช่วงกลางคืน/เช้ามืด (hour=1) + หมวด road → อาจกระทบความปลอดภัยมาก | ความชื้นสูงมาก (humidity_high=100.0) → สภาพอากาศอาจทำให้การปฏิบัติงานล่าช้า,medium
ZKL74P,road,คันนายาว,รามอินทรา,กรุงเทพมหานคร,high,"ปัญหา: ภายในซอยดังกล่าว พบมีการนำหินมาวางกองไว้บนผิวการจราจร ทำให้กีดขวางทางสัญจร สร้างความเดือดร้อนให้กับผู้ที่สัญจรผ่านไป-มา อ้างอิงเลขที่รับแจ้ง UAZHZU เจ้าหน้าที่ตอบกลับมาเมื่อวันที่ 23 ส.ค. 67 แจ้งว่า เจ้าหน้าที่เทศกิจตรวจสอบซอยรามอินทรา 79 ตลอดทั้งซอย ไม่พบกองหิน และได้สอบถามประชาชนผู้พักอาศัยในซอย ได้รับแจ้งว่าไม่มีกองหินหรือสิ่งใดๆ มากองบนถนน

ผู้ร้องแจ้งว่าปัญหายังไม่ได้รับการแก้ไข ยังมีกองหินวางกองไว้อยู่เช่นเดิม ต้องการให้เจ้าหน้าที่ตรวจสอบและดำเนินการอีกครั้ง
ซอย: รามอินทรา 79
ถนน: รามอินทรา
จุดสังเกต: เข้ามาภายในซอยประมาณ 150 เมตร ช่วงบริเวณสิ้นสุดถนนคอนกรีต กองหินจะอยู่ติดกับรั้วสังกะสีของโรงงาน
เขต: คันนายาว
#1555",637,3,12,5,9,2024,100.66677,13.8371,12.46195016349537,0,35.0,24.0,100.0,47.0,1013.0,999.0,ปัญหา: ภายในซอยดังกล่าว พบมีการนำหินมาวางกองไว้บนผิวการจราจร ทำให้กีดขวางทางสัญจร สร้างความเดือดร้อนให้กับผู้ที่สัญจรผ่านไป-มา อ้างอิงเลขที่รับแจ้ง UAZHZU เจ้าหน้าที่ตอบกลับมาเมื่อวันที่ 23 ส.ค. 67 แจ้งว่า เจ้าหน้าที่เทศกิจตรวจสอบซอยรามอินทรา 79 ตลอดทั้งซอย ไม่พบกองหิน และได้สอบถามประชาชนผู้พักอาศัยในซอย ได้รับแจ้งว่าไม่มีกองหินหรือสิ่งใดๆ มากองบนถนน ผู้ร้องแจ้งว่าปัญหายังไม่ได้รับการแก้ไข ยังมีกองหินวางกองไว้อยู่เช่นเดิม ต้องการให้เจ้าหน้าที่ตรวจสอบและดำเนินการอีกครั้ง ซอย: รามอินทรา 79 ถนน: รามอินทรา จุดสังเกต: เข้ามาภายในซอยประมาณ 150 เมตร ช่วงบริเวณสิ้นสุดถนนคอนกรีต กองหินจะอยู่ติดกับรั้วสังกะสีของโรงงาน เขต: คันนายาว #1555,3.3,"ระดับความเร่งด่วน = HIGH (ระบบกำหนด) → เสี่ยงต่อการ breach | หมวดปัญหา road เป็นหมวดเสี่ยงสูง (เช่น น้ำท่วม/ความปลอดภัย) | พบ pattern ตัวอักษรที่ model เรียนรู้ว่าเกี่ยวข้องกับ breach (เช่น ถนน, หาย) | คำอธิบายยาวมาก (length=637) → มักเป็นเคสซับซ้อน/ร้องเรียนหลายประเด็น → เสี่ยง breach สูง | ความชื้นสูงมาก (humidity_high=100.0) → สภาพอากาศอาจทำให้การปฏิบัติงานล่าช้า",high
2024-8VUCXF,road,คันนายาว,รามอินทรา,กรุงเทพมหานคร,high,"📢🔊 แจ้งป้ายเถื่อน ป้ายกองโจร 😱 ติดป้าย ผิด พรบ.ความสะอาด และความเป็นระเบียบเรียบร้อยของบ้านเมือง❌😤😠🙅‍♀️🙅‍♂️
🎤โฆษณาด้วยการปิด ทิ้ง หรือ โปรยแผ่นประกาศหรือใบปลิว ในที่สาธารณะ โดยไม่ได้รับอนุญาตมาตรา 10 แห่ง พ.ร.บ.รักษาความสะอาด พ.ศ. ๒๕๓๕
📸
📌ตรง คู้บอน 17
🛣️ถนน  คู้บอน ขาออก
🙏👷👩‍🔧ขอขอบคุณ เจ้าหน้าที่ทุกท่าน ในการจัดการปัญหานี้✌️✌️💪👏👏👏",333,5,11,3,2,2024,100.66384,13.84674,12.46195016349537,0,37.0,22.0,94.0,30.0,1021.0,1007.0,📢🔊 แจ้งป้ายเถื่อน ป้ายกองโจร 😱 ติดป้าย ผิด พรบ.ความสะอาด และความเป็นระเบียบเรียบร้อยของบ้านเมือง❌😤😠🙅‍♀️🙅‍♂️ 🎤โฆษณาด้วยการปิด ทิ้ง หรือ โปรยแผ่นประกาศหรือใบปลิว ในที่สาธารณะ โดยไม่ได้รับอนุญาตมาตรา 10 แห่ง พ.ร.บ.รักษาความสะอาด พ.ศ. ๒๕๓๕ 📸 📌ตรง คู้บอน 17 🛣️ถนน คู้บอน ขาออก 🙏👷👩‍🔧ขอขอบคุณ เจ้าหน้าที่ทุกท่าน ในการจัดการปัญหานี้✌️✌️💪👏👏👏,3.0,"ระดับความเร่งด่วน = HIGH (ระบบกำหนด) → เสี่ยงต่อการ breach | หมวดปัญหา road เป็นหมวดเสี่ยงสูง (เช่น น้ำท่วม/ความปลอดภัย) | พบ pattern ตัวอักษรที่ model เรียนรู้ว่าเกี่ยวข้องกับ breach (เช่น ถนน, รัก) | คำอธิบายยาวมาก (length=333) → มักเป็นเคสซับซ้อน/ร้องเรียนหลายประเด็น → เสี่ยง breach สูง",medium
2024-AQAQ9F,unknown,ราชเทวี,มักกะสัน,กรุงเทพมหานคร,low,"ที่ไม่ซ่อมเพราะ 
อยากประจานตัวเอง หรือเปล่า

เห็นมา 1 เดือน ยังเหมือนเดิม 
รอเพื้อ ??",85,0,4,22,4,2024,100.54295,13.76248,90.06795582402778,0,41.0,28.0,89.0,19.0,1012.0,1002.0,ที่ไม่ซ่อมเพราะ อยากประจานตัวเอง หรือเปล่า เห็นมา 1 เดือน ยังเหมือนเดิม รอเพื้อ ??,0.4,ระดับความเร่งด่วน = LOW → ความเสี่ยงโดยพื้นฐานไม่สูงมาก | หมวดปัญหา unknown อยู่ในกลุ่มความเสี่ยงต่ำกว่า | แจ้งในช่วงกลางคืน/เช้ามืด (hour=4) → มีโอกาสจัดการได้ช้ากว่าช่วงกลางวัน,low
2024-8U6WCP,road,พระนคร,เสาชิงช้า,กรุงเทพมหานคร,high,"เรียน สำนักงานรองเลขานุการผู้ว่า 

ช่วยส่งเจ้าหน้าที่มาปรับเงินร้านก๋วยเตี๋ยว เลขที่ 105-107 ถนนหลวง เเขวงบ้านบาตร เขตป้อมปราบ ทุกๆวัน ร้านนี้ตั้งโต๊ะบนทางเท้าทุกคืน 18:00-22:00 ทางเทศกิจเขตหวาดกลัวลูกค้าของร้านนี้ที่เป็นเเกงค์ซิ่งรถ จนไม่กล้ามาดำเนินการ",254,4,8,30,8,2024,100.50183,13.75388,12.46195016349537,1,36.0,24.0,100.0,44.0,1012.0,1002.0,เรียน สำนักงานรองเลขานุการผู้ว่า ช่วยส่งเจ้าหน้าที่มาปรับเงินร้านก๋วยเตี๋ยว เลขที่ 105-107 ถนนหลวง เเขวงบ้านบาตร เขตป้อมปราบ ทุกๆวัน ร้านนี้ตั้งโต๊ะบนทางเท้าทุกคืน 18:00-22:00 ทางเทศกิจเขตหวาดกลัวลูกค้าของร้านนี้ที่เป็นเเกงค์ซิ่งรถ จนไม่กล้ามาดำเนินการ,3.2,"ระดับความเร่งด่วน = HIGH (ระบบกำหนด) → เสี่ยงต่อการ breach | หมวดปัญหา road เป็นหมวดเสี่ยงสูง (เช่น น้ำท่วม/ความปลอดภัย) | แจ้งช่วงเช้า (hour=8) ซึ่งเป็นช่วงงานล้นของหน่วยงาน → มีโอกาส delay เล็กน้อย | พบ pattern ตัวอักษรที่ model เรียนรู้ว่าเกี่ยวข้องกับ breach (เช่น ถนน,  ทา) | คำอธิบายยาว (length=254) → มีโอกาสเป็นเคสซับซ้อน | ความชื้นสูงมาก (humidity_high=100.0) → สภาพอากาศอาจทำให้การปฏิบัติงานล่าช้า",high
PH4TG3,lighting,ทุ่งครุ,ทุ่งครุ,กรุงเทพมหานคร,high,"ปัญหา: ภายในหมู่บ้านดังกล่าว พบดวงไฟฟ้าส่องสว่างทาง มีแสงสว่างไม่เพียงพอ 
จุดที่ 1 หน้าบ้านเลขที่ 83/104
จุดที่ 2 หน้าบ้านเลขที่ 83/98
ทำให้บริเวณดังกล่าวค่อนข้างมืดมาก จึงขอให้เปลี่ยนเป็นหลอดรุ่นใหม่ 
อ้างอิงเลขที่รับแจ้ง 92VWEV เจ้าหน้าที่ตอบกลับมาเมื่อวันที่ พ. 6 มี.ค. 67 เสร็จสิ้น  แจ้งว่า ตรวจสอบแล้วพบว่ามีแสงสว่างเพียงพอ ไฟใช้งานได้ปกติ รายละเอียดตามรูปที่แนบ

ปัจจุบันผู้ร้องแจ้งว่า ยังคงยืนยันว่า ขอให้เปลี่ยนเป็นหลอดไฟใหม่ให้สว่างมากกว่านี้ เนื่องจากหลอดไฟเดิมแสงสว่างไม่เพียงพอ
หมู่บ้าน:  วิเศษสุขนคร
ซอย: ประชาอุทิศ 79
ถนน: ประชาอุทิศ 
จุดสังเกต: หมู่บ้านวิเศษสุขนคร ซอย 4 (ซอยตัน)
เขต: ทุ่งครุ
#1555",614,4,11,8,3,2024,100.51334,13.63379,73.68319893052893,0,39.0,25.0,94.0,20.0,1016.0,1005.0,ปัญหา: ภายในหมู่บ้านดังกล่าว พบดวงไฟฟ้าส่องสว่างทาง มีแสงสว่างไม่เพียงพอ จุดที่ 1 หน้าบ้านเลขที่ 83/104 จุดที่ 2 หน้าบ้านเลขที่ 83/98 ทำให้บริเวณดังกล่าวค่อนข้างมืดมาก จึงขอให้เปลี่ยนเป็นหลอดรุ่นใหม่ อ้างอิงเลขที่รับแจ้ง 92VWEV เจ้าหน้าที่ตอบกลับมาเมื่อวันที่ พ. 6 มี.ค. 67 เสร็จสิ้น แจ้งว่า ตรวจสอบแล้วพบว่ามีแสงสว่างเพียงพอ ไฟใช้งานได้ปกติ รายละเอียดตามรูปที่แนบ ปัจจุบันผู้ร้องแจ้งว่า ยังคงยืนยันว่า ขอให้เปลี่ยนเป็นหลอดไฟใหม่ให้สว่างมากกว่านี้ เนื่องจากหลอดไฟเดิมแสงสว่างไม่เพียงพอ หมู่บ้าน: วิเศษสุขนคร ซอย: ประชาอุทิศ 79 ถนน: ประชาอุทิศ จุดสังเกต: หมู่บ้านวิเศษสุขนคร ซอย 4 (ซอยตัน) เขต: ทุ่งครุ #1555,3.0,"ระดับความเร่งด่วน = HIGH (ระบบกำหนด) → เสี่ยงต่อการ breach | หมวดปัญหา lighting เป็นหมวดเสี่ยงสูง (เช่น น้ำท่วม/ความปลอดภัย) | พบ pattern ตัวอักษรที่ model เรียนรู้ว่าเกี่ยวข้องกับ breach (เช่น ถนน, ดวง) | คำอธิบายยาวมาก (length=614) → มักเป็นเคสซับซ้อน/ร้องเรียนหลายประเด็น → เสี่ยง breach สูง",medium
2024-BWTUHC,road,บางซื่อ,วงศ์สว่าง,กรุงเทพมหานคร,high,ป้ายโฆษณาครับ,13,1,8,23,4,2024,100.52722,13.82921,12.46195016349537,0,41.0,28.0,89.0,19.0,1012.0,1002.0,ป้ายโฆษณาครับ,2.0,ระดับความเร่งด่วน = HIGH (ระบบกำหนด) → เสี่ยงต่อการ breach | หมวดปัญหา road เป็นหมวดเสี่ยงสูง (เช่น น้ำท่วม/ความปลอดภัย) | แจ้งช่วงเช้า (hour=8) ซึ่งเป็นช่วงงานล้นของหน่วยงาน → มีโอกาส delay เล็กน้อย,low
2024-8URKU8,road,บางกอกน้อย,บางขุนศรี,กรุงเทพมหานคร,high,ขับขี่บนทางเท้า,15,1,13,16,7,2024,100.47106,13.76087,12.46195016349537,0,36.0,24.0,100.0,47.0,1012.0,1001.0,ขับขี่บนทางเท้า,2.1,ระดับความเร่งด่วน = HIGH (ระบบกำหนด) → เสี่ยงต่อการ breach | หมวดปัญหา road เป็นหมวดเสี่ยงสูง (เช่น น้ำท่วม/ความปลอดภัย) | ความชื้นสูงมาก (humidity_high=100.0) → สภาพอากาศอาจทำให้การปฏิบัติงานล่าช้า,low
9U2WH3,road,วัฒนา,คลองตันเหนือ,กรุงเทพมหานคร,high,"ปัญหา: บริเวณทางเข้าชุมชนแจ่มจันทร์ พบมีร้านขายของชำ ตั้งวางสิ่งของกีดขวางทางจราจร ทำให้ขับรถสัญจรเข้าออกชุมชนลำบาก
ซอย: ทองหล่อ 20 (ชุมชนแจ่มจันทร์)
ถนน: ทองหล่อ
จุดสังเกต: เข้ามาทางด้านข้างคอนโด ชีวาทัย เรสซิเดนซ์ ทองหล่อ
เขต: วัฒนา
#1555",241,4,1,16,2,2024,100.58694,13.74025,12.46195016349537,0,37.0,22.0,94.0,30.0,1021.0,1007.0,ปัญหา: บริเวณทางเข้าชุมชนแจ่มจันทร์ พบมีร้านขายของชำ ตั้งวางสิ่งของกีดขวางทางจราจร ทำให้ขับรถสัญจรเข้าออกชุมชนลำบาก ซอย: ทองหล่อ 20 (ชุมชนแจ่มจันทร์) ถนน: ทองหล่อ จุดสังเกต: เข้ามาทางด้านข้างคอนโด ชีวาทัย เรสซิเดนซ์ ทองหล่อ เขต: วัฒนา #1555,3.4000000000000004,"ระดับความเร่งด่วน = HIGH (ระบบกำหนด) → เสี่ยงต่อการ breach | หมวดปัญหา road เป็นหมวดเสี่ยงสูง (เช่น น้ำท่วม/ความปลอดภัย) | แจ้งในช่วงกลางคืน/เช้ามืด (hour=1) + หมวด road → อาจกระทบความปลอดภัยมาก | พบ pattern ตัวอักษรที่ model เรียนรู้ว่าเกี่ยวข้องกับ breach (เช่น ถนน,  ตั) | คำอธิบายยาว (length=241) → มีโอกาสเป็นเคสซับซ้อน",high
2024-P8C4G6,road,บางนา,บางนาเหนือ,กรุงเทพมหานคร,high,ถนนชำรุดฝาท่อเป็นหลุม,21,6,12,3,3,2024,100.6417,13.65622,12.46195016349537,1,39.0,25.0,94.0,20.0,1016.0,1005.0,ถนนชำรุดฝาท่อเป็นหลุม,2.5,ระดับความเร่งด่วน = HIGH (ระบบกำหนด) → เสี่ยงต่อการ breach | หมวดปัญหา road เป็นหมวดเสี่ยงสูง (เช่น น้ำท่วม/ความปลอดภัย) | พบ pattern ตัวอักษรที่ model เรียนรู้ว่าเกี่ยวข้องกับ breach (เช่น ถนน),low
2024-9DU3MV,cleaning,ห้วยขวาง,สามเสนนอก,กรุงเทพมหานคร,mid,ซอยวัฒนานิเวศน์ 4 แยก 2 เขตห้วยขวาง   พนักงานจะมาเก็บขยะสัปดาห์ละครั้ง อังคารหรือพุธ  พบว่าพนักงานละเว้นไม่เก็บขยะหน้าบ้านที่กำลังก่อสร้าง นานเป็นเดือน จนส่งกลิ่นเหม็นเวลาลมพัดเข้ามาบ้านใกล้เคียง เคยโทรแจ้งเขตห้วยขวางเมื่อวันจันทร์ที่ 1 กค เจ้าหน้าที่รับเรื่อง แต่ก็ไม่เป็นผล  ขยะยังคงกองเหมือนเดิม  กรุณาเก็บให้ด้วยครับ,320,2,11,3,7,2024,100.58017,13.79558,11.866649166648148,0,36.0,24.0,100.0,47.0,1012.0,1001.0,ซอยวัฒนานิเวศน์ 4 แยก 2 เขตห้วยขวาง พนักงานจะมาเก็บขยะสัปดาห์ละครั้ง อังคารหรือพุธ พบว่าพนักงานละเว้นไม่เก็บขยะหน้าบ้านที่กำลังก่อสร้าง นานเป็นเดือน จนส่งกลิ่นเหม็นเวลาลมพัดเข้ามาบ้านใกล้เคียง เคยโทรแจ้งเขตห้วยขวางเมื่อวันจันทร์ที่ 1 กค เจ้าหน้าที่รับเรื่อง แต่ก็ไม่เป็นผล ขยะยังคงกองเหมือนเดิม กรุณาเก็บให้ด้วยครับ,2.4,"ระดับความเร่งด่วน = MID → มีโอกาส breach ปานกลาง | หมวดปัญหา cleaning เป็นหมวดเสี่ยงกลางๆ → เสี่ยงปานกลาง | พบ pattern ตัวอักษรที่ model เรียนรู้ว่าเกี่ยวข้องกับ breach (เช่น  4 , นทร) | คำอธิบายยาวมาก (length=320) → มักเป็นเคสซับซ้อน/ร้องเรียนหลายประเด็น → เสี่ยง breach สูง | ความชื้นสูงมาก (humidity_high=100.0) → สภาพอากาศอาจทำให้การปฏิบัติงานล่าช้า",low
2024-DC7YXU,road,บางพลัด,บางอ้อ,กรุงเทพมหานคร,high,"เมื่อนำสายลงใต้ดิน ถอนเสาเดิมแล้ว อยากให้ติดตั้งเสาใหม่แบบ smart pole ที่เสาเดียวมีทั้งไฟส่องสว่างถนนและทางเท้า ,กล้องวงจรปิด AI จับภาพหน้าบุคคลและทะเบียนรถ จยย.,เครื่องวัดฝุ่น,ไวไฟฟรี,SOS ครับ",193,5,12,4,5,2024,100.51077,13.79998,12.46195016349537,1,40.0,24.0,100.0,29.0,1014.0,1001.0,"เมื่อนำสายลงใต้ดิน ถอนเสาเดิมแล้ว อยากให้ติดตั้งเสาใหม่แบบ smart pole ที่เสาเดียวมีทั้งไฟส่องสว่างถนนและทางเท้า ,กล้องวงจรปิด AI จับภาพหน้าบุคคลและทะเบียนรถ จยย.,เครื่องวัดฝุ่น,ไวไฟฟรี,SOS ครับ",3.0,"ระดับความเร่งด่วน = HIGH (ระบบกำหนด) → เสี่ยงต่อการ breach | หมวดปัญหา road เป็นหมวดเสี่ยงสูง (เช่น น้ำท่วม/ความปลอดภัย) | พบ pattern ตัวอักษรที่ model เรียนรู้ว่าเกี่ยวข้องกับ breach (เช่น ถนน, ใต้) | คำอธิบายยาว (length=193) → มีโอกาสเป็นเคสซับซ้อน | ความชื้นสูงมาก (humidity_high=100.0) → สภาพอากาศอาจทำให้การปฏิบัติงานล่าช้า",medium
F8FL9C,road,พระโขนง,บางจาก,กรุงเทพมหานคร,high,"ปัญหา: ภายในซอยดังกล่าว พบโครงการ (ไม่ทราบชื่อ) มีการก่อสร้างอาคารและไม่มีการป้องกันฝุ่นครบทุกด้าน มีการป้องกันเพียง 3 ด้าน และอีกด้านไม่มีการป้องกัน จึงทำให้ฝุ่นฟุ้งกระจายไปทั่วบริเวณ  พบปัญหานาน 10 วันแล้ว ทำให้ได้รับความเดือดร้อนอย่างมาก
1 ขอให้เร่งติดตั้งวัสดุป้องกันฝุ่นละออง
2 การก่อสร้างในวันหยุดสามารถทำได้หรือไม่
3 ต้องการทราบระยะเวลาก่อสร้างว่าจะแล้วเสร็จเมื่อใด
ซอย: สุขุมวิท 101/1
ถนน: สุขุมวิท
จุดสังเกต: เป็นซอยย่อยวัดธรรมมงคล (ไม่ทราบชื่อ) จุดที่สร้างเป็นคลองระบายน้ำ อยู่ระหว่างซอยสุขุมวิท 101 และ สุขุมวิท 101/1 ซึ่งด้านข้างอยู่ติดกับโครงการ True Digital  Park
เขต: พระโขนง
#1555",597,0,7,8,4,2024,100.61417,13.68751,12.46195016349537,1,41.0,28.0,89.0,19.0,1012.0,1002.0,ปัญหา: ภายในซอยดังกล่าว พบโครงการ (ไม่ทราบชื่อ) มีการก่อสร้างอาคารและไม่มีการป้องกันฝุ่นครบทุกด้าน มีการป้องกันเพียง 3 ด้าน และอีกด้านไม่มีการป้องกัน จึงทำให้ฝุ่นฟุ้งกระจายไปทั่วบริเวณ พบปัญหานาน 10 วันแล้ว ทำให้ได้รับความเดือดร้อนอย่างมาก 1 ขอให้เร่งติดตั้งวัสดุป้องกันฝุ่นละออง 2 การก่อสร้างในวันหยุดสามารถทำได้หรือไม่ 3 ต้องการทราบระยะเวลาก่อสร้างว่าจะแล้วเสร็จเมื่อใด ซอย: สุขุมวิท 101/1 ถนน: สุขุมวิท จุดสังเกต: เป็นซอยย่อยวัดธรรมมงคล (ไม่ทราบชื่อ) จุดที่สร้างเป็นคลองระบายน้ำ อยู่ระหว่างซอยสุขุมวิท 101 และ สุขุมวิท 101/1 ซึ่งด้านข้างอยู่ติดกับโครงการ True Digital Park เขต: พระโขนง #1555,3.2,"ระดับความเร่งด่วน = HIGH (ระบบกำหนด) → เสี่ยงต่อการ breach | หมวดปัญหา road เป็นหมวดเสี่ยงสูง (เช่น น้ำท่วม/ความปลอดภัย) | แจ้งช่วงเช้า (hour=7) ซึ่งเป็นช่วงงานล้นของหน่วยงาน → มีโอกาส delay เล็กน้อย | พบ pattern ตัวอักษรที่ model เรียนรู้ว่าเกี่ยวข้องกับ breach (เช่น ถนน, หยุ) | คำอธิบายยาวมาก (length=597) → มักเป็นเคสซับซ้อน/ร้องเรียนหลายประเด็น → เสี่ยง breach สูง",high
JY8UMG,road,บึงกุ่ม,คลองกุ่ม,กรุงเทพมหานคร,high,"ปัญหา: อาคารเลขที่ 21/815 สุดอาคารมีการวางเศษไม้เศษวัสดุของแอร์เพราะผู้อยู่อาคารดังกล่าวเป็นช่างแอร์ ทำให้ส่งกลิ่นรบกวนประชาชน และเปิดเพลงเสียงดังรบกวนเวลาพักผ่อนช่วง 24.00-01.00 น. บางครั้งช่วงเช้าเวลา 7.00-09.00 น.
บ้านเลขที่: 21/815
ซอย: นวมินทร์ 42 แยก 14
ถนน: นวมินทร์ 
จุดสังเกต: อยู่ปากซอยแยกดังกล่าวเป็นอาคาร 2 ชั้น
เขต: บึงกุ่ม
#1555",343,0,9,8,4,2024,100.65886,13.79829,12.46195016349537,0,41.0,28.0,89.0,19.0,1012.0,1002.0,ปัญหา: อาคารเลขที่ 21/815 สุดอาคารมีการวางเศษไม้เศษวัสดุของแอร์เพราะผู้อยู่อาคารดังกล่าวเป็นช่างแอร์ ทำให้ส่งกลิ่นรบกวนประชาชน และเปิดเพลงเสียงดังรบกวนเวลาพักผ่อนช่วง 24.00-01.00 น. บางครั้งช่วงเช้าเวลา 7.00-09.00 น. บ้านเลขที่: 21/815 ซอย: นวมินทร์ 42 แยก 14 ถนน: นวมินทร์ จุดสังเกต: อยู่ปากซอยแยกดังกล่าวเป็นอาคาร 2 ชั้น เขต: บึงกุ่ม #1555,3.2,"ระดับความเร่งด่วน = HIGH (ระบบกำหนด) → เสี่ยงต่อการ breach | หมวดปัญหา road เป็นหมวดเสี่ยงสูง (เช่น น้ำท่วม/ความปลอดภัย) | แจ้งช่วงเช้า (hour=9) ซึ่งเป็นช่วงงานล้นของหน่วยงาน → มีโอกาส delay เล็กน้อย | พบ pattern ตัวอักษรที่ model เรียนรู้ว่าเกี่ยวข้องกับ breach (เช่น ถนน, นทร) | คำอธิบายยาวมาก (length=343) → มักเป็นเคสซับซ้อน/ร้องเรียนหลายประเด็น → เสี่ยง breach สูง",high
2024-3PW84N,road,จตุจักร,จอมพล,กรุงเทพมหานคร,high,สวัสดีครับ อยากร้องเรียนเรื่องโครงการก่อสร้าง ปิดทางเข้าออกร้านค้าครับ โครงการหมอชิตคอมเพล็กเขตจตุจักร ถนนพหลโยธินครับ ทำให้การค้าขายไม่ดีเหมือนเดิม ต้องเดินในทางเดินชั่วคราว โครงการไม่มีการเยียวยาหรือชดเชยใดๆ,209,3,9,21,3,2024,100.55759,13.80691,12.46195016349537,1,39.0,25.0,94.0,20.0,1016.0,1005.0,สวัสดีครับ อยากร้องเรียนเรื่องโครงการก่อสร้าง ปิดทางเข้าออกร้านค้าครับ โครงการหมอชิตคอมเพล็กเขตจตุจักร ถนนพหลโยธินครับ ทำให้การค้าขายไม่ดีเหมือนเดิม ต้องเดินในทางเดินชั่วคราว โครงการไม่มีการเยียวยาหรือชดเชยใดๆ,2.9000000000000004,"ระดับความเร่งด่วน = HIGH (ระบบกำหนด) → เสี่ยงต่อการ breach | หมวดปัญหา road เป็นหมวดเสี่ยงสูง (เช่น น้ำท่วม/ความปลอดภัย) | แจ้งช่วงเช้า (hour=9) ซึ่งเป็นช่วงงานล้นของหน่วยงาน → มีโอกาส delay เล็กน้อย | พบ pattern ตัวอักษรที่ model เรียนรู้ว่าเกี่ยวข้องกับ breach (เช่น ถนน, กร ) | คำอธิบายยาว (length=209) → มีโอกาสเป็นเคสซับซ้อน",medium
2024-644DEZ,road,จตุจักร,จอมพล,กรุงเทพมหานคร,high,วินมอเตอร์ไซค์ขับย้อนศร“บนทางเท้า”,34,2,10,8,5,2024,100.57119,13.80766,12.46195016349537,0,40.0,24.0,100.0,29.0,1014.0,1001.0,วินมอเตอร์ไซค์ขับย้อนศร“บนทางเท้า”,2.1,ระดับความเร่งด่วน = HIGH (ระบบกำหนด) → เสี่ยงต่อการ breach | หมวดปัญหา road เป็นหมวดเสี่ยงสูง (เช่น น้ำท่วม/ความปลอดภัย) | ความชื้นสูงมาก (humidity_high=100.0) → สภาพอากาศอาจทำให้การปฏิบัติงานล่าช้า,low
2024-AK4GTV,safety,หลักสี่,ทุ่งสองห้อง,กรุงเทพมหานคร,high,บ้านไม่มีคนอยู่อาศัย ต้นไม้ริมรั้วโตกีดขวางทางรถวิ่งในซอยค่ะ,60,3,2,18,1,2024,100.55052,13.8632,14.08306067712731,0,35.0,23.0,94.0,28.0,1020.0,1008.0,บ้านไม่มีคนอยู่อาศัย ต้นไม้ริมรั้วโตกีดขวางทางรถวิ่งในซอยค่ะ,3.2,ระดับความเร่งด่วน = HIGH (ระบบกำหนด) → เสี่ยงต่อการ breach | หมวดปัญหา safety เป็นหมวดเสี่ยงสูง (เช่น น้ำท่วม/ความปลอดภัย) | แจ้งในช่วงกลางคืน/เช้ามืด (hour=2) + หมวด safety → อาจกระทบความปลอดภัยมาก | พบ pattern ตัวอักษรที่ model เรียนรู้ว่าเกี่ยวข้องกับ breach (เช่น างร),high
2024-KZH3Q9,road,คลองสามวา,ทรายกองดินใต้,กรุงเทพมหานคร,high,พบว่ามีรถมาจอดริมถนนตลอด24ชม ขวางทาง3แยก สวนรถขับรถเลี้ยวลำบาก มาจอดแช่ 3-4คันรวด ถึงแบนชะโด3 หน้าบ้านก็จอดกินที่ถนนตลอดเส้นประชาร่วมใจ69เข้ามาในแบนชะโด5 พบหลายหลังมีการจอดหน้าบ้านกินที่ถนนละเป็นทางโค้งที่สัญจรยากอยู่แล้ว รถเชี่ยวเป็นประจำ,239,0,10,19,8,2024,100.78243,13.87506,12.46195016349537,0,36.0,24.0,100.0,44.0,1012.0,1002.0,พบว่ามีรถมาจอดริมถนนตลอด24ชม ขวางทาง3แยก สวนรถขับรถเลี้ยวลำบาก มาจอดแช่ 3-4คันรวด ถึงแบนชะโด3 หน้าบ้านก็จอดกินที่ถนนตลอดเส้นประชาร่วมใจ69เข้ามาในแบนชะโด5 พบหลายหลังมีการจอดหน้าบ้านกินที่ถนนละเป็นทางโค้งที่สัญจรยากอยู่แล้ว รถเชี่ยวเป็นประจำ,3.0,"ระดับความเร่งด่วน = HIGH (ระบบกำหนด) → เสี่ยงต่อการ breach | หมวดปัญหา road เป็นหมวดเสี่ยงสูง (เช่น น้ำท่วม/ความปลอดภัย) | พบ pattern ตัวอักษรที่ model เรียนรู้ว่าเกี่ยวข้องกับ breach (เช่น ถนน, แยก) | คำอธิบายยาว (length=239) → มีโอกาสเป็นเคสซับซ้อน | ความชื้นสูงมาก (humidity_high=100.0) → สภาพอากาศอาจทำให้การปฏิบัติงานล่าช้า",medium
2024-8BZCTU,road,ราชเทวี,ถนนพญาไท,กรุงเทพมหานคร,high,เวลา 5.36 น. ร้านอาหารยะงปล่อยใฟ้ทานอาหารและเหล้าข้างถนน ตั้งอยู่บนทางเท้า เสียงดังมาก ไม่เกรงใจคนรอบข้าง และ ไม่เกรงกลัวกฎหมาย,127,6,22,22,12,2024,100.5424,13.76145,12.46195016349537,0,34.0,19.0,94.0,35.0,1018.0,1006.0,เวลา 5.36 น. ร้านอาหารยะงปล่อยใฟ้ทานอาหารและเหล้าข้างถนน ตั้งอยู่บนทางเท้า เสียงดังมาก ไม่เกรงใจคนรอบข้าง และ ไม่เกรงกลัวกฎหมาย,3.2,"ระดับความเร่งด่วน = HIGH (ระบบกำหนด) → เสี่ยงต่อการ breach | หมวดปัญหา road เป็นหมวดเสี่ยงสูง (เช่น น้ำท่วม/ความปลอดภัย) | แจ้งในช่วงกลางคืน/เช้ามืด (hour=22) + หมวด road → อาจกระทบความปลอดภัยมาก | พบ pattern ตัวอักษรที่ model เรียนรู้ว่าเกี่ยวข้องกับ breach (เช่น ถนน,  ตั)",high
2024-7GA7ZD,road,ภาษีเจริญ,ปากคลองภาษีเจริญ,กรุงเทพมหานคร,high,รถแท๊กซี่จอดบริเวณเส้นขาวแดงกีดขวางการจราจร,43,3,7,18,1,2024,100.45619,13.71961,12.46195016349537,0,35.0,23.0,94.0,28.0,1020.0,1008.0,รถแท๊กซี่จอดบริเวณเส้นขาวแดงกีดขวางการจราจร,2.0,ระดับความเร่งด่วน = HIGH (ระบบกำหนด) → เสี่ยงต่อการ breach | หมวดปัญหา road เป็นหมวดเสี่ยงสูง (เช่น น้ำท่วม/ความปลอดภัย) | แจ้งช่วงเช้า (hour=7) ซึ่งเป็นช่วงงานล้นของหน่วยงาน → มีโอกาส delay เล็กน้อย,low
EKJPWK,road,ลาดพร้าว,ลาดพร้าว,กรุงเทพมหานคร,high,"ปัญหา: บริเวณบ้านเลขที่ 6/223 พบแมวจรจัด 2-3 ตัว ขับถ่ายมูลเรี่ยราดใส่รถและบ้านเรือนประชาชน ช่วงเวลากลางคืน สร้างความเดือดร้อนเป็นอย่างมาก
ซอย: โชคชัย 4 ที่ 41
ถนน: โชคชัย 4
จุดสังเกต: เข้าซอยดังกล่าวไปประมาณ 100 เมตร ทาวน์เฮ้าส์ 3 ชั้น 5 คูหา ซ้ายมือ
เขต: ลาดพร้าว
#1555",272,5,10,28,9,2024,100.59489,13.81106,12.46195016349537,0,35.0,24.0,100.0,47.0,1013.0,999.0,ปัญหา: บริเวณบ้านเลขที่ 6/223 พบแมวจรจัด 2-3 ตัว ขับถ่ายมูลเรี่ยราดใส่รถและบ้านเรือนประชาชน ช่วงเวลากลางคืน สร้างความเดือดร้อนเป็นอย่างมาก ซอย: โชคชัย 4 ที่ 41 ถนน: โชคชัย 4 จุดสังเกต: เข้าซอยดังกล่าวไปประมาณ 100 เมตร ทาวน์เฮ้าส์ 3 ชั้น 5 คูหา ซ้ายมือ เขต: ลาดพร้าว #1555,3.0,"ระดับความเร่งด่วน = HIGH (ระบบกำหนด) → เสี่ยงต่อการ breach | หมวดปัญหา road เป็นหมวดเสี่ยงสูง (เช่น น้ำท่วม/ความปลอดภัย) | พบ pattern ตัวอักษรที่ model เรียนรู้ว่าเกี่ยวข้องกับ breach (เช่น ถนน,  4 ) | คำอธิบายยาว (length=272) → มีโอกาสเป็นเคสซับซ้อน | ความชื้นสูงมาก (humidity_high=100.0) → สภาพอากาศอาจทำให้การปฏิบัติงานล่าช้า",medium
2BEE4L,flood,ตลิ่งชัน,ฉิมพลี,กรุงเทพมหานคร,high,"พบน้ำท่วมขังในซอยสวนผัก 38  ขอให้ดำเนินการแก้ไขปัญหาน้ำท่วมด้วย แขวงฉิมพลี  เขตตลิ่งชัน
#1555 #citydata",104,3,23,17,10,2024,100.4275,13.79459,11.670945969684022,0,35.0,23.0,100.0,49.0,1014.0,1002.0,พบน้ำท่วมขังในซอยสวนผัก 38 ขอให้ดำเนินการแก้ไขปัญหาน้ำท่วมด้วย แขวงฉิมพลี เขตตลิ่งชัน #1555 #citydata,3.2,"ระดับความเร่งด่วน = HIGH (ระบบกำหนด) → เสี่ยงต่อการ breach | หมวดปัญหา flood เป็นหมวดเสี่ยงสูง (เช่น น้ำท่วม/ความปลอดภัย) | แจ้งในช่วงกลางคืน/เช้ามืด (hour=23) → มีโอกาสจัดการได้ช้ากว่าช่วงกลางวัน | พบ pattern ตัวอักษรที่ model เรียนรู้ว่าเกี่ยวข้องกับ breach (เช่น ัก , ขัง) | ความชื้นสูงมาก (humidity_high=100.0) → สภาพอากาศอาจทำให้การปฏิบัติงานล่าช้า",high
2024-AY7GAH,animal,สะพานสูง,สะพานสูง,กรุงเทพมหานคร,low,เสียงสุนัขเห่ารบกวน,19,6,11,3,3,2024,100.70716,13.74926,72.86693309369213,0,39.0,25.0,94.0,20.0,1016.0,1005.0,เสียงสุนัขเห่ารบกวน,0.0,ระดับความเร่งด่วน = LOW → ความเสี่ยงโดยพื้นฐานไม่สูงมาก | หมวดปัญหา animal อยู่ในกลุ่มความเสี่ยงต่ำกว่า,low
2024-CGLRPZ,road,จตุจักร,จอมพล,กรุงเทพมหานคร,high,ผิวจราจรเป็นหลุม,16,0,8,25,3,2024,100.56519,13.81577,12.46195016349537,0,39.0,25.0,94.0,20.0,1016.0,1005.0,ผิวจราจรเป็นหลุม,2.0,ระดับความเร่งด่วน = HIGH (ระบบกำหนด) → เสี่ยงต่อการ breach | หมวดปัญหา road เป็นหมวดเสี่ยงสูง (เช่น น้ำท่วม/ความปลอดภัย) | แจ้งช่วงเช้า (hour=8) ซึ่งเป็นช่วงงานล้นของหน่วยงาน → มีโอกาส delay เล็กน้อย,low
2024-C2TR76,flood,พระโขนง,บางจาก,กรุงเทพมหานคร,high,น้ำท่วมขัง ความสูงระดับข้อเท้า น้ำท่วมมาแล้วน้อยกว่า 3 ชั่วโมง,62,1,13,21,5,2024,100.61652,13.69904,11.670945969684022,0,40.0,24.0,100.0,29.0,1014.0,1001.0,น้ำท่วมขัง ความสูงระดับข้อเท้า น้ำท่วมมาแล้วน้อยกว่า 3 ชั่วโมง,2.8,"ระดับความเร่งด่วน = HIGH (ระบบกำหนด) → เสี่ยงต่อการ breach | หมวดปัญหา flood เป็นหมวดเสี่ยงสูง (เช่น น้ำท่วม/ความปลอดภัย) | พบ pattern ตัวอักษรที่ model เรียนรู้ว่าเกี่ยวข้องกับ breach (เช่น ดับ, มมา) | ความชื้นสูงมาก (humidity_high=100.0) → สภาพอากาศอาจทำให้การปฏิบัติงานล่าช้า",medium
HY3NHG,road,มีนบุรี,มีนบุรี,กรุงเทพมหานคร,high,"ปัญหา: ภายในซอยดังกล่าว พบมีการจุดพลุส่งเสียงดังรบกวนตั้งแต่ช่วงเวลา 19.00 น. เป็นต้นไป ปัจจุบันเวลา 22.50 น. เสียงยังดังกรบกวนอยู่ พบเห็นมา 5 วันแล้ว สร้างความเดือดร้อนให้กับผู้ที่พักอาศัยในบริเวณดังกล่าว

ซอย: ร่มเกล้า 6/1
ถนน: ร่มเกล้า
จุดสังเกต: เข้าซอยดังกล่าวมาจะเจอโรงเรียนคลองสองต้นนุ่นให้เลี้ยวขวาเลียบคลองสองต้นนุ่นมาเกือบสุดซอยจะมีโอ่งตั้งหน้าปากซอยบ้านดังกล่าวเป็นหลังสีฟ้า
เขต: มีนบุรี
#1555",405,1,17,31,12,2024,100.74523,13.79442,12.46195016349537,0,34.0,19.0,94.0,35.0,1018.0,1006.0,ปัญหา: ภายในซอยดังกล่าว พบมีการจุดพลุส่งเสียงดังรบกวนตั้งแต่ช่วงเวลา 19.00 น. เป็นต้นไป ปัจจุบันเวลา 22.50 น. เสียงยังดังกรบกวนอยู่ พบเห็นมา 5 วันแล้ว สร้างความเดือดร้อนให้กับผู้ที่พักอาศัยในบริเวณดังกล่าว ซอย: ร่มเกล้า 6/1 ถนน: ร่มเกล้า จุดสังเกต: เข้าซอยดังกล่าวมาจะเจอโรงเรียนคลองสองต้นนุ่นให้เลี้ยวขวาเลียบคลองสองต้นนุ่นมาเกือบสุดซอยจะมีโอ่งตั้งหน้าปากซอยบ้านดังกล่าวเป็นหลังสีฟ้า เขต: มีนบุรี #1555,3.0,ระดับความเร่งด่วน = HIGH (ระบบกำหนด) → เสี่ยงต่อการ breach | หมวดปัญหา road เป็นหมวดเสี่ยงสูง (เช่น น้ำท่วม/ความปลอดภัย) | พบ pattern ตัวอักษรที่ model เรียนรู้ว่าเกี่ยวข้องกับ breach (เช่น ถนน) | คำอธิบายยาวมาก (length=405) → มักเป็นเคสซับซ้อน/ร้องเรียนหลายประเด็น → เสี่ยง breach สูง,medium
2024-M9UBTB,road,วัฒนา,คลองตันเหนือ,กรุงเทพมหานคร,high,ฟุตบาทพัง,9,5,6,24,8,2024,100.57285,13.7423,12.46195016349537,1,36.0,24.0,100.0,44.0,1012.0,1002.0,ฟุตบาทพัง,3.0,"ระดับความเร่งด่วน = HIGH (ระบบกำหนด) → เสี่ยงต่อการ breach | หมวดปัญหา road เป็นหมวดเสี่ยงสูง (เช่น น้ำท่วม/ความปลอดภัย) | แจ้งช่วงเช้า (hour=6) ซึ่งเป็นช่วงงานล้นของหน่วยงาน → มีโอกาส delay เล็กน้อย | พบ pattern ตัวอักษรที่ model เรียนรู้ว่าเกี่ยวข้องกับ breach (เช่น บาท, พัง) | ความชื้นสูงมาก (humidity_high=100.0) → สภาพอากาศอาจทำให้การปฏิบัติงานล่าช้า",medium
2024-CXC78G,safety,วัฒนา,คลองตันเหนือ,กรุงเทพมหานคร,high,"โครงการที่กำลังสร้าง(ซึ่งเป็นโครงการที่ไม่ควรผ่านการประเมิณ EIA เลย ด้วยขนาดโครงการ ที่ใหญ่ไม่สมดุลกับเนื้อที่)
สร้างมลภาวะทางเสียงและฝุ่น ต่อผู้อยู่อาศัย ในวันหยุดราชการ (แจ้งในฐานะเจ้าของร่วม ที่ให้คนเช่าห้องที่อยู่ในตึกไทปิง)ค่ะ",231,0,10,7,10,2024,100.58956,13.7376,14.08306067712731,1,35.0,23.0,100.0,49.0,1014.0,1002.0,โครงการที่กำลังสร้าง(ซึ่งเป็นโครงการที่ไม่ควรผ่านการประเมิณ EIA เลย ด้วยขนาดโครงการ ที่ใหญ่ไม่สมดุลกับเนื้อที่) สร้างมลภาวะทางเสียงและฝุ่น ต่อผู้อยู่อาศัย ในวันหยุดราชการ (แจ้งในฐานะเจ้าของร่วม ที่ให้คนเช่าห้องที่อยู่ในตึกไทปิง)ค่ะ,3.0,"ระดับความเร่งด่วน = HIGH (ระบบกำหนด) → เสี่ยงต่อการ breach | หมวดปัญหา safety เป็นหมวดเสี่ยงสูง (เช่น น้ำท่วม/ความปลอดภัย) | พบ pattern ตัวอักษรที่ model เรียนรู้ว่าเกี่ยวข้องกับ breach (เช่น หยุ, นาด) | คำอธิบายยาว (length=231) → มีโอกาสเป็นเคสซับซ้อน | ความชื้นสูงมาก (humidity_high=100.0) → สภาพอากาศอาจทำให้การปฏิบัติงานล่าช้า",medium
2024-8P2HL2,road,บางกะปิ,คลองจั่น,กรุงเทพมหานคร,high,"📢🔊🛣️🕳️แจ้งถนนชำรุด 😱
ตรงที่เคยมาปรับปรุงตอนนี้เสื่อมสภาพหลุดร่อนออกเป็นหลุม เป็นร่อง ตามเดิม
🗣️รบกวนตรวจสอบแก้ไข
📸
📌ตรงแถวแฮปปี้แลนด์ อพาร์ทเม้นท์
🛣️ถนนแฮปปี้แบนด์ ขาออก
🙏👷👩‍🔧ขอขอบคุณ เจ้าหน้าที่ทุกท่าน✌️✌️💪👏👏👏
💥🎤🚘🚖🕳️รถตกหลุมบ่อยๆแรงกระแทกอาจทำให้👉ลูกปืนล้อแตก ช่วงล่างปีกนกโช๊คอัพเสียหาย ล้อแม็กดุ้ง แตก ยางบวมยางแตกยางฉีก ถ้าแรงกว่านั้นตัวถังอาจเสียหาย😰",355,6,6,27,10,2024,100.64453,13.78049,12.46195016349537,1,35.0,23.0,100.0,49.0,1014.0,1002.0,📢🔊🛣️🕳️แจ้งถนนชำรุด 😱 ตรงที่เคยมาปรับปรุงตอนนี้เสื่อมสภาพหลุดร่อนออกเป็นหลุม เป็นร่อง ตามเดิม 🗣️รบกวนตรวจสอบแก้ไข 📸 📌ตรงแถวแฮปปี้แลนด์ อพาร์ทเม้นท์ 🛣️ถนนแฮปปี้แบนด์ ขาออก 🙏👷👩‍🔧ขอขอบคุณ เจ้าหน้าที่ทุกท่าน✌️✌️💪👏👏👏 💥🎤🚘🚖🕳️รถตกหลุมบ่อยๆแรงกระแทกอาจทำให้👉ลูกปืนล้อแตก ช่วงล่างปีกนกโช๊คอัพเสียหาย ล้อแม็กดุ้ง แตก ยางบวมยางแตกยางฉีก ถ้าแรงกว่านั้นตัวถังอาจเสียหาย😰,3.5,"ระดับความเร่งด่วน = HIGH (ระบบกำหนด) → เสี่ยงต่อการ breach | หมวดปัญหา road เป็นหมวดเสี่ยงสูง (เช่น น้ำท่วม/ความปลอดภัย) | แจ้งช่วงเช้า (hour=6) ซึ่งเป็นช่วงงานล้นของหน่วยงาน → มีโอกาส delay เล็กน้อย | พบ pattern ตัวอักษรที่ model เรียนรู้ว่าเกี่ยวข้องกับ breach (เช่น ถนน, หาย) | คำอธิบายยาวมาก (length=355) → มักเป็นเคสซับซ้อน/ร้องเรียนหลายประเด็น → เสี่ยง breach สูง | ความชื้นสูงมาก (humidity_high=100.0) → สภาพอากาศอาจทำให้การปฏิบัติงานล่าช้า",high
2024-4ZXNYU,road,ธนบุรี,วัดกัลยาณ์,กรุงเทพมหานคร,high,"เรียนผู้ว่าและสำนักเทศกิจ
ในภาพเป็นภาพการกระทำผิด มีการนำโต๊เก้าอี้ จำนวนมาก มาวางบนทางเท้า เขตไม่เคยจัดการ และเทศกิจหายหัว 
จุดพบเห็นการกระทำผิด อยู่บนถนน พัฒนาการ ก่อนถึงโลตัสเล็ก  และร้าน เคเอฟซี ก่อนถึงสี่แยกหมู่บ้าน เมืองทอง  ฝั่งเลขคู่  พบเห็นการกระทำผิดช่วง 17 .00 ของวันที่ 2 กค 67  ก่อนหน้านี้ก็พบมานานแต่ไม่มีรูปประกอบ แจ้งเขตไปหลายครั้งแล้ว
# ผ่านถนนพัฒนาการตัดใหม่มา มีรถขายทุเรียน บนถนน จำนวน 5 คัน  รถขายแตงโม 3 คัน รถขายมะพร้าว 1 รถสามล้อขายที่ปัดน้ำฝน 1 คัน
และ พบเห็นร้าน แช่บวันรัชดา สาขา ถนนพัฒนาการตัดใหม่วางโต๊ะเก้าอี้ จำนวนมากมาถึงขอบถนน หน้าร้านเลย
# เขตไม่จัดการ เทศกิจ หายหัว เทศกิจดีแตก งานการไม่ทำ ไม่ดูแลพื่นที่ หน้าด้านหน้าทน งานการไม่ทำ แต่ยังหน้าด้าน อยู่รับเงินเดือน สุด 
ทำงานก็ไม่เคยตรงไปตรงมา  ใบเสร็จ ก็ปิกปิด เงินค่าปรับ ร้านเหล้า ที่ทำผิดซ้ำซากที่อยู่สี่แยกสวนมหาดไทย รามสอง
# ถนนพัฒนาการและพัฒนาการ ตัดใหม่ ถนนเฉลิมพระเกียรติ ตลอดสายมีการทำผิดนับไม่ถ้วน ที่เทศกิจดีแตก ไม่ยอมออกจัดการ แต่ยังหน้าด้านหน้าทน รับเงินเดือน
ผู้ค้า ก็หน้าด้าน แต่เทศกิจ ประเวศด้านสุด กินเงินเดือนสวัสดิการแต่ไม่ทำงาน  ด้านสุดๆ",1042,1,13,2,7,2024,100.49552,13.73869,12.46195016349537,1,36.0,24.0,100.0,47.0,1012.0,1001.0,เรียนผู้ว่าและสำนักเทศกิจ ในภาพเป็นภาพการกระทำผิด มีการนำโต๊เก้าอี้ จำนวนมาก มาวางบนทางเท้า เขตไม่เคยจัดการ และเทศกิจหายหัว จุดพบเห็นการกระทำผิด อยู่บนถนน พัฒนาการ ก่อนถึงโลตัสเล็ก และร้าน เคเอฟซี ก่อนถึงสี่แยกหมู่บ้าน เมืองทอง ฝั่งเลขคู่ พบเห็นการกระทำผิดช่วง 17 .00 ของวันที่ 2 กค 67 ก่อนหน้านี้ก็พบมานานแต่ไม่มีรูปประกอบ แจ้งเขตไปหลายครั้งแล้ว # ผ่านถนนพัฒนาการตัดใหม่มา มีรถขายทุเรียน บนถนน จำนวน 5 คัน รถขายแตงโม 3 คัน รถขายมะพร้าว 1 รถสามล้อขายที่ปัดน้ำฝน 1 คัน และ พบเห็นร้าน แช่บวันรัชดา สาขา ถนนพัฒนาการตัดใหม่วางโต๊ะเก้าอี้ จำนวนมากมาถึงขอบถนน หน้าร้านเลย # เขตไม่จัดการ เทศกิจ หายหัว เทศกิจดีแตก งานการไม่ทำ ไม่ดูแลพื่นที่ หน้าด้านหน้าทน งานการไม่ทำ แต่ยังหน้าด้าน อยู่รับเงินเดือน สุด ทำงานก็ไม่เคยตรงไปตรงมา ใบเสร็จ ก็ปิกปิด เงินค่าปรับ ร้านเหล้า ที่ทำผิดซ้ำซากที่อยู่สี่แยกสวนมหาดไทย รามสอง # ถนนพัฒนาการและพัฒนาการ ตัดใหม่ ถนนเฉลิมพระเกียรติ ตลอดสายมีการทำผิดนับไม่ถ้วน ที่เทศกิจดีแตก ไม่ยอมออกจัดการ แต่ยังหน้าด้านหน้าทน รับเงินเดือน ผู้ค้า ก็หน้าด้าน แต่เทศกิจ ประเวศด้านสุด กินเงินเดือนสวัสดิการแต่ไม่ทำงาน ด้านสุดๆ,3.3,"ระดับความเร่งด่วน = HIGH (ระบบกำหนด) → เสี่ยงต่อการ breach | หมวดปัญหา road เป็นหมวดเสี่ยงสูง (เช่น น้ำท่วม/ความปลอดภัย) | พบ pattern ตัวอักษรที่ model เรียนรู้ว่าเกี่ยวข้องกับ breach (เช่น ถนน,  ตั) | คำอธิบายยาวมาก (length=1042) → มักเป็นเคสซับซ้อน/ร้องเรียนหลายประเด็น → เสี่ยง breach สูง | ความชื้นสูงมาก (humidity_high=100.0) → สภาพอากาศอาจทำให้การปฏิบัติงานล่าช้า",high
