ticket_id,std_type,district,subdistrict,province_clean,comment_clean,comment_length,day_of_week,hour_of_day,day,month,year,lng,lat,urgency,SLA_days,temp_high,temp_low,humidity_high,humidity_low,pressure_high,pressure_low,rule_risk_score_raw,rule_risk_level,rule_risk_reason,breach_proba,breach_pred
2024-F4RYCY,cleaning,จตุจักร,จตุจักร,กรุงเทพมหานคร,ขณะขับรถผ่านพบเจอ 1.ขยะ จำนวนมากทิ้งเกลื่อนกลาดริมถนน ทั้ง 2 ฝั่ง 2.ถุงดำขนาดใหญ่ บรรจุขยะ กองอยู่เกาะกลางถนน เป็นระยะ คาดว่าขยะดังกล่าวจะมาจากรถทัวร์ หรือรถตู้ ที่มาจอดพักรถ ขอให้เจ้าหน้าที่ช่วยประสานกับผู้เกี่ยวข้องด้วยค่ะ ขอบคุณค่ะ,239,5,4,7,9,2024,100.54714,13.81489,mid,11.866649166648148,35.0,24.0,100.0,47.0,1013.0,999.0,2.5,low,"ระดับความเร่งด่วน = MID → มีโอกาส breach ปานกลาง | หมวดปัญหา cleaning เป็นหมวดเสี่ยงกลางๆ → เสี่ยงปานกลาง | แจ้งในช่วงกลางคืน/เช้ามืด (hour=4) → มีโอกาสจัดการได้ช้ากว่าช่วงกลางวัน | พบ pattern ตัวอักษรที่ model เรียนรู้ว่าเกี่ยวข้องกับ breach (เช่น ถนน, ระย) | คำอธิบายยาว (length=239) → มีโอกาสเป็นเคสซับซ้อน | ความชื้นสูงมาก (humidity_high=100.0) → สภาพอากาศอาจทำให้การปฏิบัติงานล่าช้า",0.48275934127869663,0
2024-7D2NWC,unknown,จตุจักร,จตุจักร,กรุงเทพมหานคร,เจ้าเดิมๆ ขายของ บนถนน เจ้าเดิมเลย กทม จะจัดการ ยังไงดี ขอความร่วมมือ ไปกี่รอบ ก็วนกลับมา ตำรวจ สน ที่เกี่ยวข้อง อย่าง บางซื่อ ต้องจีบ ปรับ นะ ควรแก้ไข อย่างยั่งยืน ไม่ใช่ ขอไปที รู้ไหมตอนเย็น รถมันติดแต่ไหน เพราะ เข้ามาส่งคนไม่ได้?,233,4,7,13,12,2024,100.55467,13.80388,low,90.06795582402778,34.0,19.0,94.0,35.0,1018.0,1006.0,1.1,low,ระดับความเร่งด่วน = LOW → ความเสี่ยงโดยพื้นฐานไม่สูงมาก | หมวดปัญหา unknown อยู่ในกลุ่มความเสี่ยงต่ำกว่า | แจ้งช่วงเช้า (hour=7) ซึ่งเป็นช่วงงานล้นของหน่วยงาน → มีโอกาส delay เล็กน้อย | พบ pattern ตัวอักษรที่ model เรียนรู้ว่าเกี่ยวข้องกับ breach (เช่น ถนน) | คำอธิบายยาว (length=233) → มีโอกาสเป็นเคสซับซ้อน,0.009962795656298496,0
2024-E4Z6EB,road,บางรัก,สีลม,กรุงเทพมหานคร,ด่วน จอดรถทั้งสองฝั่งถนนติดขัดมากแม้ว่าจะเป็นวันอาทิตย์ก็ตาม ตำรวจมาดูหน่อยครับ,79,6,4,1,9,2024,100.53512,13.72395,high,12.46195016349537,35.0,24.0,100.0,47.0,1013.0,999.0,3.5,high,ระดับความเร่งด่วน = HIGH (ระบบกำหนด) → เสี่ยงต่อการ breach | หมวดปัญหา road เป็นหมวดเสี่ยงสูง (เช่น น้ำท่วม/ความปลอดภัย) | แจ้งในช่วงกลางคืน/เช้ามืด (hour=4) + หมวด road → อาจกระทบความปลอดภัยมาก | พบ pattern ตัวอักษรที่ model เรียนรู้ว่าเกี่ยวข้องกับ breach (เช่น ถนน) | ความชื้นสูงมาก (humidity_high=100.0) → สภาพอากาศอาจทำให้การปฏิบัติงานล่าช้า,0.8806403191214132,1
2024-GAHN9E,lighting,ธนบุรี,วัดกัลยาณ์,กรุงเทพมหานคร,ไฟส่องสว่างตอนกลางคืนมืดมาก ตรงข้าม รร.ศึกษานารี ตรงวงเวียนนาฬิกาสนง.เขตคลองสาน,79,3,23,29,8,2024,100.49571,13.73448,high,73.68319893052893,36.0,24.0,100.0,44.0,1012.0,1002.0,2.8,medium,ระดับความเร่งด่วน = HIGH (ระบบกำหนด) → เสี่ยงต่อการ breach | หมวดปัญหา lighting เป็นหมวดเสี่ยงสูง (เช่น น้ำท่วม/ความปลอดภัย) | แจ้งในช่วงกลางคืน/เช้ามืด (hour=23) + หมวด lighting → อาจกระทบความปลอดภัยมาก | ความชื้นสูงมาก (humidity_high=100.0) → สภาพอากาศอาจทำให้การปฏิบัติงานล่าช้า,0.3967239021256273,0
2025-DQMZP7,road,ราชเทวี,มักกะสัน,กรุงเทพมหานคร,"วันพุธที่ 8 ม.ค.. ช่วงเที่ยง 12:35 ถนน นานาเหนือ พบรถ 3 คัน ฝ่าฝืนจอดช่องซ้ายในเขตพื้นที่ใช้บังคับ ล้อ ตลอดเวลา 1 จาก 4 ช่องจราจรใช้ไม่ได้ 25%, รถติดมาก เลี้ยวซ้ายไม่ผ่านตลอด ขอเจ้าหน้าที่ มา ช่วงเย็นๆ จับปรับ ตาม พรบ จราจรทางบก พ.ศ.2567 ค่ะ",247,2,7,8,1,2025,100.55437,13.74904,high,12.46195016349537,36.0,17.0,100.0,24.0,1021.0,1006.0,3.2,high,"ระดับความเร่งด่วน = HIGH (ระบบกำหนด) → เสี่ยงต่อการ breach | หมวดปัญหา road เป็นหมวดเสี่ยงสูง (เช่น น้ำท่วม/ความปลอดภัย) | แจ้งช่วงเช้า (hour=7) ซึ่งเป็นช่วงงานล้นของหน่วยงาน → มีโอกาส delay เล็กน้อย | พบ pattern ตัวอักษรที่ model เรียนรู้ว่าเกี่ยวข้องกับ breach (เช่น ถนน,  4 ) | คำอธิบายยาว (length=247) → มีโอกาสเป็นเคสซับซ้อน | ความชื้นสูงมาก (humidity_high=100.0) → สภาพอากาศอาจทำให้การปฏิบัติงานล่าช้า",0.002631681582177028,0
2024-37U7ZG,road,สายไหม,ออเงิน,กรุงเทพมหานคร,ถนนเป็นหลุม รถผมเสียหายต้องเปลี่ยนยางใหม่,41,1,10,13,8,2024,100.6912,13.89659,high,12.46195016349537,36.0,24.0,100.0,44.0,1012.0,1002.0,2.8,medium,"ระดับความเร่งด่วน = HIGH (ระบบกำหนด) → เสี่ยงต่อการ breach | หมวดปัญหา road เป็นหมวดเสี่ยงสูง (เช่น น้ำท่วม/ความปลอดภัย) | พบ pattern ตัวอักษรที่ model เรียนรู้ว่าเกี่ยวข้องกับ breach (เช่น ถนน, หาย) | ความชื้นสูงมาก (humidity_high=100.0) → สภาพอากาศอาจทำให้การปฏิบัติงานล่าช้า",0.47700077492465226,0
2024-H3YL2F,road,ลาดกระบัง,ลำปลาทิว,กรุงเทพมหานคร,แจ้งน้ำท่วมขังบริเวณถนนฉลองกรุง ฝั่งตรงข้ามเยื้องๆซอยฉลองกรุง2 เวลาที่ฝนตกทุกครั้งจะมีน้ำท่วมขังบริเวณ2 ช่องจราจรด้านขวา จึง ยากจะขอให้ทางเขตลาดกระบัง ช่วยดำเนินการแก้ไขปัญหาน้ำท่วมขังบริเวณดังกล่าวด้วยครับ ขอบคุณมากครับ ความสูงระดับข้อเท้า น้ำท่วมมาแล้วน้อยกว่า 3 ชั่วโมง,273,2,2,21,8,2024,100.78908,13.73732,high,12.46195016349537,36.0,24.0,100.0,44.0,1012.0,1002.0,3.7,high,"ระดับความเร่งด่วน = HIGH (ระบบกำหนด) → เสี่ยงต่อการ breach | หมวดปัญหา road เป็นหมวดเสี่ยงสูง (เช่น น้ำท่วม/ความปลอดภัย) | แจ้งในช่วงกลางคืน/เช้ามืด (hour=2) + หมวด road → อาจกระทบความปลอดภัยมาก | พบ pattern ตัวอักษรที่ model เรียนรู้ว่าเกี่ยวข้องกับ breach (เช่น ดับ, ถนน) | คำอธิบายยาว (length=273) → มีโอกาสเป็นเคสซับซ้อน | ความชื้นสูงมาก (humidity_high=100.0) → สภาพอากาศอาจทำให้การปฏิบัติงานล่าช้า",0.6175599376954356,1
2024-6Q3WQP,unknown,ปทุมวัน,รองเมือง,กรุงเทพมหานคร,ติดตาม เรื่องขอคัดถ่ายสำเนาหนังสือคัดค้านโครงการก่อสร้างที่พักอาศัยมารุจุฬา ซึ่งทางผู้ค้ดค้านได้ยี่นเรื่องไว้แล้ว,113,0,9,9,12,2024,100.52096,13.74047,low,90.06795582402778,34.0,19.0,94.0,35.0,1018.0,1006.0,0.2,low,ระดับความเร่งด่วน = LOW → ความเสี่ยงโดยพื้นฐานไม่สูงมาก | หมวดปัญหา unknown อยู่ในกลุ่มความเสี่ยงต่ำกว่า | แจ้งช่วงเช้า (hour=9) ซึ่งเป็นช่วงงานล้นของหน่วยงาน → มีโอกาส delay เล็กน้อย,0.005975752126551242,0
2024-NUH6VV,flood,จตุจักร,จันทรเกษม,กรุงเทพมหานคร,ท่อระบายน้ำอุดตันมีน้ำท่วมขังบนผิวทาง ถนนลื่น อันตรายมาก,56,2,0,4,12,2024,100.58118,13.80923,high,11.670945969684022,34.0,19.0,94.0,35.0,1018.0,1006.0,2.9000000000000004,medium,"ระดับความเร่งด่วน = HIGH (ระบบกำหนด) → เสี่ยงต่อการ breach | หมวดปัญหา flood เป็นหมวดเสี่ยงสูง (เช่น น้ำท่วม/ความปลอดภัย) | แจ้งในช่วงกลางคืน/เช้ามืด (hour=0) → มีโอกาสจัดการได้ช้ากว่าช่วงกลางวัน | พบ pattern ตัวอักษรที่ model เรียนรู้ว่าเกี่ยวข้องกับ breach (เช่น ถนน, ขัง)",0.4249813794492353,0
2024-7D9CFX,lighting,ลาดพร้าว,ลาดพร้าว,กรุงเทพมหานคร,เปลี่ยนหลอดไฟริมถนนด้วยครับ เสา จ 147 โชคชัย4 ซอย 43,52,0,14,16,9,2024,100.59633,13.81168,high,73.68319893052893,35.0,24.0,100.0,47.0,1013.0,999.0,2.8,medium,"ระดับความเร่งด่วน = HIGH (ระบบกำหนด) → เสี่ยงต่อการ breach | หมวดปัญหา lighting เป็นหมวดเสี่ยงสูง (เช่น น้ำท่วม/ความปลอดภัย) | พบ pattern ตัวอักษรที่ model เรียนรู้ว่าเกี่ยวข้องกับ breach (เช่น  เสา, ถนน) | ความชื้นสูงมาก (humidity_high=100.0) → สภาพอากาศอาจทำให้การปฏิบัติงานล่าช้า",0.47762534687113745,0
2024-NXP3L8,unknown,ดินแดง,ดินแดง,กรุงเทพมหานคร,18/11/67 เรื่องผิวจราจร แจ้งไปปีกว่าแล้วไม่คืบหน้าเลย ต้องให้มี อบ. ก่อนไหมครับ สนย.,84,0,15,18,11,2024,100.57345,13.77497,low,90.06795582402778,35.0,21.0,100.0,41.0,1016.0,1006.0,0.3,low,ระดับความเร่งด่วน = LOW → ความเสี่ยงโดยพื้นฐานไม่สูงมาก | หมวดปัญหา unknown อยู่ในกลุ่มความเสี่ยงต่ำกว่า | ความชื้นสูงมาก (humidity_high=100.0) → สภาพอากาศอาจทำให้การปฏิบัติงานล่าช้า,0.009581031483098247,0
R6M42R,road,บางแค,บางแคเหนือ,กรุงเทพมหานคร,ปัญหา: บริเวณสุดซอยดังกล่าว น้ำในคลองบางขี้เก้ง มีลักษณะเป็นสีดำและมีกลิ่นเน่าเหม็น พบเห็นมาประมาณ 1 สัปดาห์แล้ว ซอย: พุทธมณฑลสาย 2 ที่ 7 ถนน: พุทธมณฑลสาย 2 เขต: บางแค #1555,175,0,3,1,4,2024,100.39434,13.72269,high,12.46195016349537,41.0,28.0,89.0,19.0,1012.0,1002.0,3.4000000000000004,high,ระดับความเร่งด่วน = HIGH (ระบบกำหนด) → เสี่ยงต่อการ breach | หมวดปัญหา road เป็นหมวดเสี่ยงสูง (เช่น น้ำท่วม/ความปลอดภัย) | แจ้งในช่วงกลางคืน/เช้ามืด (hour=3) + หมวด road → อาจกระทบความปลอดภัยมาก | พบ pattern ตัวอักษรที่ model เรียนรู้ว่าเกี่ยวข้องกับ breach (เช่น ถนน) | คำอธิบายยาว (length=175) → มีโอกาสเป็นเคสซับซ้อน,0.5382154660030447,0
2024-P7U4Q2,road,หลักสี่,ทุ่งสองห้อง,กรุงเทพมหานคร,อยากทราบว่าถนนแจ้งวัฒนะอยู่ในความรับผิดชอบของหน่วยงานใด เนื่องจากถนนแจ้งวัฒนะเป็นถนนที่ผ่านศูนย์ราชการที่สำคัญแต่สภาพถนนทั้งเส้นเลวร้ายมาก แย่ยิ่งกว่าถนนร.พ.ช ต่างจังหวัดเสียอีก ช่วงล่างรถยนต์ของประชาชนเสียหายไปไม่รู้เท่าไร เป็นสภาพนี้มานานมากก็ไม่มีการแก้ไข,258,0,6,6,5,2024,100.56836,13.89026,high,12.46195016349537,40.0,24.0,100.0,29.0,1014.0,1001.0,3.2,high,"ระดับความเร่งด่วน = HIGH (ระบบกำหนด) → เสี่ยงต่อการ breach | หมวดปัญหา road เป็นหมวดเสี่ยงสูง (เช่น น้ำท่วม/ความปลอดภัย) | แจ้งช่วงเช้า (hour=6) ซึ่งเป็นช่วงงานล้นของหน่วยงาน → มีโอกาส delay เล็กน้อย | พบ pattern ตัวอักษรที่ model เรียนรู้ว่าเกี่ยวข้องกับ breach (เช่น ถนน, างร) | คำอธิบายยาว (length=258) → มีโอกาสเป็นเคสซับซ้อน | ความชื้นสูงมาก (humidity_high=100.0) → สภาพอากาศอาจทำให้การปฏิบัติงานล่าช้า",0.6651449327097377,1
2024-G3Y4KU,road,บางพลัด,บางพลัด,กรุงเทพมหานคร,วินมอไซด์เถือน จอดบนฟุตบาท หน้าคอนโด ideo charan 70,51,2,1,18,12,2024,100.50303,13.78979,high,12.46195016349537,34.0,19.0,94.0,35.0,1018.0,1006.0,3.2,high,ระดับความเร่งด่วน = HIGH (ระบบกำหนด) → เสี่ยงต่อการ breach | หมวดปัญหา road เป็นหมวดเสี่ยงสูง (เช่น น้ำท่วม/ความปลอดภัย) | แจ้งในช่วงกลางคืน/เช้ามืด (hour=1) + หมวด road → อาจกระทบความปลอดภัยมาก | พบ pattern ตัวอักษรที่ model เรียนรู้ว่าเกี่ยวข้องกับ breach (เช่น บาท),0.3248882740052447,0
2024-6UF7NM,road,หนองแขม,หนองแขม,กรุงเทพมหานคร,ถนนพังแจ้งเป็นชาติ.,19,3,8,29,8,2024,100.34252,13.68943,high,12.46195016349537,36.0,24.0,100.0,44.0,1012.0,1002.0,3.0,medium,"ระดับความเร่งด่วน = HIGH (ระบบกำหนด) → เสี่ยงต่อการ breach | หมวดปัญหา road เป็นหมวดเสี่ยงสูง (เช่น น้ำท่วม/ความปลอดภัย) | แจ้งช่วงเช้า (hour=8) ซึ่งเป็นช่วงงานล้นของหน่วยงาน → มีโอกาส delay เล็กน้อย | พบ pattern ตัวอักษรที่ model เรียนรู้ว่าเกี่ยวข้องกับ breach (เช่น ถนน, พัง) | ความชื้นสูงมาก (humidity_high=100.0) → สภาพอากาศอาจทำให้การปฏิบัติงานล่าช้า",0.34227869046770953,0
2025-3VLCCB,cleaning,ภาษีเจริญ,ปากคลองภาษีเจริญ,กรุงเทพมหานคร,ช่วยเก็บขยะชิ้นใหญ่,19,0,5,13,1,2025,100.46365,13.7195,mid,11.866649166648148,36.0,17.0,100.0,24.0,1021.0,1006.0,1.6,low,ระดับความเร่งด่วน = MID → มีโอกาส breach ปานกลาง | หมวดปัญหา cleaning เป็นหมวดเสี่ยงกลางๆ → เสี่ยงปานกลาง | แจ้งในช่วงกลางคืน/เช้ามืด (hour=5) → มีโอกาสจัดการได้ช้ากว่าช่วงกลางวัน | ความชื้นสูงมาก (humidity_high=100.0) → สภาพอากาศอาจทำให้การปฏิบัติงานล่าช้า,0.005915004950010192,0
2024-AB9TYZ,unknown,บางรัก,บางรัก,กรุงเทพมหานคร,รถเมล สาย 77. รอนานมาก ตั้งแต่ 20:00. จนตอนนี้. 20:45 ยังไม่มา,62,2,13,13,11,2024,100.51514,13.71975,low,90.06795582402778,35.0,21.0,100.0,41.0,1016.0,1006.0,1.0,low,ระดับความเร่งด่วน = LOW → ความเสี่ยงโดยพื้นฐานไม่สูงมาก | หมวดปัญหา unknown อยู่ในกลุ่มความเสี่ยงต่ำกว่า | พบ pattern ตัวอักษรที่ model เรียนรู้ว่าเกี่ยวข้องกับ breach (เช่น  ตั) | ความชื้นสูงมาก (humidity_high=100.0) → สภาพอากาศอาจทำให้การปฏิบัติงานล่าช้า,0.039723759357272515,0
2024-MCRUE6,road,ภาษีเจริญ,บางหว้า,กรุงเทพมหานคร,เมื่อใหร่พวกท่านจะแก้ปัญหาแท๊กซี่จอดแช่ได้ครับ. มีการจ่ายส่วยกันหรือไม่ ทุกๆวันเห็นจอดไม่มีใครมาจัดการ. ทำให้การจราจรติดขัดตรงนี้มากๆ ใครจะเป็นคนมีความสามารถแก้ครับ. ทั้ง สน. และเขต แก้ไม่ได้หรือในเมื่อแจ้งไปหลายครั้ง,218,1,15,25,6,2024,100.45759,13.72038,high,12.46195016349537,36.0,25.0,94.0,44.0,1012.0,1001.0,2.7,medium,ระดับความเร่งด่วน = HIGH (ระบบกำหนด) → เสี่ยงต่อการ breach | หมวดปัญหา road เป็นหมวดเสี่ยงสูง (เช่น น้ำท่วม/ความปลอดภัย) | พบ pattern ตัวอักษรที่ model เรียนรู้ว่าเกี่ยวข้องกับ breach (เช่น สาม) | คำอธิบายยาว (length=218) → มีโอกาสเป็นเคสซับซ้อน,0.5151153029114008,0
2024-MEPLAL,unknown,ปทุมวัน,ลุมพินี,กรุงเทพมหานคร,รถสามล้อกับแท๊กซี่ก็ยังอยู่เหมือนเดิม,37,4,12,30,8,2024,100.54058,13.74424,low,90.06795582402778,36.0,24.0,100.0,44.0,1012.0,1002.0,1.0,low,ระดับความเร่งด่วน = LOW → ความเสี่ยงโดยพื้นฐานไม่สูงมาก | หมวดปัญหา unknown อยู่ในกลุ่มความเสี่ยงต่ำกว่า | พบ pattern ตัวอักษรที่ model เรียนรู้ว่าเกี่ยวข้องกับ breach (เช่น สาม) | ความชื้นสูงมาก (humidity_high=100.0) → สภาพอากาศอาจทำให้การปฏิบัติงานล่าช้า,0.1393599524520233,0
2024-L6CF9Y,unknown,วัฒนา,คลองเตยเหนือ,กรุงเทพมหานคร,ตู้เหล็กโดนขีดเขียนพ่นสีเลอะเทอะอยากให้เจ้าหน้าที่มาทาสีเหมือนสีเดิมปรับปรุง,76,0,7,26,8,2024,100.56183,13.73892,low,90.06795582402778,36.0,24.0,100.0,44.0,1012.0,1002.0,0.5,low,ระดับความเร่งด่วน = LOW → ความเสี่ยงโดยพื้นฐานไม่สูงมาก | หมวดปัญหา unknown อยู่ในกลุ่มความเสี่ยงต่ำกว่า | แจ้งช่วงเช้า (hour=7) ซึ่งเป็นช่วงงานล้นของหน่วยงาน → มีโอกาส delay เล็กน้อย | ความชื้นสูงมาก (humidity_high=100.0) → สภาพอากาศอาจทำให้การปฏิบัติงานล่าช้า,0.08239712612799972,0
2024-34EFVM,road,พระนคร,วังบูรพาภิรมย์,กรุงเทพมหานคร,ขอเพิ่มจุดรับส่ง ป้ายรถเมล์ ถนนเจริญกรุง ตรงข้ามรถไฟฟ้าสถานีสามยอด,66,0,5,16,12,2024,100.50166,13.74696,high,12.46195016349537,34.0,19.0,94.0,35.0,1018.0,1006.0,3.2,high,"ระดับความเร่งด่วน = HIGH (ระบบกำหนด) → เสี่ยงต่อการ breach | หมวดปัญหา road เป็นหมวดเสี่ยงสูง (เช่น น้ำท่วม/ความปลอดภัย) | แจ้งในช่วงกลางคืน/เช้ามืด (hour=5) + หมวด road → อาจกระทบความปลอดภัยมาก | พบ pattern ตัวอักษรที่ model เรียนรู้ว่าเกี่ยวข้องกับ breach (เช่น ถนน, สาม)",0.3391060650908547,0
2024-FKGKZB,road,วัฒนา,คลองเตยเหนือ,กรุงเทพมหานคร,แม่ค้าตั้งโต๊ะเก้าอี้กีดขวางบนทางเท้า,37,5,20,28,12,2024,100.56214,13.73599,high,12.46195016349537,34.0,19.0,94.0,35.0,1018.0,1006.0,1.8,low,ระดับความเร่งด่วน = HIGH (ระบบกำหนด) → เสี่ยงต่อการ breach | หมวดปัญหา road เป็นหมวดเสี่ยงสูง (เช่น น้ำท่วม/ความปลอดภัย),0.3118317617811139,0
2024-CCYTV7,lighting,บางขุนเทียน,แสมดำ,กรุงเทพมหานคร,5/6/67 ไฟสาธารณะเสีย พระราม2 ซอย50 แยก3-10 เสาไฟต้น ท1,54,2,3,5,6,2024,100.43928,13.66698,high,73.68319893052893,36.0,25.0,94.0,44.0,1012.0,1001.0,3.2,high,"ระดับความเร่งด่วน = HIGH (ระบบกำหนด) → เสี่ยงต่อการ breach | หมวดปัญหา lighting เป็นหมวดเสี่ยงสูง (เช่น น้ำท่วม/ความปลอดภัย) | แจ้งในช่วงกลางคืน/เช้ามืด (hour=3) + หมวด lighting → อาจกระทบความปลอดภัยมาก | พบ pattern ตัวอักษรที่ model เรียนรู้ว่าเกี่ยวข้องกับ breach (เช่น  เสา, แยก)",0.40359117633468455,0
48FPK7,road,ธนบุรี,ตลาดพลู,กรุงเทพมหานคร,เบสท์ ปากซอยรัชดา-ท่าพระ15(ริมถนน) ถนนรัชดา-ท่าพระ เขตธนบุรี พบฝาท่อระบายน้ำชำรุดบนผิวจราจร ขอให้ดำเนินการแก้ไข #1555 #citydata,129,1,13,5,11,2024,100.47516,13.71262,high,12.46195016349537,35.0,21.0,100.0,41.0,1016.0,1006.0,2.8,medium,ระดับความเร่งด่วน = HIGH (ระบบกำหนด) → เสี่ยงต่อการ breach | หมวดปัญหา road เป็นหมวดเสี่ยงสูง (เช่น น้ำท่วม/ความปลอดภัย) | พบ pattern ตัวอักษรที่ model เรียนรู้ว่าเกี่ยวข้องกับ breach (เช่น ถนน) | ความชื้นสูงมาก (humidity_high=100.0) → สภาพอากาศอาจทำให้การปฏิบัติงานล่าช้า,0.31520602371212725,0
2024-KF47K3,canal,ห้วยขวาง,บางกะปิ,กรุงเทพมหานคร,จอแสดงข้อมูลเรือคลองแสนแสบหาย,29,1,5,2,4,2024,100.57353,13.74599,mid,32.95179462729631,41.0,28.0,89.0,19.0,1012.0,1002.0,2.0,low,ระดับความเร่งด่วน = MID → มีโอกาส breach ปานกลาง | หมวดปัญหา canal เป็นหมวดเสี่ยงกลางๆ → เสี่ยงปานกลาง | แจ้งในช่วงกลางคืน/เช้ามืด (hour=5) → มีโอกาสจัดการได้ช้ากว่าช่วงกลางวัน | พบ pattern ตัวอักษรที่ model เรียนรู้ว่าเกี่ยวข้องกับ breach (เช่น หาย),0.4505733078381992,0
2024-C7TW44,road,จตุจักร,จตุจักร,กรุงเทพมหานคร,ขอให้ติดตั้งป้ายเตือนหัวเกาะ (ป้ายก้างปลา เหลืองดำ) บน ถ.วิภาวดี ฝั่งขาเข้า ตรงหัวเกาะสามเหลี่ยม หัวมุมสวนสมเด็จย่า ช่องทางจะเลี้ยวซ้ายไป ลาดพร้าว – บางเขน . ฝากส่งต่อให้ กรมทางหลวง ด้วย,186,4,3,15,11,2024,100.55974,13.81392,high,12.46195016349537,35.0,21.0,100.0,41.0,1016.0,1006.0,3.7,high,ระดับความเร่งด่วน = HIGH (ระบบกำหนด) → เสี่ยงต่อการ breach | หมวดปัญหา road เป็นหมวดเสี่ยงสูง (เช่น น้ำท่วม/ความปลอดภัย) | แจ้งในช่วงกลางคืน/เช้ามืด (hour=3) + หมวด road → อาจกระทบความปลอดภัยมาก | พบ pattern ตัวอักษรที่ model เรียนรู้ว่าเกี่ยวข้องกับ breach (เช่น สาม) | คำอธิบายยาว (length=186) → มีโอกาสเป็นเคสซับซ้อน | ความชื้นสูงมาก (humidity_high=100.0) → สภาพอากาศอาจทำให้การปฏิบัติงานล่าช้า,0.5857498791621667,1
2024-F8GKXF,safety,พญาไท,สามเสนใน,กรุงเทพมหานคร,จุดเว้นเพื่อกลับรถสายไฟห้อยโตงเตงรถกลับไม่ได้ช่วยมาจัดระเบียบสายไฟให้รถสามารถเข้าไปยังพื้นที่เพื่อส่งของรวมถึงกลับรถได้และป้องกันอันตรายสายไฟที่เอื้อมถึงและอุบัติเหตุที่เกิดขึ้นที่จะเกิดขึ้น,190,5,9,14,12,2024,100.55981,13.78767,high,14.08306067712731,34.0,19.0,94.0,35.0,1018.0,1006.0,2.9000000000000004,medium,"ระดับความเร่งด่วน = HIGH (ระบบกำหนด) → เสี่ยงต่อการ breach | หมวดปัญหา safety เป็นหมวดเสี่ยงสูง (เช่น น้ำท่วม/ความปลอดภัย) | แจ้งช่วงเช้า (hour=9) ซึ่งเป็นช่วงงานล้นของหน่วยงาน → มีโอกาส delay เล็กน้อย | พบ pattern ตัวอักษรที่ model เรียนรู้ว่าเกี่ยวข้องกับ breach (เช่น สาม, มถึ) | คำอธิบายยาว (length=190) → มีโอกาสเป็นเคสซับซ้อน",0.40462396651391186,0
2024-FLDNG9,road,บางกอกน้อย,อรุณอมรินทร์,กรุงเทพมหานคร,ถนนเเตกขรุขระไม่เรียบ,21,6,9,9,6,2024,100.47711,13.77821,high,12.46195016349537,36.0,25.0,94.0,44.0,1012.0,1001.0,2.7,medium,ระดับความเร่งด่วน = HIGH (ระบบกำหนด) → เสี่ยงต่อการ breach | หมวดปัญหา road เป็นหมวดเสี่ยงสูง (เช่น น้ำท่วม/ความปลอดภัย) | แจ้งช่วงเช้า (hour=9) ซึ่งเป็นช่วงงานล้นของหน่วยงาน → มีโอกาส delay เล็กน้อย | พบ pattern ตัวอักษรที่ model เรียนรู้ว่าเกี่ยวข้องกับ breach (เช่น ถนน),0.4210089100811902,0
2024-ABBZ2U,road,ภาษีเจริญ,บางหว้า,กรุงเทพมหานคร,ขายของบนทางเท้า และมีอีกหชานจุดบริเวณนั้น ถ่านมาไม่ทันครับ,58,2,4,5,6,2024,100.4499,13.71705,high,12.46195016349537,36.0,25.0,94.0,44.0,1012.0,1001.0,2.5,low,ระดับความเร่งด่วน = HIGH (ระบบกำหนด) → เสี่ยงต่อการ breach | หมวดปัญหา road เป็นหมวดเสี่ยงสูง (เช่น น้ำท่วม/ความปลอดภัย) | แจ้งในช่วงกลางคืน/เช้ามืด (hour=4) + หมวด road → อาจกระทบความปลอดภัยมาก,0.45043623661261106,0
2024-DDXRZR,road,ดอนเมือง,ดอนเมือง,กรุงเทพมหานคร,ถนนในซอยนี้แคบอยู่แล้วยากต่อการสัญจร แต่มรการทำบันไดบนถนน และวางกระถางต้นไม้บนถนน ส่วนอีกฝั่งรถจอด ยื่งทำให้การสัญจรยากมากๆ,123,2,0,3,1,2024,100.5993,13.92125,high,12.46195016349537,35.0,23.0,94.0,28.0,1020.0,1008.0,3.2,high,"ระดับความเร่งด่วน = HIGH (ระบบกำหนด) → เสี่ยงต่อการ breach | หมวดปัญหา road เป็นหมวดเสี่ยงสูง (เช่น น้ำท่วม/ความปลอดภัย) | แจ้งในช่วงกลางคืน/เช้ามืด (hour=0) + หมวด road → อาจกระทบความปลอดภัยมาก | พบ pattern ตัวอักษรที่ model เรียนรู้ว่าเกี่ยวข้องกับ breach (เช่น ถนน, กระ)",0.583352320273818,1
FXBT9F,road,สายไหม,คลองถนน,กรุงเทพมหานคร,บ้านเลขที่50/77 หมู่บ้านเอื้ออาทร ซอยพหลโยธิน 52 ถนนพหลโยธิน เขตสายไหม บริเวณหน้าบ้านดังกล่าว พบดวงไฟฟ้าส่องสว่างทางดับชำรุด หลายวันแล้ว ทำให้มืดมาก ขอให้แก้ไข #1555 #citydata,176,1,14,15,10,2024,100.61072,13.89652,high,12.46195016349537,35.0,23.0,100.0,49.0,1014.0,1002.0,3.0,medium,"ระดับความเร่งด่วน = HIGH (ระบบกำหนด) → เสี่ยงต่อการ breach | หมวดปัญหา road เป็นหมวดเสี่ยงสูง (เช่น น้ำท่วม/ความปลอดภัย) | พบ pattern ตัวอักษรที่ model เรียนรู้ว่าเกี่ยวข้องกับ breach (เช่น ดับ, ถนน) | คำอธิบายยาว (length=176) → มีโอกาสเป็นเคสซับซ้อน | ความชื้นสูงมาก (humidity_high=100.0) → สภาพอากาศอาจทำให้การปฏิบัติงานล่าช้า",0.4500043118165005,0
2024-H7WCER,lighting,ประเวศ,ประเวศ,กรุงเทพมหานคร,ไฟเกาะกลางถนนไม่ติด ถนนมืดมาก สะพานข้ามถนนอ่อนนุช พัฒนากรตัดใหม่,64,1,13,17,12,2024,100.66212,13.71307,high,73.68319893052893,34.0,19.0,94.0,35.0,1018.0,1006.0,2.5,low,ระดับความเร่งด่วน = HIGH (ระบบกำหนด) → เสี่ยงต่อการ breach | หมวดปัญหา lighting เป็นหมวดเสี่ยงสูง (เช่น น้ำท่วม/ความปลอดภัย) | พบ pattern ตัวอักษรที่ model เรียนรู้ว่าเกี่ยวข้องกับ breach (เช่น ถนน),0.02926803854206228,0
2024-7H3LKC,unknown,บางกอกใหญ่,วัดท่าพระ,กรุงเทพมหานคร,มาจากคลิปนี้,12,2,2,13,3,2024,100.47794,13.72271,low,90.06795582402778,39.0,25.0,94.0,20.0,1016.0,1005.0,0.4,low,ระดับความเร่งด่วน = LOW → ความเสี่ยงโดยพื้นฐานไม่สูงมาก | หมวดปัญหา unknown อยู่ในกลุ่มความเสี่ยงต่ำกว่า | แจ้งในช่วงกลางคืน/เช้ามืด (hour=2) → มีโอกาสจัดการได้ช้ากว่าช่วงกลางวัน,0.3060670432971225,0
2024-3KGTBV,road,ราชเทวี,มักกะสัน,กรุงเทพมหานคร,บริเวณริมถนนเพชรบุรี ข้างอาคารวานิช มีรถยนต์และจักรยานยนต์ จอดเลนซ้าย ลักษณะผิดกฎหมายหลายสิบคัน ทำให้ช่วงนั้นกลายเป็นคอขวดรถที่มาทางตรง ต้องเบี่ยงหลบ รถติด อาจเกิดอุบัติเหตุ,173,0,1,25,3,2024,100.54783,13.7496,high,12.46195016349537,39.0,25.0,94.0,20.0,1016.0,1005.0,3.4000000000000004,high,"ระดับความเร่งด่วน = HIGH (ระบบกำหนด) → เสี่ยงต่อการ breach | หมวดปัญหา road เป็นหมวดเสี่ยงสูง (เช่น น้ำท่วม/ความปลอดภัย) | แจ้งในช่วงกลางคืน/เช้ามืด (hour=1) + หมวด road → อาจกระทบความปลอดภัยมาก | พบ pattern ตัวอักษรที่ model เรียนรู้ว่าเกี่ยวข้องกับ breach (เช่น เพช, ถนน) | คำอธิบายยาว (length=173) → มีโอกาสเป็นเคสซับซ้อน",0.7457467007346392,1
2024-L4UUKT,road,สวนหลวง,สวนหลวง,กรุงเทพมหานคร,มีหลุมบนพื้นถนน,15,5,5,3,8,2024,100.64166,13.72827,high,12.46195016349537,36.0,24.0,100.0,44.0,1012.0,1002.0,3.5,high,ระดับความเร่งด่วน = HIGH (ระบบกำหนด) → เสี่ยงต่อการ breach | หมวดปัญหา road เป็นหมวดเสี่ยงสูง (เช่น น้ำท่วม/ความปลอดภัย) | แจ้งในช่วงกลางคืน/เช้ามืด (hour=5) + หมวด road → อาจกระทบความปลอดภัยมาก | พบ pattern ตัวอักษรที่ model เรียนรู้ว่าเกี่ยวข้องกับ breach (เช่น ถนน) | ความชื้นสูงมาก (humidity_high=100.0) → สภาพอากาศอาจทำให้การปฏิบัติงานล่าช้า,0.5948465395623895,1
2024-PAYQEY,animal,บางบอน,บางบอนใต้,กรุงเทพมหานคร,โดนสุนัขแม่ลูกอ่อนกัด โดยถามคนแถวนั้นแล้วว่าสุนัขของใคร คนแถวนั้นแจ้งว่า สุนัขมาจากที่อื่นมีนิสัยดุร้าย จึงรบกวนทางสำนักงานเขตมาช่วยจับด้วย,139,1,13,24,12,2024,100.38059,13.64149,low,72.86693309369213,34.0,19.0,94.0,35.0,1018.0,1006.0,0.0,low,ระดับความเร่งด่วน = LOW → ความเสี่ยงโดยพื้นฐานไม่สูงมาก | หมวดปัญหา animal อยู่ในกลุ่มความเสี่ยงต่ำกว่า,0.012678697752230472,0
2024-68N9EL,road,ลาดพร้าว,ลาดพร้าว,กรุงเทพมหานคร,จุดกลับรถใต้สะพานลอยไม่ดีเวลากลับเป็นมุมอับ มองไม่เห็นรถที่วิ่งมาด้านซ้ายเพราะไหล่ทางด้านขวา ปาด องศาไม่เพียงพอ เกิดอุบัติเหตุบ่อยครั้ง รวมถึงการหักหลบชนเกาะด้วย ดูรูปนะครับ ว่าทำไมเกาะถนนมันถึงได้พัง,200,3,15,29,8,2024,100.62817,13.8252,high,12.46195016349537,36.0,24.0,100.0,44.0,1012.0,1002.0,3.0,medium,"ระดับความเร่งด่วน = HIGH (ระบบกำหนด) → เสี่ยงต่อการ breach | หมวดปัญหา road เป็นหมวดเสี่ยงสูง (เช่น น้ำท่วม/ความปลอดภัย) | พบ pattern ตัวอักษรที่ model เรียนรู้ว่าเกี่ยวข้องกับ breach (เช่น ถนน, ใต้) | คำอธิบายยาว (length=200) → มีโอกาสเป็นเคสซับซ้อน | ความชื้นสูงมาก (humidity_high=100.0) → สภาพอากาศอาจทำให้การปฏิบัติงานล่าช้า",0.5971770473804401,1
2025-EXDKXL,lighting,คลองเตย,พระโขนง,กรุงเทพมหานคร,ไฟถนนดับ,8,1,15,7,1,2025,100.5773,13.71482,high,73.68319893052893,36.0,17.0,100.0,24.0,1021.0,1006.0,2.8,medium,"ระดับความเร่งด่วน = HIGH (ระบบกำหนด) → เสี่ยงต่อการ breach | หมวดปัญหา lighting เป็นหมวดเสี่ยงสูง (เช่น น้ำท่วม/ความปลอดภัย) | พบ pattern ตัวอักษรที่ model เรียนรู้ว่าเกี่ยวข้องกับ breach (เช่น ดับ, ถนน) | ความชื้นสูงมาก (humidity_high=100.0) → สภาพอากาศอาจทำให้การปฏิบัติงานล่าช้า",0.0035344620504371748,0
2025-7B8GD8,lighting,ห้วยขวาง,บางกะปิ,กรุงเทพมหานคร,ทางริมคลองมืดมาก,16,4,11,10,1,2025,100.60032,13.7475,high,73.68319893052893,36.0,17.0,100.0,24.0,1021.0,1006.0,2.8,medium,ระดับความเร่งด่วน = HIGH (ระบบกำหนด) → เสี่ยงต่อการ breach | หมวดปัญหา lighting เป็นหมวดเสี่ยงสูง (เช่น น้ำท่วม/ความปลอดภัย) | พบ pattern ตัวอักษรที่ model เรียนรู้ว่าเกี่ยวข้องกับ breach (เช่น างร) | ความชื้นสูงมาก (humidity_high=100.0) → สภาพอากาศอาจทำให้การปฏิบัติงานล่าช้า,0.0028719764429255526,0
2024-BT8MC2,road,ปทุมวัน,ลุมพินี,กรุงเทพมหานคร,ทางเดินเท้าตรงป้ายรถเมล์บ่อนไก่ ทางเท้าเละเทะ เกือบสะดุดล้มหลายคนแล้ว แจ้งไปละก็เงียบ,85,0,1,18,11,2024,100.54934,13.72435,high,12.46195016349537,35.0,21.0,100.0,41.0,1016.0,1006.0,3.5,high,ระดับความเร่งด่วน = HIGH (ระบบกำหนด) → เสี่ยงต่อการ breach | หมวดปัญหา road เป็นหมวดเสี่ยงสูง (เช่น น้ำท่วม/ความปลอดภัย) | แจ้งในช่วงกลางคืน/เช้ามืด (hour=1) + หมวด road → อาจกระทบความปลอดภัยมาก | พบ pattern ตัวอักษรที่ model เรียนรู้ว่าเกี่ยวข้องกับ breach (เช่น  ทา) | ความชื้นสูงมาก (humidity_high=100.0) → สภาพอากาศอาจทำให้การปฏิบัติงานล่าช้า,0.6218075713494439,1
2024-E2D9Z9,unknown,บางบอน,บางบอนเหนือ,กรุงเทพมหานคร,รถสิบล้อของร้านค้าของเก่าจอดปิดเลนส์ 1เลนก่อนถึงทางเข้าเขตบางบอนเป็นประจำ,73,3,0,25,7,2024,100.36909,13.636,low,90.06795582402778,36.0,24.0,100.0,47.0,1012.0,1001.0,0.7,low,ระดับความเร่งด่วน = LOW → ความเสี่ยงโดยพื้นฐานไม่สูงมาก | หมวดปัญหา unknown อยู่ในกลุ่มความเสี่ยงต่ำกว่า | แจ้งในช่วงกลางคืน/เช้ามืด (hour=0) → มีโอกาสจัดการได้ช้ากว่าช่วงกลางวัน | ความชื้นสูงมาก (humidity_high=100.0) → สภาพอากาศอาจทำให้การปฏิบัติงานล่าช้า,0.1633304254088061,0
2024-7MWCYN,road,ดอนเมือง,ดอนเมือง,กรุงเทพมหานคร,ไม่เคารพกฏจราจร 7:40 น./11/7/2567 พื้นที่ถ.สรงประภา เขตดอนเมือง กทม.,68,3,0,11,7,2024,100.5935,13.9252,high,12.46195016349537,36.0,24.0,100.0,47.0,1012.0,1001.0,3.5,high,ระดับความเร่งด่วน = HIGH (ระบบกำหนด) → เสี่ยงต่อการ breach | หมวดปัญหา road เป็นหมวดเสี่ยงสูง (เช่น น้ำท่วม/ความปลอดภัย) | แจ้งในช่วงกลางคืน/เช้ามืด (hour=0) + หมวด road → อาจกระทบความปลอดภัยมาก | พบ pattern ตัวอักษรที่ model เรียนรู้ว่าเกี่ยวข้องกับ breach (เช่น ือง ) | ความชื้นสูงมาก (humidity_high=100.0) → สภาพอากาศอาจทำให้การปฏิบัติงานล่าช้า,0.5304042130075034,0
2024-MBYYTG,noise,บางนา,บางนาเหนือ,กรุงเทพมหานคร,ร้านอาหารรัชดาคาเฟ่ เปิดเพลงเสียงดังหลังเที่ยงคืนยาวถึงตีสี่ (ช่วงเวลาก่อนเที่ยงคืนไม่ดัง) โดยเฉพาะคืนวันศุกร์และเสาร์จะดังมาก,126,6,2,4,8,2024,100.6372,13.6736,mid,28.791555815460676,36.0,24.0,100.0,44.0,1012.0,1002.0,1.6,low,ระดับความเร่งด่วน = MID → มีโอกาส breach ปานกลาง | หมวดปัญหา noise เป็นหมวดเสี่ยงกลางๆ → เสี่ยงปานกลาง | แจ้งในช่วงกลางคืน/เช้ามืด (hour=2) → มีโอกาสจัดการได้ช้ากว่าช่วงกลางวัน | ความชื้นสูงมาก (humidity_high=100.0) → สภาพอากาศอาจทำให้การปฏิบัติงานล่าช้า,0.5720863094873919,1
2024-L9QW2K,cleaning,บางกะปิ,คลองจั่น,กรุงเทพมหานคร,📣🔉🔊👀พบป้ายโฆษณาที่รุกล้ำที่สาธารณะ 📸 📌ร้านโจ๊ก 🛣️ ลาดพร้าว 101 ขาเข้า 🙏👷👩‍🔧 ขอขอบคุณเจ้าหน้าที่ทุกท่าน ในการจัดการปัญหานี้ ✌️✌️💪👏👏👏 💥การติดตั้งป้ายโฆษณาในที่สาธารณะ #ผิดกฎหมาย หากใดผู้ลักลอบติดป้ายโฆษณาในทางสาธารณะโดยไม่ได้รับอนุญาตจะมีความผิดตามมาตรา 10 ของพระราชบัญญัติรักษาความสะอาดและความเป็นระเบียบเรียบร้อยของบ้านเมือง พ.ศ.2535 และที่แก้ไขเพิ่มเติม ฉบับที่ 2 พ.ศ.2560 1. ห้ามติดตั้งป้ายโฆษณาหรือสิ่งอื่นใดรุกล้ำที่หรือทางสาธารณะ 2. ห้ามโฆษณาด้วยการปิด ทิ้ง หรือโปรยแผ่นประกาศหรือใบปลิวในที่สาธารณะ ก่อนได้รับอนุญาต #ปรับไม่เกิน 5000 บาท 3. ห้ามมิให้ผู้ใดติดตั้ง ตาก วาง หรือแขวนสิ่งใดๆ ในที่สาธารณะก่อนได้รับอนุญาต #ปรับไม่เกิน5000บาท 💢ฝ่าฝืนมีการดำเนินคดีตามพ.ร.บ.รักษาความสะอาดและความเป็นระเบียบเรียบร้อยของบ้านเมือง 2535 และฉบับแก้ไขเพิ่มเติม 2560 พ.ร.บ.ควบคุมอาคารหรือกฎหมายอื่นๆ ที่เกี่ยวข้อง แล้วแต่กรณีในอัตราโทษสูงสุด 💥ปรับเป็นพินัย ค่าปรับเป็นพินัย คือ เงินค่าปรับที่ต้องชำระให้แก่รัฐ ซึ่งเป็นมาตรการทางกฎหมายที่จะนำมาใช้ แทนโทษทางอาญาสำหรับผู้กระทำความผิดไม่ร้ายแรงและโดยสภาพไม่กระทบต่อความสงบเรียบร้อยหรือ ศีลธรรมอันดีของประชาชนอย่างร้ายแรงหรือไม่กระทบต่อส่วนรวมอย่างกว้างขวาง,1098,3,10,19,9,2024,100.62803,13.79259,mid,11.866649166648148,35.0,24.0,100.0,47.0,1013.0,999.0,2.4,low,"ระดับความเร่งด่วน = MID → มีโอกาส breach ปานกลาง | หมวดปัญหา cleaning เป็นหมวดเสี่ยงกลางๆ → เสี่ยงปานกลาง | พบ pattern ตัวอักษรที่ model เรียนรู้ว่าเกี่ยวข้องกับ breach (เช่น างร, มมา) | คำอธิบายยาวมาก (length=1098) → มักเป็นเคสซับซ้อน/ร้องเรียนหลายประเด็น → เสี่ยง breach สูง | ความชื้นสูงมาก (humidity_high=100.0) → สภาพอากาศอาจทำให้การปฏิบัติงานล่าช้า",0.5971750815696947,1
PJ8ZXG,road,ปทุมวัน,ลุมพินี,กรุงเทพมหานคร,ปัญหา: บริเวณหน้าการไฟฟ้านครหลวงเพลินจิตตรงข้ามโรงเรียนมาแตร์ พบเห็นฝาท่อร้อยสายโทรศัพท์ลักษณะฝาท่อเหล็กกลมไม่เรียบเสมอพื้นผิวถนน ประชาชนอยากให้ช่วยเร่งดำเนินการปรับปรุงแก้ไขให้ด้วย ถนน: เพลินจิต จุดสังเกต: ขาออกก่อนถึงแยกชิดลม เขต: ปทุมวัน #1555,250,1,10,3,12,2024,100.54346,13.7441,high,12.46195016349537,34.0,19.0,94.0,35.0,1018.0,1006.0,2.7,medium,"ระดับความเร่งด่วน = HIGH (ระบบกำหนด) → เสี่ยงต่อการ breach | หมวดปัญหา road เป็นหมวดเสี่ยงสูง (เช่น น้ำท่วม/ความปลอดภัย) | พบ pattern ตัวอักษรที่ model เรียนรู้ว่าเกี่ยวข้องกับ breach (เช่น ถนน, วัน ) | คำอธิบายยาว (length=250) → มีโอกาสเป็นเคสซับซ้อน",0.5324720816477334,0
2024-HEC3F7,unknown,บางนา,บางนาใต้,กรุงเทพมหานคร,รถบัสรับจ้าง ทะเบียน 32-6692 ปล่อยควันดำมากเมื่อเร่งเครื่อง,59,1,23,9,7,2024,100.60222,13.66241,low,90.06795582402778,36.0,24.0,100.0,47.0,1012.0,1001.0,0.7,low,ระดับความเร่งด่วน = LOW → ความเสี่ยงโดยพื้นฐานไม่สูงมาก | หมวดปัญหา unknown อยู่ในกลุ่มความเสี่ยงต่ำกว่า | แจ้งในช่วงกลางคืน/เช้ามืด (hour=23) → มีโอกาสจัดการได้ช้ากว่าช่วงกลางวัน | ความชื้นสูงมาก (humidity_high=100.0) → สภาพอากาศอาจทำให้การปฏิบัติงานล่าช้า,0.24648381872621872,0
JF8VC9,road,ดอนเมือง,ดอนเมือง,กรุงเทพมหานคร,ปัญหา: บริเวณปากซอยดังกล่าว พบป้ายบอกชื่อซอยมีลักษณะมองไม่เห็นเด่นชัด เนื่องจากมีเสาไฟฟ้าบดบังป้าย ขอให้เจ้าหน้าที่แก้ไขเคลื่อนย้ายป้ายออกมา ไม่ให้เสาบดบัง ซอย: ประชาอุทิศ 4 ถนน: ประชาอุทิศ เขต: ดอนเมือง #1555,210,0,7,1,7,2024,100.58512,13.92352,high,12.46195016349537,36.0,24.0,100.0,47.0,1012.0,1001.0,3.2,high,"ระดับความเร่งด่วน = HIGH (ระบบกำหนด) → เสี่ยงต่อการ breach | หมวดปัญหา road เป็นหมวดเสี่ยงสูง (เช่น น้ำท่วม/ความปลอดภัย) | แจ้งช่วงเช้า (hour=7) ซึ่งเป็นช่วงงานล้นของหน่วยงาน → มีโอกาส delay เล็กน้อย | พบ pattern ตัวอักษรที่ model เรียนรู้ว่าเกี่ยวข้องกับ breach (เช่น ถนน,  4 ) | คำอธิบายยาว (length=210) → มีโอกาสเป็นเคสซับซ้อน | ความชื้นสูงมาก (humidity_high=100.0) → สภาพอากาศอาจทำให้การปฏิบัติงานล่าช้า",0.6659248973656217,1
2024-GCEWK7,road,วัฒนา,คลองตันเหนือ,กรุงเทพมหานคร,มาจอดรถกระบะเหยียบฝาบ่อแตกครับต้องให้รับผิดชอบซ่อมฝาบ่อด้วยครับและควรออกใบสั่งด้วยของทางเทศสะกิดเพราะเป็นพื้นที่ของกทม. ก็คือฟุตบาทไม่ใช่ถนน,140,5,7,23,11,2024,100.59814,13.73626,high,12.46195016349537,35.0,21.0,100.0,41.0,1016.0,1006.0,3.0,medium,"ระดับความเร่งด่วน = HIGH (ระบบกำหนด) → เสี่ยงต่อการ breach | หมวดปัญหา road เป็นหมวดเสี่ยงสูง (เช่น น้ำท่วม/ความปลอดภัย) | แจ้งช่วงเช้า (hour=7) ซึ่งเป็นช่วงงานล้นของหน่วยงาน → มีโอกาส delay เล็กน้อย | พบ pattern ตัวอักษรที่ model เรียนรู้ว่าเกี่ยวข้องกับ breach (เช่น ถนน, กระ) | ความชื้นสูงมาก (humidity_high=100.0) → สภาพอากาศอาจทำให้การปฏิบัติงานล่าช้า",0.5825700642379702,1
,unknown,บางรัก,สุริยวงศ์,กรุงเทพมหานคร,,0,0,11,8,1,2024,100.52283,13.72462,low,90.06795582402778,35.0,23.0,94.0,28.0,1020.0,1008.0,0.0,low,ระดับความเร่งด่วน = LOW → ความเสี่ยงโดยพื้นฐานไม่สูงมาก | หมวดปัญหา unknown อยู่ในกลุ่มความเสี่ยงต่ำกว่า,0.8119206296179403,1
2024-AYGGDZ,cleaning,วัฒนา,พระโขนงเหนือ,กรุงเทพมหานคร,ตามที่ได้แจ้งผ่านไลน์ทรัฟเฟิลฟองดูขอให้แก้ไขปัญหาขยะบริเวณข้างบ้านให่้ เวลานี้ได้รับการแก้ไขแล้ว ต้องขอขอบคุณทุกหน่วยงานที่เกี่ยวข้องที่ทำให้พวกเรามีสิ่งแวดล้อมที่ดี สวยงาม หลังจากที่ต้องอยู่กับขยะมานานหลายสิบปีแล้ว##ระหว่างเวลาที่เร่งรัดให้ช่วยแก้ไขปัญหารีบด่วนนั้น ได้ใช้สายด่วน1550ของกทมให้ช่วยติดตามเร่งรัดให้ด้วย##ปรากฎว่านับตั้งแต่นั้นมา ตามหมายเลขโทรศัพท์ที่ใช้คือ086-033-0976 ไม่สามารถใช้โทร1550ได้อีกเลย ใช่เป็นเพราะถูกบล็อกการโทรเข้า1550หรือไม่อย่างไร? ##ขอให้แก้ไขให้ใช้งาน1550ได้อีก##,496,1,3,22,10,2024,100.58931,13.71948,mid,11.866649166648148,35.0,23.0,100.0,49.0,1014.0,1002.0,2.8,medium,"ระดับความเร่งด่วน = MID → มีโอกาส breach ปานกลาง | หมวดปัญหา cleaning เป็นหมวดเสี่ยงกลางๆ → เสี่ยงปานกลาง | แจ้งในช่วงกลางคืน/เช้ามืด (hour=3) → มีโอกาสจัดการได้ช้ากว่าช่วงกลางวัน | พบ pattern ตัวอักษรที่ model เรียนรู้ว่าเกี่ยวข้องกับ breach (เช่น งรั, สาม) | คำอธิบายยาวมาก (length=496) → มักเป็นเคสซับซ้อน/ร้องเรียนหลายประเด็น → เสี่ยง breach สูง | ความชื้นสูงมาก (humidity_high=100.0) → สภาพอากาศอาจทำให้การปฏิบัติงานล่าช้า",0.42937087557709325,0
2024-GNWYLA,road,บางพลัด,บางบำหรุ,กรุงเทพมหานคร,แจ้งเขตช่วยมาตรวจสอบ สำรวจ ในซอยจรัญ 65 ตั้งแต่แยก 1 ถึง แยก 12 พื้นทางเดินถนนตรงไหล่ทางทั้งสองข้างถนนซ้ายขวา ชำรุด แตก กร่อน ร่อน เป็นก้อนๆ และมีโพรงเป็นบ่อ หลุม ช่วยเข้ามาดำเนินการเทยาวให้เรียบเสมอตลอดเส้น ซึ่งซอยนี้คนเดินก็เยอะ รถวิ่งสวนทางก็เยอะ เข้าออก มีเด็ก ผู้สูงอายุหรือคนที่เดินไม่ได้มอง ตกหล่นไป หรือสะดุดหกล้มอันตรายมาก ท่อไหนยุบลงไป ก็ช่วยงัดขึ้นมา ช่วยเข้ามาเทพื้นในซอยให้เรียบเสมอ เพื่อความปลอดภัย,418,6,0,8,12,2024,100.49062,13.78322,high,12.46195016349537,34.0,19.0,94.0,35.0,1018.0,1006.0,3.7,high,"ระดับความเร่งด่วน = HIGH (ระบบกำหนด) → เสี่ยงต่อการ breach | หมวดปัญหา road เป็นหมวดเสี่ยงสูง (เช่น น้ำท่วม/ความปลอดภัย) | แจ้งในช่วงกลางคืน/เช้ามืด (hour=0) + หมวด road → อาจกระทบความปลอดภัยมาก | พบ pattern ตัวอักษรที่ model เรียนรู้ว่าเกี่ยวข้องกับ breach (เช่น ถนน,  ตั) | คำอธิบายยาวมาก (length=418) → มักเป็นเคสซับซ้อน/ร้องเรียนหลายประเด็น → เสี่ยง breach สูง",0.4007963741484589,0
2025-LP2N3L,road,วัฒนา,คลองเตยเหนือ,กรุงเทพมหานคร,ร้านตั้งหน้าร้านถาวรบนทางเท้า พอเปิดร้านช่วงเย็นก็ตั้งโต๊ะเก้าอี้เพิ่มบนทางเท้าจนไม่มีทางเดิน,93,1,0,7,1,2025,100.56402,13.73868,high,12.46195016349537,36.0,17.0,100.0,24.0,1021.0,1006.0,2.8,medium,ระดับความเร่งด่วน = HIGH (ระบบกำหนด) → เสี่ยงต่อการ breach | หมวดปัญหา road เป็นหมวดเสี่ยงสูง (เช่น น้ำท่วม/ความปลอดภัย) | แจ้งในช่วงกลางคืน/เช้ามืด (hour=0) + หมวด road → อาจกระทบความปลอดภัยมาก | ความชื้นสูงมาก (humidity_high=100.0) → สภาพอากาศอาจทำให้การปฏิบัติงานล่าช้า,0.004842442811009822,0
2024-KWD6LB,road,พระโขนง,บางจาก,กรุงเทพมหานคร,ถนนสุขุมวิทช่วงบางจากถึงปุณณวิถี ได้กลิ่นขยะเปียกเหม็นเหมือนรถขยะคว่ำ กลิ่นแรงมากตอนค่ำๆดึกๆกลิ่นชัด ช่วงนี้ได้กลิ่นทุกวันเลยค่ะ ไม่แน่ใจเกิดปัญหาอะไร ฝากแก้ไขด้วยนะคะ,167,3,14,12,12,2024,100.6092,13.68938,high,12.46195016349537,34.0,19.0,94.0,35.0,1018.0,1006.0,2.7,medium,"ระดับความเร่งด่วน = HIGH (ระบบกำหนด) → เสี่ยงต่อการ breach | หมวดปัญหา road เป็นหมวดเสี่ยงสูง (เช่น น้ำท่วม/ความปลอดภัย) | พบ pattern ตัวอักษรที่ model เรียนรู้ว่าเกี่ยวข้องกับ breach (เช่น ถนน, ุมว) | คำอธิบายยาว (length=167) → มีโอกาสเป็นเคสซับซ้อน",0.4834944719213184,0
2025-84T6EM,road,ราชเทวี,ถนนเพชรบุรี,กรุงเทพมหานคร,กิ่งไม้ยื่นบังเสาไฟและใบไม้ร่วงลงทางเดินและพื้นที่รอบๆ,54,1,9,14,1,2025,100.52094,13.75561,high,12.46195016349537,36.0,17.0,100.0,24.0,1021.0,1006.0,2.3,low,ระดับความเร่งด่วน = HIGH (ระบบกำหนด) → เสี่ยงต่อการ breach | หมวดปัญหา road เป็นหมวดเสี่ยงสูง (เช่น น้ำท่วม/ความปลอดภัย) | แจ้งช่วงเช้า (hour=9) ซึ่งเป็นช่วงงานล้นของหน่วยงาน → มีโอกาส delay เล็กน้อย | ความชื้นสูงมาก (humidity_high=100.0) → สภาพอากาศอาจทำให้การปฏิบัติงานล่าช้า,0.004615802817094585,0
VHC8LW,road,พระนคร,บวรนิเวศ,กรุงเทพมหานคร,ปัญหา: เบสท์ บนถนนดังกล่าว ช่วงจุดตัดกับถนนตะนาว ใกล้ป้อมตำรวจจราจร ฝั่งมุ่งหน้าไปอนุเสาวรีย์ประชาธิปไตย พบฝาท่อระบายน้ำ(ลักษณะฝาตะแกรงเหล็กสี่เหลี่ยม)ชำรุดเปิดเผยอเหนือผิวการจราจร จำนวน 1 ฝา บนผิวการจราจร ถนน: ราชดำเนินกลาง เขต: พระนคร #1555,243,6,11,7,1,2024,100.49899,13.75719,high,12.46195016349537,35.0,23.0,94.0,28.0,1020.0,1008.0,2.7,medium,"ระดับความเร่งด่วน = HIGH (ระบบกำหนด) → เสี่ยงต่อการ breach | หมวดปัญหา road เป็นหมวดเสี่ยงสูง (เช่น น้ำท่วม/ความปลอดภัย) | พบ pattern ตัวอักษรที่ model เรียนรู้ว่าเกี่ยวข้องกับ breach (เช่น ถนน,  รา) | คำอธิบายยาว (length=243) → มีโอกาสเป็นเคสซับซ้อน",0.5347130260458731,0
2024-K4HEZY,road,วัฒนา,คลองตันเหนือ,กรุงเทพมหานคร,ป้ายกีดขวางทางเดิน และบังมุมมองรถออกจากซอย,42,3,2,26,12,2024,100.5741,13.73658,high,12.46195016349537,34.0,19.0,94.0,35.0,1018.0,1006.0,2.5,low,ระดับความเร่งด่วน = HIGH (ระบบกำหนด) → เสี่ยงต่อการ breach | หมวดปัญหา road เป็นหมวดเสี่ยงสูง (เช่น น้ำท่วม/ความปลอดภัย) | แจ้งในช่วงกลางคืน/เช้ามืด (hour=2) + หมวด road → อาจกระทบความปลอดภัยมาก,0.384565027247668,0
2024-DMKEAE,lighting,พญาไท,สามเสนใน,กรุงเทพมหานคร,แท๊กซี่เปิดไฟว่างไม่รับ ผดส,27,3,13,8,2,2024,100.54015,13.79149,high,73.68319893052893,37.0,22.0,94.0,30.0,1021.0,1007.0,1.8,low,ระดับความเร่งด่วน = HIGH (ระบบกำหนด) → เสี่ยงต่อการ breach | หมวดปัญหา lighting เป็นหมวดเสี่ยงสูง (เช่น น้ำท่วม/ความปลอดภัย),0.6774326330051883,1
2024-GC42LQ,safety,คลองสาน,คลองต้นไทร,กรุงเทพมหานคร,โป๊ะเรือชำรุด มีน้ำรั่วเข้าด้านในโป๊ะ รบกวนตรวจสอบด้วยครับ เกรงว่าจะเกินอันตราย ต่อเด็กและประชาชน ซอยเจริญนคร 7 (มัสยิดสุวรรณภูมิ),130,2,8,21,8,2024,100.51188,13.72484,high,14.08306067712731,36.0,24.0,100.0,44.0,1012.0,1002.0,2.3,low,ระดับความเร่งด่วน = HIGH (ระบบกำหนด) → เสี่ยงต่อการ breach | หมวดปัญหา safety เป็นหมวดเสี่ยงสูง (เช่น น้ำท่วม/ความปลอดภัย) | แจ้งช่วงเช้า (hour=8) ซึ่งเป็นช่วงงานล้นของหน่วยงาน → มีโอกาส delay เล็กน้อย | ความชื้นสูงมาก (humidity_high=100.0) → สภาพอากาศอาจทำให้การปฏิบัติงานล่าช้า,0.36454384615233576,0
2024-79XQXA,road,บางพลัด,บางบำหรุ,กรุงเทพมหานคร,อยุ่เหมือนเดิมที่เดิม ขี้ เยี่ยว กินเหล้า เหมือนเดิม,52,6,12,14,1,2024,100.48729,13.78002,high,12.46195016349537,35.0,23.0,94.0,28.0,1020.0,1008.0,1.8,low,ระดับความเร่งด่วน = HIGH (ระบบกำหนด) → เสี่ยงต่อการ breach | หมวดปัญหา road เป็นหมวดเสี่ยงสูง (เช่น น้ำท่วม/ความปลอดภัย),0.5176052895337129,0
2024-8KBF62,noise,บางบอน,บางบอนใต้,กรุงเทพมหานคร,ขอแจ้งเรื่องเดิมเป็นครั้งที่2 เรื่องห้องอาบน้ำชายที่ไม่สามารถใช้งานได้ และใช้ไม่ได้มานานแล้ว ทุกอย่างยังนิ่งเหมือนเดิมครับ ติดที่หน่วยงานเดียวคือ 'การประปา' อยากให้ผู้มีอำนาจช่วยกระตุ้นเตือนหน่วยงานนี้ด้วยครับ ขอบคุณครับ,220,1,10,15,10,2024,100.39644,13.64449,mid,28.791555815460676,35.0,23.0,100.0,49.0,1014.0,1002.0,2.1,low,"ระดับความเร่งด่วน = MID → มีโอกาส breach ปานกลาง | หมวดปัญหา noise เป็นหมวดเสี่ยงกลางๆ → เสี่ยงปานกลาง | พบ pattern ตัวอักษรที่ model เรียนรู้ว่าเกี่ยวข้องกับ breach (เช่น กระ, สาม) | คำอธิบายยาว (length=220) → มีโอกาสเป็นเคสซับซ้อน | ความชื้นสูงมาก (humidity_high=100.0) → สภาพอากาศอาจทำให้การปฏิบัติงานล่าช้า",0.48138214338255436,0
2024-7WNK4M,road,สายไหม,สายไหม,กรุงเทพมหานคร,ถนนและฟุตบาลชำรุดเป็นหลุมขนาดกว้างและฟุตบาทเป็นหลุมใหญ่,55,0,23,30,9,2024,100.62301,13.9479,high,12.46195016349537,35.0,24.0,100.0,47.0,1013.0,999.0,3.5,high,"ระดับความเร่งด่วน = HIGH (ระบบกำหนด) → เสี่ยงต่อการ breach | หมวดปัญหา road เป็นหมวดเสี่ยงสูง (เช่น น้ำท่วม/ความปลอดภัย) | แจ้งในช่วงกลางคืน/เช้ามืด (hour=23) + หมวด road → อาจกระทบความปลอดภัยมาก | พบ pattern ตัวอักษรที่ model เรียนรู้ว่าเกี่ยวข้องกับ breach (เช่น ถนน, นาด) | ความชื้นสูงมาก (humidity_high=100.0) → สภาพอากาศอาจทำให้การปฏิบัติงานล่าช้า",0.48927835819712256,0
YRND8V,cleaning,สะพานสูง,สะพานสูง,กรุงเทพมหานคร,ปัญหา: ปากซอยดังกล่าว เลนขวาสุด บริเวณไซต์งานก่อสร้างรถไฟฟ้า พบมีน้ำไหลลงมาบนผิวการจราจรด้านล่าง เป็นจำนวนมาก ทำให้ผิวการจราจรลื่น เกรงอาจเป็นอันตรายกับรถที่สัญจรผ่านไป-มา หมายเหตุ ศูนย์กทม.1555 โทรประสานสำนักงานเขตสะพานสูง ฝ่ายรักษาความสะอาดและสวนสาธารณะ หมายเลข 023722918 เจ้าหน้าที่คุณสถาพร รับเรื่องประสานแจ้งหัวหน้างานให้ เมื่อวันที่ 2/4/2024 เวลา 10:09:16 (ธิดารัตน์/ประสาน) ซอย: รามคำแหง 140 ถนน: รามคำแหง เขต: สะพานสูง #1555,438,1,3,2,4,2024,100.68874,13.7848,mid,11.866649166648148,41.0,28.0,89.0,19.0,1012.0,1002.0,2.5,low,"ระดับความเร่งด่วน = MID → มีโอกาส breach ปานกลาง | หมวดปัญหา cleaning เป็นหมวดเสี่ยงกลางๆ → เสี่ยงปานกลาง | แจ้งในช่วงกลางคืน/เช้ามืด (hour=3) → มีโอกาสจัดการได้ช้ากว่าช่วงกลางวัน | พบ pattern ตัวอักษรที่ model เรียนรู้ว่าเกี่ยวข้องกับ breach (เช่น ถนน, างร) | คำอธิบายยาวมาก (length=438) → มักเป็นเคสซับซ้อน/ร้องเรียนหลายประเด็น → เสี่ยง breach สูง",0.637146860497472,1
2024-CBGWUQ,unknown,ลาดกระบัง,ลาดกระบัง,กรุงเทพมหานคร,รถฟันดำมากดำตลอดเวลาทะเบียนกรุงเทพมหานคร,40,3,10,17,10,2024,100.7424,13.72215,low,90.06795582402778,35.0,23.0,100.0,49.0,1014.0,1002.0,0.3,low,ระดับความเร่งด่วน = LOW → ความเสี่ยงโดยพื้นฐานไม่สูงมาก | หมวดปัญหา unknown อยู่ในกลุ่มความเสี่ยงต่ำกว่า | ความชื้นสูงมาก (humidity_high=100.0) → สภาพอากาศอาจทำให้การปฏิบัติงานล่าช้า,0.044701251347843265,0
2024-BCW9ND,road,บางนา,บางนาใต้,กรุงเทพมหานคร,ทางเท้าเเตกขรุขระหยุบ,21,4,4,14,6,2024,100.6053,13.66156,high,12.46195016349537,36.0,25.0,94.0,44.0,1012.0,1001.0,3.2,high,ระดับความเร่งด่วน = HIGH (ระบบกำหนด) → เสี่ยงต่อการ breach | หมวดปัญหา road เป็นหมวดเสี่ยงสูง (เช่น น้ำท่วม/ความปลอดภัย) | แจ้งในช่วงกลางคืน/เช้ามืด (hour=4) + หมวด road → อาจกระทบความปลอดภัยมาก | พบ pattern ตัวอักษรที่ model เรียนรู้ว่าเกี่ยวข้องกับ breach (เช่น หยุ),0.6973444310935856,1
2024-3P9K6X,unknown,วังทองหลาง,พลับพลา,กรุงเทพมหานคร,เรื่อง 2023-9PCGQR ยังไม่ได้รับการแก้ไข ไม่มีความคืบหน้า,56,5,3,13,1,2024,100.62241,13.77745,low,90.06795582402778,35.0,23.0,94.0,28.0,1020.0,1008.0,0.4,low,ระดับความเร่งด่วน = LOW → ความเสี่ยงโดยพื้นฐานไม่สูงมาก | หมวดปัญหา unknown อยู่ในกลุ่มความเสี่ยงต่ำกว่า | แจ้งในช่วงกลางคืน/เช้ามืด (hour=3) → มีโอกาสจัดการได้ช้ากว่าช่วงกลางวัน,0.16266138136326547,0
2024-GE4TQV,animal,บางนา,บางนาเหนือ,กรุงเทพมหานคร,มีคนให้ข้าวหมาแล้วหมาดุไล่เห่ากัดคนและสัตว์ หมาอยู่แฟลต7 ตัวสีดำ,64,2,2,11,12,2024,100.6403,13.6615,low,72.86693309369213,34.0,19.0,94.0,35.0,1018.0,1006.0,1.1,low,ระดับความเร่งด่วน = LOW → ความเสี่ยงโดยพื้นฐานไม่สูงมาก | หมวดปัญหา animal อยู่ในกลุ่มความเสี่ยงต่ำกว่า | แจ้งในช่วงกลางคืน/เช้ามืด (hour=2) → มีโอกาสจัดการได้ช้ากว่าช่วงกลางวัน | พบ pattern ตัวอักษรที่ model เรียนรู้ว่าเกี่ยวข้องกับ breach (เช่น  ตั),0.011753212083810046,0
NJE796,road,บางกะปิ,คลองจั่น,กรุงเทพมหานคร,ปัญหา: บริเวณถนนในซอยดังกล่าว มีการขุดเจาะถนนเสียงดังทั้งคืน พบเห็นมา1สัปดาห์แล้ว ทำให้ประชาชนไม่สามารถพักผ่อนได้ ซอย: โพธิ์แก้ว 3 ถนน: โพธิ์แก้ว เขต: บางกะปิ #1555,166,3,16,8,2,2024,100.63254,13.80514,high,12.46195016349537,37.0,22.0,94.0,30.0,1021.0,1007.0,2.7,medium,"ระดับความเร่งด่วน = HIGH (ระบบกำหนด) → เสี่ยงต่อการ breach | หมวดปัญหา road เป็นหมวดเสี่ยงสูง (เช่น น้ำท่วม/ความปลอดภัย) | พบ pattern ตัวอักษรที่ model เรียนรู้ว่าเกี่ยวข้องกับ breach (เช่น ถนน, สาม) | คำอธิบายยาว (length=166) → มีโอกาสเป็นเคสซับซ้อน",0.6929164672867975,1
2024-NXDWVT,unknown,ดุสิต,สี่แยกมหานาค,กรุงเทพมหานคร,มีเหล็กมาวางไว้กั้น,19,0,1,24,6,2024,100.51876,13.75582,low,90.06795582402778,36.0,25.0,94.0,44.0,1012.0,1001.0,0.4,low,ระดับความเร่งด่วน = LOW → ความเสี่ยงโดยพื้นฐานไม่สูงมาก | หมวดปัญหา unknown อยู่ในกลุ่มความเสี่ยงต่ำกว่า | แจ้งในช่วงกลางคืน/เช้ามืด (hour=1) → มีโอกาสจัดการได้ช้ากว่าช่วงกลางวัน,0.20552937468298377,0
2025-8XCKA4,road,ธนบุรี,ดาวคะนอง,กรุงเทพมหานคร,รถติดมากเนื่องจากมีการก่อสร้างและไม่มีเจ้าหน้าที่มาคอยดูแล,58,1,23,7,1,2025,100.4828,13.69802,high,12.46195016349537,36.0,17.0,100.0,24.0,1021.0,1006.0,2.8,medium,ระดับความเร่งด่วน = HIGH (ระบบกำหนด) → เสี่ยงต่อการ breach | หมวดปัญหา road เป็นหมวดเสี่ยงสูง (เช่น น้ำท่วม/ความปลอดภัย) | แจ้งในช่วงกลางคืน/เช้ามืด (hour=23) + หมวด road → อาจกระทบความปลอดภัยมาก | ความชื้นสูงมาก (humidity_high=100.0) → สภาพอากาศอาจทำให้การปฏิบัติงานล่าช้า,0.002604634156673268,0
2024-DMG2WB,road,ห้วยขวาง,บางกะปิ,กรุงเทพมหานคร,งงสัญญาณและป้ายตรงนี้มากค่ะ รบกวนขอคำอธิบายได้ไหมคะ สรุปเลี้ยวซ้ายผ่านตลอดหรือรอสัญญาณไฟ หรือแค่เลนซ้ายสุดเลี้ยวซ้ายผ่านตลอดไม่ต้องดูสัญญาณไฟคะ ไม่อยากทำผิดกฎจราจรโดนตำรวจจับ/ปรับค่ะ รบกวนด้วยค่ะ,195,6,8,15,12,2024,100.59137,13.74308,high,12.46195016349537,34.0,19.0,94.0,35.0,1018.0,1006.0,2.2,low,ระดับความเร่งด่วน = HIGH (ระบบกำหนด) → เสี่ยงต่อการ breach | หมวดปัญหา road เป็นหมวดเสี่ยงสูง (เช่น น้ำท่วม/ความปลอดภัย) | แจ้งช่วงเช้า (hour=8) ซึ่งเป็นช่วงงานล้นของหน่วยงาน → มีโอกาส delay เล็กน้อย | คำอธิบายยาว (length=195) → มีโอกาสเป็นเคสซับซ้อน,0.4381152389600962,0
2024-DEYFKZ,road,สัมพันธวงศ์,สัมพันธวงศ์,กรุงเทพมหานคร,ตุ๊กตุ๊ก แท๊กซี้จอด 2ช่องทางจราจร,33,2,14,8,5,2024,100.51106,13.73962,high,12.46195016349537,40.0,24.0,100.0,29.0,1014.0,1001.0,2.1,low,ระดับความเร่งด่วน = HIGH (ระบบกำหนด) → เสี่ยงต่อการ breach | หมวดปัญหา road เป็นหมวดเสี่ยงสูง (เช่น น้ำท่วม/ความปลอดภัย) | ความชื้นสูงมาก (humidity_high=100.0) → สภาพอากาศอาจทำให้การปฏิบัติงานล่าช้า,0.4496120599502267,0
2024-7MFR67,road,พระโขนง,บางจาก,กรุงเทพมหานคร,ป้ายเก่าที่แยกนี้หัก ยังไม่มีป้ายใหม่ตรงแยก 4 ต้องการให้นำป้ายใหม่มาติด,71,1,5,10,9,2024,100.6043,13.69521,high,12.46195016349537,35.0,24.0,100.0,47.0,1013.0,999.0,3.5,high,"ระดับความเร่งด่วน = HIGH (ระบบกำหนด) → เสี่ยงต่อการ breach | หมวดปัญหา road เป็นหมวดเสี่ยงสูง (เช่น น้ำท่วม/ความปลอดภัย) | แจ้งในช่วงกลางคืน/เช้ามืด (hour=5) + หมวด road → อาจกระทบความปลอดภัยมาก | พบ pattern ตัวอักษรที่ model เรียนรู้ว่าเกี่ยวข้องกับ breach (เช่น  4 , ัก ) | ความชื้นสูงมาก (humidity_high=100.0) → สภาพอากาศอาจทำให้การปฏิบัติงานล่าช้า",0.5437857991298142,0
2024-GEQVFB,unknown,ปทุมวัน,ลุมพินี,กรุงเทพมหานคร,brail block สีเหลืองตรงนี้เข้าไปชนเสาไฟฟ้าเลยครับ ต้องทำตัวเตือนที่เป็นปุ่มๆเพื่อที่คนพิการรู้ว่าข้างหน้ามีอุปสรรค,114,4,9,9,8,2024,100.5436,13.743,low,90.06795582402778,36.0,24.0,100.0,44.0,1012.0,1002.0,0.5,low,ระดับความเร่งด่วน = LOW → ความเสี่ยงโดยพื้นฐานไม่สูงมาก | หมวดปัญหา unknown อยู่ในกลุ่มความเสี่ยงต่ำกว่า | แจ้งช่วงเช้า (hour=9) ซึ่งเป็นช่วงงานล้นของหน่วยงาน → มีโอกาส delay เล็กน้อย | ความชื้นสูงมาก (humidity_high=100.0) → สภาพอากาศอาจทำให้การปฏิบัติงานล่าช้า,0.13861994925388887,0
2024-KGB26P,lighting,พญาไท,สามเสนใน,กรุงเทพมหานคร,ไฟส่องสว่าง ใต้ทางด่วนเสีย,26,4,10,24,5,2024,100.53392,13.77104,high,73.68319893052893,40.0,24.0,100.0,29.0,1014.0,1001.0,2.8,medium,ระดับความเร่งด่วน = HIGH (ระบบกำหนด) → เสี่ยงต่อการ breach | หมวดปัญหา lighting เป็นหมวดเสี่ยงสูง (เช่น น้ำท่วม/ความปลอดภัย) | พบ pattern ตัวอักษรที่ model เรียนรู้ว่าเกี่ยวข้องกับ breach (เช่น ใต้) | ความชื้นสูงมาก (humidity_high=100.0) → สภาพอากาศอาจทำให้การปฏิบัติงานล่าช้า,0.682032202736907,1
3V3EJT,road,ดอนเมือง,สนามบิน,กรุงเทพมหานคร,ปัญหา: ภายในซอยดังกล่าว พบมีน้ำท่วมขัง เนื่องจากฝนตกหนัก ปัจจุบันเวลา 18.15 น. ฝนยังคงตกอยู่จึงขอให้เจ้าหน้าที่เข้ามาเปิดประตูระบายน้ำ ซอย: วิภาวดีรังสิต 43/1 ถนน: วิภาวดีรังสิต เขต: ดอนเมือง #1555,198,4,11,20,9,2024,100.61538,13.94526,high,12.46195016349537,35.0,24.0,100.0,47.0,1013.0,999.0,3.0,medium,"ระดับความเร่งด่วน = HIGH (ระบบกำหนด) → เสี่ยงต่อการ breach | หมวดปัญหา road เป็นหมวดเสี่ยงสูง (เช่น น้ำท่วม/ความปลอดภัย) | พบ pattern ตัวอักษรที่ model เรียนรู้ว่าเกี่ยวข้องกับ breach (เช่น ถนน, ือง ) | คำอธิบายยาว (length=198) → มีโอกาสเป็นเคสซับซ้อน | ความชื้นสูงมาก (humidity_high=100.0) → สภาพอากาศอาจทำให้การปฏิบัติงานล่าช้า",0.6761789778841953,1
2024-C39KGL,road,ตลิ่งชัน,ฉิมพลี,กรุงเทพมหานคร,ขอให้ซ่อมแซมพื้นที่ถนนเนื่องจากมีหลุมขนาดใหญ่ และผิวถนนไม่เรียบ บริเวณทางลงทางกลับรถมาจากบางแคมุ่งหน้ามาถนนฉิมพลี ออกถนนสวนผัก แจ้งหลายรอบไม่ได้รับการปรับปรุงแก้ไข,163,1,5,12,11,2024,100.41215,13.79982,high,12.46195016349537,35.0,21.0,100.0,41.0,1016.0,1006.0,3.7,high,"ระดับความเร่งด่วน = HIGH (ระบบกำหนด) → เสี่ยงต่อการ breach | หมวดปัญหา road เป็นหมวดเสี่ยงสูง (เช่น น้ำท่วม/ความปลอดภัย) | แจ้งในช่วงกลางคืน/เช้ามืด (hour=5) + หมวด road → อาจกระทบความปลอดภัยมาก | พบ pattern ตัวอักษรที่ model เรียนรู้ว่าเกี่ยวข้องกับ breach (เช่น ถนน, ัก ) | คำอธิบายยาว (length=163) → มีโอกาสเป็นเคสซับซ้อน | ความชื้นสูงมาก (humidity_high=100.0) → สภาพอากาศอาจทำให้การปฏิบัติงานล่าช้า",0.47798599597509467,0
2024-A9XG9D,safety,บางซื่อ,วงศ์สว่าง,กรุงเทพมหานคร,ขอให้ดำเนินการแก้ไขปัญหาสายไฟอยู่ต่ำไม่เป็นระเบียบจนอันตราย ภายในชุมชนวัดเสาหิน ถนนวงศ์สว่าง เนื่องจากมีสายไฟอยู่ในระดับศีรษะและเสาที่ไม่มั่นคงแข็งแรง ซึ่งอาจเกิดอันตรายได้ ขอให้เร่งดำเนินการแก้ไขเพื่อความปลอดภัยของประชาชน,222,4,11,9,2,2024,100.51867,13.81702,high,14.08306067712731,37.0,22.0,94.0,30.0,1021.0,1007.0,2.7,medium,"ระดับความเร่งด่วน = HIGH (ระบบกำหนด) → เสี่ยงต่อการ breach | หมวดปัญหา safety เป็นหมวดเสี่ยงสูง (เช่น น้ำท่วม/ความปลอดภัย) | พบ pattern ตัวอักษรที่ model เรียนรู้ว่าเกี่ยวข้องกับ breach (เช่น ดับ, ถนน) | คำอธิบายยาว (length=222) → มีโอกาสเป็นเคสซับซ้อน",0.5998988472057755,1
2024-BMVU9R,road,คลองเตย,คลองตัน,กรุงเทพมหานคร,30/5/67 สภาพทางเท้าครับ สนย….,29,3,3,30,5,2024,100.55496,13.74103,high,12.46195016349537,40.0,24.0,100.0,29.0,1014.0,1001.0,2.8,medium,ระดับความเร่งด่วน = HIGH (ระบบกำหนด) → เสี่ยงต่อการ breach | หมวดปัญหา road เป็นหมวดเสี่ยงสูง (เช่น น้ำท่วม/ความปลอดภัย) | แจ้งในช่วงกลางคืน/เช้ามืด (hour=3) + หมวด road → อาจกระทบความปลอดภัยมาก | ความชื้นสูงมาก (humidity_high=100.0) → สภาพอากาศอาจทำให้การปฏิบัติงานล่าช้า,0.40069207946501495,0
2025-8FBW7L,lighting,บางแค,บางแคเหนือ,กรุงเทพมหานคร,ไฟส่องสว่างดับ,14,3,2,16,1,2025,100.37401,13.72276,high,73.68319893052893,36.0,17.0,100.0,24.0,1021.0,1006.0,3.5,high,ระดับความเร่งด่วน = HIGH (ระบบกำหนด) → เสี่ยงต่อการ breach | หมวดปัญหา lighting เป็นหมวดเสี่ยงสูง (เช่น น้ำท่วม/ความปลอดภัย) | แจ้งในช่วงกลางคืน/เช้ามืด (hour=2) + หมวด lighting → อาจกระทบความปลอดภัยมาก | พบ pattern ตัวอักษรที่ model เรียนรู้ว่าเกี่ยวข้องกับ breach (เช่น ดับ) | ความชื้นสูงมาก (humidity_high=100.0) → สภาพอากาศอาจทำให้การปฏิบัติงานล่าช้า,0.0019216318821395331,0
2024-MA6WPN,road,จอมทอง,บางมด,กรุงเทพมหานคร,มีรถจอดเสียอยู่เป็นอาทิตย์แล้ว แต่ไม่มีการเคลื่อนย้าย ทำให้กีดขวางการจราจรเป็นอย่างมาก,86,1,10,23,7,2024,100.4715,13.67969,high,12.46195016349537,36.0,24.0,100.0,47.0,1012.0,1001.0,2.1,low,ระดับความเร่งด่วน = HIGH (ระบบกำหนด) → เสี่ยงต่อการ breach | หมวดปัญหา road เป็นหมวดเสี่ยงสูง (เช่น น้ำท่วม/ความปลอดภัย) | ความชื้นสูงมาก (humidity_high=100.0) → สภาพอากาศอาจทำให้การปฏิบัติงานล่าช้า,0.42477259494218783,0
2024-7HMDME,noise,ดินแดง,ดินแดง,กรุงเทพมหานคร,ในซ.จิ๊ปดำริห์หน้าร้านซักอบผ้า ไฟข้างทางไม่ติดค่ะ อยากให้ช่วยมาเปลี่ยนไฟให้สว่างค่ะ,83,3,18,24,10,2024,100.57032,13.79099,mid,28.791555815460676,35.0,23.0,100.0,49.0,1014.0,1002.0,1.2,low,ระดับความเร่งด่วน = MID → มีโอกาส breach ปานกลาง | หมวดปัญหา noise เป็นหมวดเสี่ยงกลางๆ → เสี่ยงปานกลาง | ความชื้นสูงมาก (humidity_high=100.0) → สภาพอากาศอาจทำให้การปฏิบัติงานล่าช้า,0.3438951522988587,0
2024-43R9A9,road,วัฒนา,พระโขนงเหนือ,กรุงเทพมหานคร,อยากให้ยกเลิกเครื่องกั้นจุดปลอดภัยกลางเลนถนนตรงปากซอยปรีดีพนมยงค์3 เนื่องจากเป็นทางที่ประชาชนใช้สัญจรเป็นจำนวนมากในการไปขึ้น-ลงรถไฟฟ้าBTSพระโขนง ซึ้งบริเวณดังกล่าวมีชุมชนสุเหร่าบางบะเขือและถนนสุขุมวิท71ทั้งเส้นที่ประชาชนจะต้องใช้ซอยปรีดีฯ3เป็นเส้นทางไปขึ้นBTS เมื่อปิดตรงจุดเข้าซอยดังกล่าวทำให้ชาวบ้านเดือดร้อนเป็นจำนวนมากและก็ทำให้รถยนต์ติดอีกเนื่องจากรถที่ไปเข้าซอย3ก็ต้องย้อนเลนส์ขึ้นไปซึ่งอัตรายมากฯจึงอยากร้องเรียนให้หน่วยงานที่รับผิดชอบช่วยเหลือชาวบ้านหน่อยครับคือให้เอาที่กั้นที่ว่าออกเพื่อที่รถจักรยานยนต์จะได้เลี้ยวเข้าได้เพื่อหลีกเหลี่ยงอุบัติเหตุที่จะเกิดขึ้นซึ่งไม่อาจจะประเมินค่าชีวิตและทรัพย์สินได้นะครับ ขอขอบคุณมา ณ,631,1,3,26,3,2024,100.5948,13.71479,high,12.46195016349537,39.0,25.0,94.0,20.0,1016.0,1005.0,3.7,high,"ระดับความเร่งด่วน = HIGH (ระบบกำหนด) → เสี่ยงต่อการ breach | หมวดปัญหา road เป็นหมวดเสี่ยงสูง (เช่น น้ำท่วม/ความปลอดภัย) | แจ้งในช่วงกลางคืน/เช้ามืด (hour=3) + หมวด road → อาจกระทบความปลอดภัยมาก | พบ pattern ตัวอักษรที่ model เรียนรู้ว่าเกี่ยวข้องกับ breach (เช่น ถนน, งค์) | คำอธิบายยาวมาก (length=631) → มักเป็นเคสซับซ้อน/ร้องเรียนหลายประเด็น → เสี่ยง breach สูง",0.7563794750800358,1
2024-G7FMBG,road,วัฒนา,พระโขนงเหนือ,กรุงเทพมหานคร,รบกวน กสทช สั่ง ผู้รับเหมาช่วงผู้ให้บริการโทรคมนาคม เก็บสายสื่อสาร ไม่ให้เป็นอันตราย ต่อ ผู้สัญจรทางเท้า,104,2,8,8,5,2024,100.59477,13.71514,high,12.46195016349537,40.0,24.0,100.0,29.0,1014.0,1001.0,2.3,low,ระดับความเร่งด่วน = HIGH (ระบบกำหนด) → เสี่ยงต่อการ breach | หมวดปัญหา road เป็นหมวดเสี่ยงสูง (เช่น น้ำท่วม/ความปลอดภัย) | แจ้งช่วงเช้า (hour=8) ซึ่งเป็นช่วงงานล้นของหน่วยงาน → มีโอกาส delay เล็กน้อย | ความชื้นสูงมาก (humidity_high=100.0) → สภาพอากาศอาจทำให้การปฏิบัติงานล่าช้า,0.589035531010484,1
2024-MCWZVD,road,คลองเตย,คลองเตย,กรุงเทพมหานคร,มี แผ่นเหล็กและหลุมขนาดใหญ่ พื้นถนนไม่เรียบ,43,5,11,4,5,2024,100.56711,13.71901,high,12.46195016349537,40.0,24.0,100.0,29.0,1014.0,1001.0,2.8,medium,"ระดับความเร่งด่วน = HIGH (ระบบกำหนด) → เสี่ยงต่อการ breach | หมวดปัญหา road เป็นหมวดเสี่ยงสูง (เช่น น้ำท่วม/ความปลอดภัย) | พบ pattern ตัวอักษรที่ model เรียนรู้ว่าเกี่ยวข้องกับ breach (เช่น ถนน, นาด) | ความชื้นสูงมาก (humidity_high=100.0) → สภาพอากาศอาจทำให้การปฏิบัติงานล่าช้า",0.538593757184515,0
2024-BVKC9L,road,ปทุมวัน,ลุมพินี,กรุงเทพมหานคร,ทางเท้ากระเบื้องทางเท้าแตกขรุขระ ไม่ทราบว่ามีการซ่อมทางเท้าเกาะกลางด้วยหรือไม่ สภาพทรุดโทรมมาก,94,5,8,24,8,2024,100.53874,13.73438,high,12.46195016349537,36.0,24.0,100.0,44.0,1012.0,1002.0,3.0,medium,"ระดับความเร่งด่วน = HIGH (ระบบกำหนด) → เสี่ยงต่อการ breach | หมวดปัญหา road เป็นหมวดเสี่ยงสูง (เช่น น้ำท่วม/ความปลอดภัย) | แจ้งช่วงเช้า (hour=8) ซึ่งเป็นช่วงงานล้นของหน่วยงาน → มีโอกาส delay เล็กน้อย | พบ pattern ตัวอักษรที่ model เรียนรู้ว่าเกี่ยวข้องกับ breach (เช่น มมา, กระ) | ความชื้นสูงมาก (humidity_high=100.0) → สภาพอากาศอาจทำให้การปฏิบัติงานล่าช้า",0.7389779055145204,1
2024-KHH9ZN,road,บางซื่อ,บางซื่อ,กรุงเทพมหานคร,ฟุตบาทเต็มไปด้วยวัชพืชรกเต็มไปหมด รบกวนตรวจสอบเจ้าหน้าที่ผู้รับผิดชอบและดำเนินการแก้ไขให้ด้วยครับ ขอบคุณครับ,108,6,5,14,7,2024,100.54226,13.81159,high,12.46195016349537,36.0,24.0,100.0,47.0,1012.0,1001.0,3.5,high,"ระดับความเร่งด่วน = HIGH (ระบบกำหนด) → เสี่ยงต่อการ breach | หมวดปัญหา road เป็นหมวดเสี่ยงสูง (เช่น น้ำท่วม/ความปลอดภัย) | แจ้งในช่วงกลางคืน/เช้ามืด (hour=5) + หมวด road → อาจกระทบความปลอดภัยมาก | พบ pattern ตัวอักษรที่ model เรียนรู้ว่าเกี่ยวข้องกับ breach (เช่น หมด, บาท) | ความชื้นสูงมาก (humidity_high=100.0) → สภาพอากาศอาจทำให้การปฏิบัติงานล่าช้า",0.6055759115110462,1
8PZ3GX,safety,ธนบุรี,สำเหร่,กรุงเทพมหานคร,ปัญหา: ภายในซอยดังกล่าว พบมีอุบัติเหตุและเป็นต้นเหตุของความเสียหายได้ในอนาคต หากไม่มีคันชะลอความเร็ว จึงขอให้ติดตั้งคันชะลอความเร็ว (ลูกระนาด) เพื่อลดความเร็ว ซึ่งปัญหานี้ได้เคยแจ้งทางไลน์ Traffy Fondue แล้ว แต่ปัญหายังไม่ได้รับการแก้ไข และขอให้ปรับปรุงทำงานของเจ้าหน้าที่ฝ่ายต่างๆทุกฝ่าย ในการทำงานให้ดีและรวดเร็วยิ่งขึ้น ไม่ใช่ต้องไปทำประชาวิจารณ์และค่อยดำเนินการต่างๆ ซึ่งมีความล่าช้ามาก และระบบTraffy Fondue ทำงานล่าช้าทำให้เรื่องตกค้างไม่สามารถติดตามผลได้ ซอย: สมเด็จพระเจ้าตากสิน 21 ถนน: สมเด็จพระเจ้าตากสิน เขต: ธนบุรี #1555,533,0,7,1,7,2024,100.48828,13.71192,high,14.08306067712731,36.0,24.0,100.0,47.0,1012.0,1001.0,3.5,high,"ระดับความเร่งด่วน = HIGH (ระบบกำหนด) → เสี่ยงต่อการ breach | หมวดปัญหา safety เป็นหมวดเสี่ยงสูง (เช่น น้ำท่วม/ความปลอดภัย) | แจ้งช่วงเช้า (hour=7) ซึ่งเป็นช่วงงานล้นของหน่วยงาน → มีโอกาส delay เล็กน้อย | พบ pattern ตัวอักษรที่ model เรียนรู้ว่าเกี่ยวข้องกับ breach (เช่น ถนน, หาย) | คำอธิบายยาวมาก (length=533) → มักเป็นเคสซับซ้อน/ร้องเรียนหลายประเด็น → เสี่ยง breach สูง | ความชื้นสูงมาก (humidity_high=100.0) → สภาพอากาศอาจทำให้การปฏิบัติงานล่าช้า",0.3418749331338595,0
MXH4NA,road,บางเขน,อนุสาวรีย์,กรุงเทพมหานคร,ปัญหา: เรื่องเดิม บริเวณถนนดังกล่าว ฝั่งขาเข้า (มีนบุรี) ช่วง กม.2- กม.9 เลยห้างสรรพสินค้าเซ็นทรัล รามอินทรา พบพื้นผิวถนนชำรุด ไม่เรียบเสมอกัน มีลักษณะเป็นคลื่น อ้างอิงเลขที่ร้องทุกข์ NR99BU เมื่อวันที่ 7 ก.พ. 67 เจ้าหน้าที่ตอบกลับมาว่า ฝ่ายโยธา เขตบางเขน ส่งต่อไปยัง กรมทางหลวง ปัจจุบันผู้ร้องแจ้งว่า ยังไม่ได้รับการแก้ไข แจ้งเรื่องเข้ามานานแล้ว ยังพบพื้นผิวถนนชำรุด ไม่เรียบเสมอกัน มีลักษณะเป็นคลื่น เช่นเดิม ถนน: รามอินทรา เขต: บางเขน #1555,445,1,4,26,3,2024,100.61607,13.86348,high,12.46195016349537,39.0,25.0,94.0,20.0,1016.0,1005.0,3.7,high,"ระดับความเร่งด่วน = HIGH (ระบบกำหนด) → เสี่ยงต่อการ breach | หมวดปัญหา road เป็นหมวดเสี่ยงสูง (เช่น น้ำท่วม/ความปลอดภัย) | แจ้งในช่วงกลางคืน/เช้ามืด (hour=4) + หมวด road → อาจกระทบความปลอดภัยมาก | พบ pattern ตัวอักษรที่ model เรียนรู้ว่าเกี่ยวข้องกับ breach (เช่น ถนน, อบก) | คำอธิบายยาวมาก (length=445) → มักเป็นเคสซับซ้อน/ร้องเรียนหลายประเด็น → เสี่ยง breach สูง",0.6660299663917749,1
2024-D4WAWA,unknown,บางแค,บางไผ่,กรุงเทพมหานคร,ไฟสาธารณะดับ เสาไม่มีเลข ริม ถ.นครลุงอยู่ก่อนเสา ท74 จุดสังเกตอยู่บริเวณโค้งก่อนถึง ซ.นครลุง17 ประมาณ 10 เมตร ถ.นครลุง เขตบางแค,127,1,12,25,6,2024,100.37805,13.73197,low,90.06795582402778,36.0,25.0,94.0,44.0,1012.0,1001.0,0.7,low,"ระดับความเร่งด่วน = LOW → ความเสี่ยงโดยพื้นฐานไม่สูงมาก | หมวดปัญหา unknown อยู่ในกลุ่มความเสี่ยงต่ำกว่า | พบ pattern ตัวอักษรที่ model เรียนรู้ว่าเกี่ยวข้องกับ breach (เช่น ดับ,  เสา)",0.1504461524399791,0
2024-LQGD6Q,noise,สะพานสูง,สะพานสูง,กรุงเทพมหานคร,"มีกลุ่มบุคคลมาใช้สถานที่สวนสาธารณะใน ซอยนักกีฬาแหลมทอง 3 หมู่บ้านนักกีฬาแหลมทอง ความเดือดร้อนประกอบไปด้วย - เปิดเพลงเสียงดังเป็นเวลานานตั้งแต่เวลา 19.00 - 22.50 (แจ้งตำรวจในพื้นที่ตั้งแต่เวลา 22.00 เจ้าหน้าที่แจ้งว่าประสานประธารกรรมการหมู่บ้านนักกีฬาแหลมทองแล้ว ให้แจ้งผู้จัดงานให้ปิดเครื่องเสียงตามเวลายามวิกาล - ทำลายรั้ว เอารถเข้ามาในสนามกีฬา - นำสุราเข้ามาในสวนสาธารณะ - สูบบุหรี่ในสวนสาธารณะ - มีอื่น ๆ อีกมากมาย จะมีการลงโทษผู้กระผิดอย่างไร ปีหน้าจะให้มีการจัดอีกไหม หากอ้างอิงตาม ประกาศคณะกรรมการสิ่งแวดล้อมแห่งชาติ ฉบับที่ 15 (พ.ศ. 2540) เรื่อง กำหนด มาตรฐานระดับเสียงโดยทั่วไป ออกโดยอาศัยอำนาจตามมาตรา 32(5) แห่งพระราชบัญญัติส่งเสริมและรักษา คุณภาพสิ่งแวดล้อม พ.ศ. 2535 มีการระบุเกี่ยวกับการใช้เสียงไว้ว่า 1.ค่าระดับเสียงเฉลี่ย 24 ชั่วโมง ไม่เกิน 70 เดซิเบล 2.ค่าระดับเสียงสูงสุด ไม่เกิน 115 เดซิเบลเอ ส่วนกฎหมายเสียงรบกวนของประเทศไทยในปัจจุบัน สำหรับเสียงรบกวนยามวิกาล (22.00-06.00 น.) จะใช้เกณฑ์ความแตกต่างจากระดับเสียงพื้นฐาน ต้องไม่เกิน 10 เดซิเบลเอ สำหรับโทษกรณีหากเพื่อนบ้าน หรือหน่วยงานใกล้เคียงในชุมชน ส่งเสียงดังรบกวนไม่ว่าจะเป็นการพูดคุย เปิดเพลง หรือสังสรรค์เสียงดังโดยไม่มีเหตุจำเป็น ถือเป็นความผิดตามประมวลกฎหมายอาญาในมาตราต่าง ๆ ดังนี้ - มาตรา 370 ผู้ใดส่งเสียง ทำให้เกิดเสียงหรือกระทำความอื้ออึงโดยไม่มีเหตุอันสมควร จนทำให้ประชาชนตกใจหรือเดือดร้อน ต้องระวางโทษปรับไม่เกิน 1,000 บาท - มาตรา 397 ผู้ใดกระทำด้วยประการใดๆ ต่อผู้อื่น อันเป็นการรังแก ข่มเหง คุกคาม หรือกระทำให้ได้รับความอับอายหรือเดือดร้อนรำคาญ ต้องระวางโทษปรับไม่เกิน 5,000 บาท ถ้าการกระทำความผิดตามวรรคหนึ่งเป็นการกระทำในที่สาธารณสถานหรือต่อหน้าธารกำนัลหรือเป็นการกระทำอันมีลักษณะส่อไปในทางที่จะล่วงเกินทางเพศ ต้องระวางโทษจำคุกไม่เกิน 1 เดือน หรือปรับไม่เกิน 10,000 บาท หรือทั้งจำทั้งปรับ - มาตรา 90 เมื่อการกระทำใดอันเป็นกรรมเดียวเป็นความผิดต่อกฎหมายหลายบท ให้ใช้กฎหมายบทที่มีโทษหนักที่สุดลงโทษแก่ผู้กระทำความผิด สรุป หากเพื่อนบ้านหรือสถานที่ใกล้เคียงทำเสียงดังจนทำให้เกิดความเดือดร้อนรำคาญ ก็สามารถแจ้งฟ้องได้ และเพื่อนบ้านอาจโดนปรับไม่เกิน 5 พันบาท หากเสียงดังต่อหน้าคนจำนวนมาก ก็อาจโดนโทษสูงสุดจำคุก 1 เดือน และปรับ 1 หมื่นบาท",2039,6,4,24,11,2024,100.69372,13.74222,mid,28.791555815460676,35.0,21.0,100.0,41.0,1016.0,1006.0,2.8,medium,"ระดับความเร่งด่วน = MID → มีโอกาส breach ปานกลาง | หมวดปัญหา noise เป็นหมวดเสี่ยงกลางๆ → เสี่ยงปานกลาง | แจ้งในช่วงกลางคืน/เช้ามืด (hour=4) → มีโอกาสจัดการได้ช้ากว่าช่วงกลางวัน | พบ pattern ตัวอักษรที่ model เรียนรู้ว่าเกี่ยวข้องกับ breach (เช่น ดับ, มมา) | คำอธิบายยาวมาก (length=2039) → มักเป็นเคสซับซ้อน/ร้องเรียนหลายประเด็น → เสี่ยง breach สูง | ความชื้นสูงมาก (humidity_high=100.0) → สภาพอากาศอาจทำให้การปฏิบัติงานล่าช้า",0.4357272789820867,0
2024-D7T3KN,road,บางซื่อ,บางซื่อ,กรุงเทพมหานคร,ทางม้าลายไม่ปลอดภัย 1. ขาดการทาสีทางม้าลาย สีแดง 2. ขาดทางลงลาดชันเพื่อให้รถเข็น ผู้พิการ,90,3,11,24,10,2024,100.53371,13.80551,high,12.46195016349537,35.0,23.0,100.0,49.0,1014.0,1002.0,2.8,medium,ระดับความเร่งด่วน = HIGH (ระบบกำหนด) → เสี่ยงต่อการ breach | หมวดปัญหา road เป็นหมวดเสี่ยงสูง (เช่น น้ำท่วม/ความปลอดภัย) | พบ pattern ตัวอักษรที่ model เรียนรู้ว่าเกี่ยวข้องกับ breach (เช่น าลา) | ความชื้นสูงมาก (humidity_high=100.0) → สภาพอากาศอาจทำให้การปฏิบัติงานล่าช้า,0.5840571114047188,1
2024-HAXPQ3,road,ดุสิต,ถนนนครไชยศรี,กรุงเทพมหานคร,ถนนนครไชยศรี จากสามเสนมุ่งหน้าร่วมจิตต์ มีวินจักรยานยนต์รับจ้างเอากรวยจราจรมากั้นเป็นพื้นที่จอดรถของวิน 2-3 จุดตลอดแนวถนน โดยจอดในลักษณะกีดขวางช่องทางจราจรฝั่งซ้ายซึ่งเป็นพื้นที่ขาวแดงและมีป้ายห้ามจอดตลอดแนวด้วย เคยแจ้งเจ้าหน้าที่ที่เกี่ยวข้องหลายรอบแล้ว แม้จะเคยมีการแจ้งลงพื้นที่ของเจ้าหน้าที่ตำรวจแล้ว แต่ก็ยังเห็นจอดกันปกติเหมือนเดิม,337,0,3,16,9,2024,100.51265,13.78494,high,12.46195016349537,35.0,24.0,100.0,47.0,1013.0,999.0,4.0,high,"ระดับความเร่งด่วน = HIGH (ระบบกำหนด) → เสี่ยงต่อการ breach | หมวดปัญหา road เป็นหมวดเสี่ยงสูง (เช่น น้ำท่วม/ความปลอดภัย) | แจ้งในช่วงกลางคืน/เช้ามืด (hour=3) + หมวด road → อาจกระทบความปลอดภัยมาก | พบ pattern ตัวอักษรที่ model เรียนรู้ว่าเกี่ยวข้องกับ breach (เช่น ถนน, สาม) | คำอธิบายยาวมาก (length=337) → มักเป็นเคสซับซ้อน/ร้องเรียนหลายประเด็น → เสี่ยง breach สูง | ความชื้นสูงมาก (humidity_high=100.0) → สภาพอากาศอาจทำให้การปฏิบัติงานล่าช้า",0.5365829994964753,0
TPZF6E,road,ลาดพร้าว,ลาดพร้าว,กรุงเทพมหานคร,ปัญหา: เดิมแจ้งเรื่อง บริเวณดังกล่าว พบกลุ่มวัยรุ่นมักมาจับกลุ่มซ้อมชกมวยเสียงดังรบกวน ประชาชนต้องการให้เจ้าหน้าที่เข้ามาล้อมรั้ว ในช่วงเวลาตั้งแต่ 19.00 น. เป็นต้นไป โดยกลุ่มผู้ชกมวยจะมาเป็นบางวัน และต้องการให้ล้อมรั้วบ่อพักทั้งทางซ้ายและทางขวา ความกว้าง 4*4 เมตร สูง 70 เซนติเมตร เพื่อไม่ให้กลุ่มเยาวชนสามารถใช้เป็นที่ชกมวยได้ อ้างอิงเลขที่รับแจ้ง DXVUWY เจ้าหน้าที่ตอบกลับมาเมื่อวันที่ 26 ส.ค. 67 กำลังดำเนินการในส่วนที่เกี่ยวข้อง ผู้ร้องแจ้งว่า ปัญหายังไม่ได้รับการแก้ไข ยังคงมีการรวมตัวของกลุ่มวัยรุ่น ผุ้ค้าของเก่า และเด็กนักเรียนหลังเลิกเรียนเข้ามาเล่นฟุตบอลและปาขวดเบียร์ใส่บ้านประชาชนเสียงดังรบกวน จึงยังต้องการให้มีการล้อมรั้วตามที่เคยได้แจ้งไว้ก่อนหน้านี้ ถนน: เสนานิคม 1 จุดสังเกต: บริเวณใต้สะพานวังหิน ริมคลองลาดพร้าว หน้าฉัตรสาครอพาร์ทเม้นท์ เขต: ลาดพร้าว #1555,780,4,10,20,12,2024,100.59031,13.8321,high,12.46195016349537,34.0,19.0,94.0,35.0,1018.0,1006.0,3.0,medium,"ระดับความเร่งด่วน = HIGH (ระบบกำหนด) → เสี่ยงต่อการ breach | หมวดปัญหา road เป็นหมวดเสี่ยงสูง (เช่น น้ำท่วม/ความปลอดภัย) | พบ pattern ตัวอักษรที่ model เรียนรู้ว่าเกี่ยวข้องกับ breach (เช่น ถนน, ใต้) | คำอธิบายยาวมาก (length=780) → มักเป็นเคสซับซ้อน/ร้องเรียนหลายประเด็น → เสี่ยง breach สูง",0.4706267034087332,0
2024-3KF2BE,road,บางคอแหลม,บางโคล่,กรุงเทพมหานคร,รถบรรทุกเกิน 10 ล้อป้ายทะเบียน 70-8599 ราชบุรี ฝ่าฝืนขับขึ้นสะพานข้ามแยก (22/11/24 เวลา 22.06 น.) น่าจะเป็นความผิดตามกฎหมายว่าด้วยจราจรทางบก รบกวนดำเนินการปรับด้วยครับ และทำให้สะพานขำรุดไวกว่าเวลาอันสมควร โปรดดำเนินการอย่างเคร่งครัดด้วยครับ,242,4,15,22,11,2024,100.51947,13.6864,high,12.46195016349537,35.0,21.0,100.0,41.0,1016.0,1006.0,3.0,medium,"ระดับความเร่งด่วน = HIGH (ระบบกำหนด) → เสี่ยงต่อการ breach | หมวดปัญหา road เป็นหมวดเสี่ยงสูง (เช่น น้ำท่วม/ความปลอดภัย) | พบ pattern ตัวอักษรที่ model เรียนรู้ว่าเกี่ยวข้องกับ breach (เช่น นสะ,  รา) | คำอธิบายยาว (length=242) → มีโอกาสเป็นเคสซับซ้อน | ความชื้นสูงมาก (humidity_high=100.0) → สภาพอากาศอาจทำให้การปฏิบัติงานล่าช้า",0.4147779940639557,0
2024-EMVQTK,road,บางซื่อ,วงศ์สว่าง,กรุงเทพมหานคร,ทางเท้าใต้สะพานตรงข้ามห้างบ้๊กซี วงศ์สว่าง เป็นหลุมใหญ่มาก,58,0,12,8,1,2024,100.52778,13.82772,high,12.46195016349537,35.0,23.0,94.0,28.0,1020.0,1008.0,2.5,low,ระดับความเร่งด่วน = HIGH (ระบบกำหนด) → เสี่ยงต่อการ breach | หมวดปัญหา road เป็นหมวดเสี่ยงสูง (เช่น น้ำท่วม/ความปลอดภัย) | พบ pattern ตัวอักษรที่ model เรียนรู้ว่าเกี่ยวข้องกับ breach (เช่น ใต้),0.6592826434843888,1
2025-GA98XL,road,ดุสิต,ถนนนครไชยศรี,กรุงเทพมหานคร,เวลา 23.00 น. บริษัทรับเหมา อ้างว่าต้องมาเจาะถนน วางแนวท่อประปา ที่ถนนสามเสน ใกล้ปากซอยสามเสน28 ซึ่งมีทั้งเสียงเจาะที่ดังสนั่นและฝุ่นควัน กระทบ ชาวบ้านประชาชน ซึ่งเป็นเวลานอน,174,3,16,9,1,2025,100.51579,13.79047,high,12.46195016349537,36.0,17.0,100.0,24.0,1021.0,1006.0,3.0,medium,"ระดับความเร่งด่วน = HIGH (ระบบกำหนด) → เสี่ยงต่อการ breach | หมวดปัญหา road เป็นหมวดเสี่ยงสูง (เช่น น้ำท่วม/ความปลอดภัย) | พบ pattern ตัวอักษรที่ model เรียนรู้ว่าเกี่ยวข้องกับ breach (เช่น ถนน, กระ) | คำอธิบายยาว (length=174) → มีโอกาสเป็นเคสซับซ้อน | ความชื้นสูงมาก (humidity_high=100.0) → สภาพอากาศอาจทำให้การปฏิบัติงานล่าช้า",0.005739622164683052,0
2024-C9D3C6,road,บางเขน,อนุสาวรีย์,กรุงเทพมหานคร,ฟุตบาทที่เป็นทางเดินของผู้พิการทางสายตาเละกระดกขึ้นมาเยอะมากเลยครับกลัวจะเป็นอันตรายนะครับ,90,6,12,24,11,2024,100.5974,13.87513,high,12.46195016349537,35.0,21.0,100.0,41.0,1016.0,1006.0,2.8,medium,"ระดับความเร่งด่วน = HIGH (ระบบกำหนด) → เสี่ยงต่อการ breach | หมวดปัญหา road เป็นหมวดเสี่ยงสูง (เช่น น้ำท่วม/ความปลอดภัย) | พบ pattern ตัวอักษรที่ model เรียนรู้ว่าเกี่ยวข้องกับ breach (เช่น กระ, บาท) | ความชื้นสูงมาก (humidity_high=100.0) → สภาพอากาศอาจทำให้การปฏิบัติงานล่าช้า",0.43121473937471705,0
2024-ADFQ2R,road,ห้วยขวาง,บางกะปิ,กรุงเทพมหานคร,ไฟจราจรชำรุด,12,1,5,16,1,2024,100.56916,13.75212,high,12.46195016349537,35.0,23.0,94.0,28.0,1020.0,1008.0,2.5,low,ระดับความเร่งด่วน = HIGH (ระบบกำหนด) → เสี่ยงต่อการ breach | หมวดปัญหา road เป็นหมวดเสี่ยงสูง (เช่น น้ำท่วม/ความปลอดภัย) | แจ้งในช่วงกลางคืน/เช้ามืด (hour=5) + หมวด road → อาจกระทบความปลอดภัยมาก,0.5180625460485321,0
2025-FFRWDE,noise,จตุจักร,จันทรเกษม,กรุงเทพมหานคร,ปัญหาเดอมตามที่เคยแจ้งไป และเจ้าหน้าที่ได้เปิดเคสไปหลายครั้ง แต่ปัญหายังคงเกิดขึ้น มีทั้งเจ้าหน้าที่เทศกิจ ตำรวจมาหลายครั้งแต่คนในบ้านยังทำพฤติกรรมเช่นเดิม เสียงดัง มั่วสุม มีการสูบบุหรี่ไฟฟ้าแบบเห็นได้ชัด เหมือนเป็นการทำตัวเย้ยกฎหมายและเจ้าหน้าที่ ปัญหาเสียงดังมั่วสุมเกิดต่อเนื่องมาเป็นเดือน ไม่ได้รับการแก้ไขเลย ปิดเคไปกี่ครั้งๆก็เหมือนเดิม (ตามรูปแนบ) อยากให้แก้ปัญหาอย่างจริงจัง เพราะที่ผ่านๆมาเหมือนเจ้าหน้าที่มาแฉยๆ สอบถาม 2-3 ประโยคถ่ายรูป ปิดเคส จบงาน ก็กลับไป เคสนี้บ่งบอกได้ถึงความไม่มีจิตสำนึกของคนก่อเหตุได้ชัดมาก และทำให้ภาพลักษ์ของเจ้าหน้าที่ที่มาทำานเสียไปด้วย เพราะคนก่อเหตุไม่เกรงกลัวใดๆ ยังทำพฤติกรรมเเดิมๆและทำเสียงดังมั่วสุม เยาะเย้ยเจ้าหน้าที่หนักขึ้น,673,6,6,12,1,2025,100.58326,13.82299,mid,28.791555815460676,36.0,17.0,100.0,24.0,1021.0,1006.0,2.5999999999999996,low,ระดับความเร่งด่วน = MID → มีโอกาส breach ปานกลาง | หมวดปัญหา noise เป็นหมวดเสี่ยงกลางๆ → เสี่ยงปานกลาง | แจ้งช่วงเช้า (hour=6) ซึ่งเป็นช่วงงานล้นของหน่วยงาน → มีโอกาส delay เล็กน้อย | พบ pattern ตัวอักษรที่ model เรียนรู้ว่าเกี่ยวข้องกับ breach (เช่น หาย) | คำอธิบายยาวมาก (length=673) → มักเป็นเคสซับซ้อน/ร้องเรียนหลายประเด็น → เสี่ยง breach สูง | ความชื้นสูงมาก (humidity_high=100.0) → สภาพอากาศอาจทำให้การปฏิบัติงานล่าช้า,0.0036882351743867158,0
2025-4FYF2M,road,สะพานสูง,สะพานสูง,กรุงเทพมหานคร,มีรถบรรทุก 6 ล้อคาดว่าน่าจะเป็นของลูกบ้านในหมู่บ้านพลีโน่ พระราม9-กรุงเทพกรีฑา2 จะมาจอดที่ถนนหน้าหมู่บ้านเป็นประจำ เนื่องจากตอนนี้ถนนยกเป็นพื้นที่สาธารณะไปแล้วคิดว่าไม่สมควรมาจอดในจุดนี้อีกแล้ว พอจะเป็นไปได้ไหมที่จะเสนอให้เจ้าของรถไปหาเช่าที่จอดรถให้เป็นเรื่องเป็นราวแทนที่จะมาจอดแปะบนถนนที่เป็นที่สาธารณะไปแล้ว รวมถึงรถเล็กที่ชอบมาจอดหน้าหมู่บ้านด้วยครับ,355,6,5,5,1,2025,100.70612,13.74594,high,12.46195016349537,36.0,17.0,100.0,24.0,1021.0,1006.0,4.0,high,"ระดับความเร่งด่วน = HIGH (ระบบกำหนด) → เสี่ยงต่อการ breach | หมวดปัญหา road เป็นหมวดเสี่ยงสูง (เช่น น้ำท่วม/ความปลอดภัย) | แจ้งในช่วงกลางคืน/เช้ามืด (hour=5) + หมวด road → อาจกระทบความปลอดภัยมาก | พบ pattern ตัวอักษรที่ model เรียนรู้ว่าเกี่ยวข้องกับ breach (เช่น ถนน, มถึ) | คำอธิบายยาวมาก (length=355) → มักเป็นเคสซับซ้อน/ร้องเรียนหลายประเด็น → เสี่ยง breach สูง | ความชื้นสูงมาก (humidity_high=100.0) → สภาพอากาศอาจทำให้การปฏิบัติงานล่าช้า",0.01040172235242672,0
